date,event_id,category,category_ko,brand,merchant_type,discount_pct,discount_type,views,likes
2025-08-21,s0001,living,리빙,롯데하이마트,브랜드,20.0,percent,60,3
2025-08-22,s0001,living,리빙,롯데하이마트,브랜드,20.0,percent,73,4
2025-08-23,s0001,living,리빙,롯데하이마트,브랜드,20.0,percent,29,2
2025-08-24,s0001,living,리빙,롯데하이마트,브랜드,20.0,percent,50,3
2025-08-25,s0001,living,리빙,롯데하이마트,브랜드,20.0,percent,31,1
2025-08-26,s0001,living,리빙,롯데하이마트,브랜드,20.0,percent,36,2
2025-08-27,s0001,living,리빙,롯데하이마트,브랜드,20.0,percent,27,1
2025-08-28,s0001,living,리빙,롯데하이마트,브랜드,20.0,percent,30,1
2025-08-29,s0001,living,리빙,롯데하이마트,브랜드,20.0,percent,34,1
2025-08-30,s0001,living,리빙,롯데하이마트,브랜드,20.0,percent,46,2
2025-08-31,s0001,living,리빙,롯데하이마트,브랜드,20.0,percent,28,1
2025-08-22,s0002,stay,스테이,Trip.com,브랜드,70.0,percent,138,7
2025-08-23,s0002,stay,스테이,Trip.com,브랜드,70.0,percent,78,3
2025-08-24,s0002,stay,스테이,Trip.com,브랜드,70.0,percent,88,3
2025-08-25,s0002,stay,스테이,Trip.com,브랜드,70.0,percent,54,2
2025-08-26,s0002,stay,스테이,Trip.com,브랜드,70.0,percent,84,4
2025-08-27,s0002,stay,스테이,Trip.com,브랜드,70.0,percent,32,1
2025-08-28,s0002,stay,스테이,Trip.com,브랜드,70.0,percent,47,2
2025-08-29,s0002,stay,스테이,Trip.com,브랜드,70.0,percent,41,2
2025-08-30,s0002,stay,스테이,Trip.com,브랜드,70.0,percent,36,2
2025-08-31,s0002,stay,스테이,Trip.com,브랜드,70.0,percent,55,3
2025-09-01,s0002,stay,스테이,Trip.com,브랜드,70.0,percent,20,1
2025-09-02,s0002,stay,스테이,Trip.com,브랜드,70.0,percent,22,1
2025-09-03,s0002,stay,스테이,Trip.com,브랜드,70.0,percent,29,1
2025-09-04,s0002,stay,스테이,Trip.com,브랜드,70.0,percent,40,1
2025-09-05,s0002,stay,스테이,Trip.com,브랜드,70.0,percent,44,1
2025-09-06,s0002,stay,스테이,Trip.com,브랜드,70.0,percent,45,2
2025-09-07,s0002,stay,스테이,Trip.com,브랜드,70.0,percent,22,1
2025-08-22,s0003,living,리빙,시몬스,브랜드,,bundle,62,3
2025-08-23,s0003,living,리빙,시몬스,브랜드,,bundle,67,2
2025-08-24,s0003,living,리빙,시몬스,브랜드,,bundle,44,2
2025-08-25,s0003,living,리빙,시몬스,브랜드,,bundle,21,1
2025-08-26,s0003,living,리빙,시몬스,브랜드,,bundle,34,2
2025-08-27,s0003,living,리빙,시몬스,브랜드,,bundle,40,2
2025-08-28,s0003,living,리빙,시몬스,브랜드,,bundle,27,1
2025-08-29,s0003,living,리빙,시몬스,브랜드,,bundle,47,2
2025-08-30,s0003,living,리빙,시몬스,브랜드,,bundle,25,1
2025-08-31,s0003,living,리빙,시몬스,브랜드,,bundle,25,1
2025-09-01,s0003,living,리빙,시몬스,브랜드,,bundle,25,1
2025-09-02,s0003,living,리빙,시몬스,브랜드,,bundle,19,1
2025-09-03,s0003,living,리빙,시몬스,브랜드,,bundle,28,1
2025-09-04,s0003,living,리빙,시몬스,브랜드,,bundle,28,1
2025-09-05,s0003,living,리빙,시몬스,브랜드,,bundle,25,1
2025-09-06,s0003,living,리빙,시몬스,브랜드,,bundle,22,1
2025-09-07,s0003,living,리빙,시몬스,브랜드,,bundle,26,1
2025-09-08,s0003,living,리빙,시몬스,브랜드,,bundle,25,1
2025-09-09,s0003,living,리빙,시몬스,브랜드,,bundle,26,1
2025-09-10,s0003,living,리빙,시몬스,브랜드,,bundle,18,1
2025-09-11,s0003,living,리빙,시몬스,브랜드,,bundle,12,0
2025-09-12,s0003,living,리빙,시몬스,브랜드,,bundle,17,1
2025-09-13,s0003,living,리빙,시몬스,브랜드,,bundle,37,2
2025-09-14,s0003,living,리빙,시몬스,브랜드,,bundle,26,1
2025-09-15,s0003,living,리빙,시몬스,브랜드,,bundle,19,1
2025-09-16,s0003,living,리빙,시몬스,브랜드,,bundle,14,1
2025-09-17,s0003,living,리빙,시몬스,브랜드,,bundle,15,1
2025-09-18,s0003,living,리빙,시몬스,브랜드,,bundle,30,1
2025-09-19,s0003,living,리빙,시몬스,브랜드,,bundle,31,1
2025-09-20,s0003,living,리빙,시몬스,브랜드,,bundle,26,1
2025-09-21,s0003,living,리빙,시몬스,브랜드,,bundle,30,2
2025-08-23,s0004,stay,스테이,Booking.com,브랜드,35.0,percent,86,4
2025-08-24,s0004,stay,스테이,Booking.com,브랜드,35.0,percent,110,5
2025-08-25,s0004,stay,스테이,Booking.com,브랜드,35.0,percent,28,1
2025-08-26,s0004,stay,스테이,Booking.com,브랜드,35.0,percent,36,1
2025-08-27,s0004,stay,스테이,Booking.com,브랜드,35.0,percent,42,1
2025-08-28,s0004,stay,스테이,Booking.com,브랜드,35.0,percent,51,2
2025-08-29,s0004,stay,스테이,Booking.com,브랜드,35.0,percent,27,1
2025-08-30,s0004,stay,스테이,Booking.com,브랜드,35.0,percent,33,1
2025-08-31,s0004,stay,스테이,Booking.com,브랜드,35.0,percent,42,1
2025-09-01,s0004,stay,스테이,Booking.com,브랜드,35.0,percent,14,1
2025-09-02,s0004,stay,스테이,Booking.com,브랜드,35.0,percent,23,1
2025-09-03,s0004,stay,스테이,Booking.com,브랜드,35.0,percent,43,2
2025-09-04,s0004,stay,스테이,Booking.com,브랜드,35.0,percent,26,1
2025-09-05,s0004,stay,스테이,Booking.com,브랜드,35.0,percent,13,0
2025-09-06,s0004,stay,스테이,Booking.com,브랜드,35.0,percent,23,1
2025-09-07,s0004,stay,스테이,Booking.com,브랜드,35.0,percent,23,1
2025-09-08,s0004,stay,스테이,Booking.com,브랜드,35.0,percent,29,1
2025-08-25,s0005,food,푸드,이디야커피,브랜드,30.0,percent,82,6
2025-08-26,s0005,food,푸드,이디야커피,브랜드,30.0,percent,39,3
2025-08-27,s0005,food,푸드,이디야커피,브랜드,30.0,percent,64,5
2025-08-28,s0005,food,푸드,이디야커피,브랜드,30.0,percent,64,4
2025-08-29,s0005,food,푸드,이디야커피,브랜드,30.0,percent,56,4
2025-08-30,s0005,food,푸드,이디야커피,브랜드,30.0,percent,51,4
2025-08-31,s0005,food,푸드,이디야커피,브랜드,30.0,percent,130,12
2025-09-01,s0005,food,푸드,이디야커피,브랜드,30.0,percent,56,4
2025-09-02,s0005,food,푸드,이디야커피,브랜드,30.0,percent,52,3
2025-09-03,s0005,food,푸드,이디야커피,브랜드,30.0,percent,36,2
2025-09-04,s0005,food,푸드,이디야커피,브랜드,30.0,percent,31,2
2025-08-29,s0006,living,리빙,롯데하이마트,브랜드,,bundle,62,3
2025-08-30,s0006,living,리빙,롯데하이마트,브랜드,,bundle,47,3
2025-08-31,s0006,living,리빙,롯데하이마트,브랜드,,bundle,103,6
2025-09-01,s0006,living,리빙,롯데하이마트,브랜드,,bundle,36,2
2025-09-02,s0006,living,리빙,롯데하이마트,브랜드,,bundle,51,3
2025-09-03,s0006,living,리빙,롯데하이마트,브랜드,,bundle,27,1
2025-09-04,s0006,living,리빙,롯데하이마트,브랜드,,bundle,36,2
2025-09-05,s0006,living,리빙,롯데하이마트,브랜드,,bundle,37,2
2025-09-06,s0006,living,리빙,롯데하이마트,브랜드,,bundle,24,1
2025-09-07,s0006,living,리빙,롯데하이마트,브랜드,,bundle,63,2
2025-09-08,s0006,living,리빙,롯데하이마트,브랜드,,bundle,21,1
2025-09-09,s0006,living,리빙,롯데하이마트,브랜드,,bundle,15,1
2025-09-10,s0006,living,리빙,롯데하이마트,브랜드,,bundle,29,2
2025-09-11,s0006,living,리빙,롯데하이마트,브랜드,,bundle,24,1
2025-09-12,s0006,living,리빙,롯데하이마트,브랜드,,bundle,32,1
2025-08-30,s0007,food,푸드,이마트24,브랜드,45.0,percent,155,13
2025-08-31,s0007,food,푸드,이마트24,브랜드,45.0,percent,58,4
2025-09-01,s0007,food,푸드,이마트24,브랜드,45.0,percent,56,4
2025-09-02,s0007,food,푸드,이마트24,브랜드,45.0,percent,46,4
2025-09-03,s0007,food,푸드,이마트24,브랜드,45.0,percent,83,7
2025-09-04,s0007,food,푸드,이마트24,브랜드,45.0,percent,59,3
2025-09-05,s0007,food,푸드,이마트24,브랜드,45.0,percent,77,5
2025-09-06,s0007,food,푸드,이마트24,브랜드,45.0,percent,64,5
2025-09-07,s0007,food,푸드,이마트24,브랜드,45.0,percent,76,7
2025-09-08,s0007,food,푸드,이마트24,브랜드,45.0,percent,41,4
2025-09-09,s0007,food,푸드,이마트24,브랜드,45.0,percent,37,3
2025-09-10,s0007,food,푸드,이마트24,브랜드,45.0,percent,44,3
2025-09-11,s0007,food,푸드,이마트24,브랜드,45.0,percent,44,3
2025-09-12,s0007,food,푸드,이마트24,브랜드,45.0,percent,122,10
2025-09-13,s0007,food,푸드,이마트24,브랜드,45.0,percent,43,4
2025-09-14,s0007,food,푸드,이마트24,브랜드,45.0,percent,32,3
2025-09-15,s0007,food,푸드,이마트24,브랜드,45.0,percent,43,2
2025-09-16,s0007,food,푸드,이마트24,브랜드,45.0,percent,28,2
2025-09-17,s0007,food,푸드,이마트24,브랜드,45.0,percent,18,1
2025-09-18,s0007,food,푸드,이마트24,브랜드,45.0,percent,27,2
2025-09-19,s0007,food,푸드,이마트24,브랜드,45.0,percent,104,7
2025-09-20,s0007,food,푸드,이마트24,브랜드,45.0,percent,41,3
2025-09-21,s0007,food,푸드,이마트24,브랜드,45.0,percent,28,2
2025-09-22,s0007,food,푸드,이마트24,브랜드,45.0,percent,78,5
2025-09-23,s0007,food,푸드,이마트24,브랜드,45.0,percent,24,2
2025-09-24,s0007,food,푸드,이마트24,브랜드,45.0,percent,103,6
2025-08-31,s0008,popup,팝업,마뗑킴,소상공인,55.0,percent,108,6
2025-09-01,s0008,popup,팝업,마뗑킴,소상공인,55.0,percent,140,9
2025-09-02,s0008,popup,팝업,마뗑킴,소상공인,55.0,percent,58,5
2025-09-03,s0008,popup,팝업,마뗑킴,소상공인,55.0,percent,69,4
2025-09-04,s0008,popup,팝업,마뗑킴,소상공인,55.0,percent,54,3
2025-09-05,s0008,popup,팝업,마뗑킴,소상공인,55.0,percent,57,3
2025-09-06,s0008,popup,팝업,마뗑킴,소상공인,55.0,percent,74,4
2025-09-07,s0008,popup,팝업,마뗑킴,소상공인,55.0,percent,70,5
2025-09-08,s0008,popup,팝업,마뗑킴,소상공인,55.0,percent,43,3
2025-09-09,s0008,popup,팝업,마뗑킴,소상공인,55.0,percent,37,3
2025-09-10,s0008,popup,팝업,마뗑킴,소상공인,55.0,percent,29,1
2025-09-01,s0009,food,푸드,CU,브랜드,35.0,percent,88,6
2025-09-02,s0009,food,푸드,CU,브랜드,35.0,percent,129,9
2025-09-03,s0009,food,푸드,CU,브랜드,35.0,percent,53,4
2025-09-04,s0009,food,푸드,CU,브랜드,35.0,percent,70,4
2025-09-05,s0009,food,푸드,CU,브랜드,35.0,percent,106,6
2025-09-06,s0009,food,푸드,CU,브랜드,35.0,percent,89,5
2025-09-07,s0009,food,푸드,CU,브랜드,35.0,percent,90,8
2025-09-08,s0009,food,푸드,CU,브랜드,35.0,percent,30,3
2025-09-09,s0009,food,푸드,CU,브랜드,35.0,percent,43,4
2025-09-10,s0009,food,푸드,CU,브랜드,35.0,percent,36,2
2025-09-11,s0009,food,푸드,CU,브랜드,35.0,percent,37,3
2025-09-05,s0010,beauty,뷰티,올리브영,브랜드,15.0,percent,140,9
2025-09-06,s0010,beauty,뷰티,올리브영,브랜드,15.0,percent,78,5
2025-09-07,s0010,beauty,뷰티,올리브영,브랜드,15.0,percent,76,4
2025-09-08,s0010,beauty,뷰티,올리브영,브랜드,15.0,percent,24,1
2025-09-09,s0010,beauty,뷰티,올리브영,브랜드,15.0,percent,68,4
2025-09-10,s0010,beauty,뷰티,올리브영,브랜드,15.0,percent,49,3
2025-09-11,s0010,beauty,뷰티,올리브영,브랜드,15.0,percent,34,2
2025-09-12,s0010,beauty,뷰티,올리브영,브랜드,15.0,percent,36,3
2025-09-13,s0010,beauty,뷰티,올리브영,브랜드,15.0,percent,55,4
2025-09-14,s0010,beauty,뷰티,올리브영,브랜드,15.0,percent,60,4
2025-09-15,s0010,beauty,뷰티,올리브영,브랜드,15.0,percent,51,4
2025-09-16,s0010,beauty,뷰티,올리브영,브랜드,15.0,percent,34,2
2025-09-17,s0010,beauty,뷰티,올리브영,브랜드,15.0,percent,27,2
2025-09-18,s0010,beauty,뷰티,올리브영,브랜드,15.0,percent,38,2
2025-09-19,s0010,beauty,뷰티,올리브영,브랜드,15.0,percent,43,3
2025-09-20,s0010,beauty,뷰티,올리브영,브랜드,15.0,percent,39,3
2025-09-06,s0013,delivery,딜리버리,배달특급,브랜드,35.0,percent,137,8
2025-09-07,s0013,delivery,딜리버리,배달특급,브랜드,35.0,percent,108,7
2025-09-08,s0013,delivery,딜리버리,배달특급,브랜드,35.0,percent,52,3
2025-09-09,s0013,delivery,딜리버리,배달특급,브랜드,35.0,percent,37,2
2025-09-10,s0013,delivery,딜리버리,배달특급,브랜드,35.0,percent,53,3
2025-09-11,s0013,delivery,딜리버리,배달특급,브랜드,35.0,percent,29,1
2025-09-12,s0013,delivery,딜리버리,배달특급,브랜드,35.0,percent,30,1
2025-09-13,s0013,delivery,딜리버리,배달특급,브랜드,35.0,percent,56,3
2025-09-14,s0013,delivery,딜리버리,배달특급,브랜드,35.0,percent,55,3
2025-09-15,s0013,delivery,딜리버리,배달특급,브랜드,35.0,percent,34,2
2025-09-16,s0013,delivery,딜리버리,배달특급,브랜드,35.0,percent,32,2
2025-09-17,s0013,delivery,딜리버리,배달특급,브랜드,35.0,percent,14,1
2025-09-18,s0013,delivery,딜리버리,배달특급,브랜드,35.0,percent,37,1
2025-09-19,s0013,delivery,딜리버리,배달특급,브랜드,35.0,percent,59,3
2025-09-20,s0013,delivery,딜리버리,배달특급,브랜드,35.0,percent,55,3
2025-09-21,s0013,delivery,딜리버리,배달특급,브랜드,35.0,percent,50,2
2025-09-22,s0013,delivery,딜리버리,배달특급,브랜드,35.0,percent,29,2
2025-09-06,s0012,food,푸드,이디야커피,브랜드,45.0,percent,165,11
2025-09-07,s0012,food,푸드,이디야커피,브랜드,45.0,percent,113,7
2025-09-08,s0012,food,푸드,이디야커피,브랜드,45.0,percent,86,8
2025-09-09,s0012,food,푸드,이디야커피,브랜드,45.0,percent,44,3
2025-09-10,s0012,food,푸드,이디야커피,브랜드,45.0,percent,101,8
2025-09-11,s0012,food,푸드,이디야커피,브랜드,45.0,percent,44,4
2025-09-12,s0012,food,푸드,이디야커피,브랜드,45.0,percent,88,6
2025-09-13,s0012,food,푸드,이디야커피,브랜드,45.0,percent,114,10
2025-09-14,s0012,food,푸드,이디야커피,브랜드,45.0,percent,85,5
2025-09-15,s0012,food,푸드,이디야커피,브랜드,45.0,percent,99,8
2025-09-16,s0012,food,푸드,이디야커피,브랜드,45.0,percent,20,2
2025-09-17,s0012,food,푸드,이디야커피,브랜드,45.0,percent,35,2
2025-09-18,s0012,food,푸드,이디야커피,브랜드,45.0,percent,67,6
2025-09-19,s0012,food,푸드,이디야커피,브랜드,45.0,percent,33,2
2025-09-20,s0012,food,푸드,이디야커피,브랜드,45.0,percent,44,3
2025-09-21,s0012,food,푸드,이디야커피,브랜드,45.0,percent,64,6
2025-09-06,s0011,fashion,패션,ZARA,브랜드,50.0,percent,81,6
2025-09-07,s0011,fashion,패션,ZARA,브랜드,50.0,percent,107,5
2025-09-08,s0011,fashion,패션,ZARA,브랜드,50.0,percent,78,3
2025-09-09,s0011,fashion,패션,ZARA,브랜드,50.0,percent,58,2
2025-09-10,s0011,fashion,패션,ZARA,브랜드,50.0,percent,58,2
2025-09-11,s0011,fashion,패션,ZARA,브랜드,50.0,percent,40,2
2025-09-12,s0011,fashion,패션,ZARA,브랜드,50.0,percent,62,3
2025-09-13,s0011,fashion,패션,ZARA,브랜드,50.0,percent,55,3
2025-09-14,s0011,fashion,패션,ZARA,브랜드,50.0,percent,51,2
2025-09-15,s0011,fashion,패션,ZARA,브랜드,50.0,percent,52,3
2025-09-16,s0011,fashion,패션,ZARA,브랜드,50.0,percent,22,1
2025-09-08,s0014,popup,팝업,동네빵집 밀도,소상공인,15.0,percent,27,1
2025-09-09,s0014,popup,팝업,동네빵집 밀도,소상공인,15.0,percent,64,6
2025-09-10,s0014,popup,팝업,동네빵집 밀도,소상공인,15.0,percent,49,4
2025-09-11,s0014,popup,팝업,동네빵집 밀도,소상공인,15.0,percent,68,3
2025-09-12,s0014,popup,팝업,동네빵집 밀도,소상공인,15.0,percent,35,2
2025-09-13,s0014,popup,팝업,동네빵집 밀도,소상공인,15.0,percent,48,4
2025-09-14,s0014,popup,팝업,동네빵집 밀도,소상공인,15.0,percent,44,4
2025-09-15,s0014,popup,팝업,동네빵집 밀도,소상공인,15.0,percent,24,2
2025-09-16,s0014,popup,팝업,동네빵집 밀도,소상공인,15.0,percent,19,1
2025-09-17,s0014,popup,팝업,동네빵집 밀도,소상공인,15.0,percent,35,3
2025-09-18,s0014,popup,팝업,동네빵집 밀도,소상공인,15.0,percent,17,1
2025-09-19,s0014,popup,팝업,동네빵집 밀도,소상공인,15.0,percent,22,1
2025-09-20,s0014,popup,팝업,동네빵집 밀도,소상공인,15.0,percent,35,3
2025-09-21,s0014,popup,팝업,동네빵집 밀도,소상공인,15.0,percent,46,2
2025-09-22,s0014,popup,팝업,동네빵집 밀도,소상공인,15.0,percent,19,2
2025-09-23,s0014,popup,팝업,동네빵집 밀도,소상공인,15.0,percent,17,1
2025-09-11,s0015,beauty,뷰티,올리브영,브랜드,40.0,percent,84,6
2025-09-12,s0015,beauty,뷰티,올리브영,브랜드,40.0,percent,106,9
2025-09-13,s0015,beauty,뷰티,올리브영,브랜드,40.0,percent,85,6
2025-09-14,s0015,beauty,뷰티,올리브영,브랜드,40.0,percent,114,8
2025-09-15,s0015,beauty,뷰티,올리브영,브랜드,40.0,percent,75,4
2025-09-16,s0015,beauty,뷰티,올리브영,브랜드,40.0,percent,42,3
2025-09-17,s0015,beauty,뷰티,올리브영,브랜드,40.0,percent,85,4
2025-09-18,s0015,beauty,뷰티,올리브영,브랜드,40.0,percent,44,2
2025-09-19,s0015,beauty,뷰티,올리브영,브랜드,40.0,percent,72,4
2025-09-20,s0015,beauty,뷰티,올리브영,브랜드,40.0,percent,62,4
2025-09-21,s0015,beauty,뷰티,올리브영,브랜드,40.0,percent,55,3
2025-09-22,s0015,beauty,뷰티,올리브영,브랜드,40.0,percent,20,1
2025-09-23,s0015,beauty,뷰티,올리브영,브랜드,40.0,percent,22,1
2025-09-24,s0015,beauty,뷰티,올리브영,브랜드,40.0,percent,30,2
2025-09-25,s0015,beauty,뷰티,올리브영,브랜드,40.0,percent,51,3
2025-09-26,s0015,beauty,뷰티,올리브영,브랜드,40.0,percent,47,3
2025-09-27,s0015,beauty,뷰티,올리브영,브랜드,40.0,percent,44,3
2025-09-12,s0016,food,푸드,세븐일레븐,브랜드,30.0,percent,138,12
2025-09-13,s0016,food,푸드,세븐일레븐,브랜드,30.0,percent,163,12
2025-09-14,s0016,food,푸드,세븐일레븐,브랜드,30.0,percent,91,6
2025-09-15,s0016,food,푸드,세븐일레븐,브랜드,30.0,percent,63,5
2025-09-16,s0016,food,푸드,세븐일레븐,브랜드,30.0,percent,51,5
2025-09-17,s0016,food,푸드,세븐일레븐,브랜드,30.0,percent,47,4
2025-09-18,s0016,food,푸드,세븐일레븐,브랜드,30.0,percent,36,2
2025-09-19,s0016,food,푸드,세븐일레븐,브랜드,30.0,percent,40,3
2025-09-20,s0016,food,푸드,세븐일레븐,브랜드,30.0,percent,74,4
2025-09-21,s0016,food,푸드,세븐일레븐,브랜드,30.0,percent,77,4
2025-09-22,s0016,food,푸드,세븐일레븐,브랜드,30.0,percent,33,2
2025-09-23,s0016,food,푸드,세븐일레븐,브랜드,30.0,percent,30,2
2025-09-24,s0016,food,푸드,세븐일레븐,브랜드,30.0,percent,18,1
2025-09-25,s0016,food,푸드,세븐일레븐,브랜드,30.0,percent,18,2
2025-09-26,s0016,food,푸드,세븐일레븐,브랜드,30.0,percent,70,4
2025-09-27,s0016,food,푸드,세븐일레븐,브랜드,30.0,percent,39,2
2025-09-14,s0017,stay,스테이,Airbnb,브랜드,50.0,percent,30,2
2025-09-15,s0017,stay,스테이,Airbnb,브랜드,50.0,percent,121,6
2025-09-16,s0017,stay,스테이,Airbnb,브랜드,50.0,percent,35,2
2025-09-17,s0017,stay,스테이,Airbnb,브랜드,50.0,percent,23,1
2025-09-18,s0017,stay,스테이,Airbnb,브랜드,50.0,percent,40,1
2025-09-19,s0017,stay,스테이,Airbnb,브랜드,50.0,percent,56,2
2025-09-20,s0017,stay,스테이,Airbnb,브랜드,50.0,percent,58,2
2025-09-21,s0017,stay,스테이,Airbnb,브랜드,50.0,percent,55,3
2025-09-22,s0017,stay,스테이,Airbnb,브랜드,50.0,percent,20,1
2025-09-23,s0017,stay,스테이,Airbnb,브랜드,50.0,percent,40,1
2025-09-24,s0017,stay,스테이,Airbnb,브랜드,50.0,percent,41,2
2025-09-25,s0017,stay,스테이,Airbnb,브랜드,50.0,percent,43,2
2025-09-26,s0017,stay,스테이,Airbnb,브랜드,50.0,percent,34,1
2025-09-27,s0017,stay,스테이,Airbnb,브랜드,50.0,percent,31,1
2025-09-28,s0017,stay,스테이,Airbnb,브랜드,50.0,percent,28,1
2025-09-29,s0017,stay,스테이,Airbnb,브랜드,50.0,percent,13,0
2025-09-30,s0017,stay,스테이,Airbnb,브랜드,50.0,percent,18,1
2025-10-01,s0017,stay,스테이,Airbnb,브랜드,50.0,percent,10,0
2025-10-02,s0017,stay,스테이,Airbnb,브랜드,50.0,percent,13,1
2025-10-03,s0017,stay,스테이,Airbnb,브랜드,50.0,percent,31,1
2025-10-04,s0017,stay,스테이,Airbnb,브랜드,50.0,percent,31,1
2025-09-19,s0018,tech,테크,Xiaomi,브랜드,15.0,percent,62,3
2025-09-20,s0018,tech,테크,Xiaomi,브랜드,15.0,percent,75,3
2025-09-21,s0018,tech,테크,Xiaomi,브랜드,15.0,percent,54,2
2025-09-22,s0018,tech,테크,Xiaomi,브랜드,15.0,percent,34,2
2025-09-23,s0018,tech,테크,Xiaomi,브랜드,15.0,percent,25,1
2025-09-24,s0018,tech,테크,Xiaomi,브랜드,15.0,percent,19,1
2025-09-25,s0018,tech,테크,Xiaomi,브랜드,15.0,percent,16,1
2025-09-26,s0018,tech,테크,Xiaomi,브랜드,15.0,percent,23,1
2025-09-27,s0018,tech,테크,Xiaomi,브랜드,15.0,percent,30,2
2025-09-28,s0018,tech,테크,Xiaomi,브랜드,15.0,percent,28,1
2025-09-29,s0018,tech,테크,Xiaomi,브랜드,15.0,percent,26,1
2025-09-22,s0019,stay,스테이,Agoda,소상공인,40.0,percent,44,2
2025-09-23,s0019,stay,스테이,Agoda,소상공인,40.0,percent,46,2
2025-09-24,s0019,stay,스테이,Agoda,소상공인,40.0,percent,21,1
2025-09-25,s0019,stay,스테이,Agoda,소상공인,40.0,percent,36,2
2025-09-26,s0019,stay,스테이,Agoda,소상공인,40.0,percent,39,2
2025-09-27,s0019,stay,스테이,Agoda,소상공인,40.0,percent,62,2
2025-09-28,s0019,stay,스테이,Agoda,소상공인,40.0,percent,30,1
2025-09-29,s0019,stay,스테이,Agoda,소상공인,40.0,percent,10,1
2025-09-30,s0019,stay,스테이,Agoda,소상공인,40.0,percent,18,1
2025-10-01,s0019,stay,스테이,Agoda,소상공인,40.0,percent,26,1
2025-10-02,s0019,stay,스테이,Agoda,소상공인,40.0,percent,14,1
2025-09-22,s0020,delivery,딜리버리,배달특급,브랜드,35.0,percent,76,5
2025-09-23,s0020,delivery,딜리버리,배달특급,브랜드,35.0,percent,37,2
2025-09-24,s0020,delivery,딜리버리,배달특급,브랜드,35.0,percent,100,6
2025-09-25,s0020,delivery,딜리버리,배달특급,브랜드,35.0,percent,43,2
2025-09-26,s0020,delivery,딜리버리,배달특급,브랜드,35.0,percent,34,2
2025-09-27,s0020,delivery,딜리버리,배달특급,브랜드,35.0,percent,48,3
2025-09-28,s0020,delivery,딜리버리,배달특급,브랜드,35.0,percent,54,3
2025-09-29,s0020,delivery,딜리버리,배달특급,브랜드,35.0,percent,40,2
2025-09-30,s0020,delivery,딜리버리,배달특급,브랜드,35.0,percent,47,2
2025-10-01,s0020,delivery,딜리버리,배달특급,브랜드,35.0,percent,25,2
2025-10-02,s0020,delivery,딜리버리,배달특급,브랜드,35.0,percent,41,1
2025-10-03,s0020,delivery,딜리버리,배달특급,브랜드,35.0,percent,20,1
2025-10-04,s0020,delivery,딜리버리,배달특급,브랜드,35.0,percent,29,2
2025-10-05,s0020,delivery,딜리버리,배달특급,브랜드,35.0,percent,23,1
2025-10-06,s0020,delivery,딜리버리,배달특급,브랜드,35.0,percent,21,1
2025-10-07,s0020,delivery,딜리버리,배달특급,브랜드,35.0,percent,33,1
2025-09-23,s0021,delivery,딜리버리,땡겨요,브랜드,,amount,51,3
2025-09-24,s0021,delivery,딜리버리,땡겨요,브랜드,,amount,49,2
2025-09-25,s0021,delivery,딜리버리,땡겨요,브랜드,,amount,58,3
2025-09-26,s0021,delivery,딜리버리,땡겨요,브랜드,,amount,67,3
2025-09-27,s0021,delivery,딜리버리,땡겨요,브랜드,,amount,52,3
2025-09-28,s0021,delivery,딜리버리,땡겨요,브랜드,,amount,36,2
2025-09-29,s0021,delivery,딜리버리,땡겨요,브랜드,,amount,60,4
2025-09-30,s0021,delivery,딜리버리,땡겨요,브랜드,,amount,26,1
2025-10-01,s0021,delivery,딜리버리,땡겨요,브랜드,,amount,27,1
2025-10-02,s0021,delivery,딜리버리,땡겨요,브랜드,,amount,29,1
2025-10-03,s0021,delivery,딜리버리,땡겨요,브랜드,,amount,44,2
2025-10-04,s0021,delivery,딜리버리,땡겨요,브랜드,,amount,24,1
2025-10-05,s0021,delivery,딜리버리,땡겨요,브랜드,,amount,76,3
2025-10-06,s0021,delivery,딜리버리,땡겨요,브랜드,,amount,23,1
2025-10-07,s0021,delivery,딜리버리,땡겨요,브랜드,,amount,30,2
2025-10-08,s0021,delivery,딜리버리,땡겨요,브랜드,,amount,16,1
2025-10-09,s0021,delivery,딜리버리,땡겨요,브랜드,,amount,29,2
2025-10-10,s0021,delivery,딜리버리,땡겨요,브랜드,,amount,62,2
2025-10-11,s0021,delivery,딜리버리,땡겨요,브랜드,,amount,68,3
2025-10-12,s0021,delivery,딜리버리,땡겨요,브랜드,,amount,43,2
2025-10-13,s0021,delivery,딜리버리,땡겨요,브랜드,,amount,18,1
2025-10-14,s0021,delivery,딜리버리,땡겨요,브랜드,,amount,36,2
2025-10-15,s0021,delivery,딜리버리,땡겨요,브랜드,,amount,14,1
2025-10-16,s0021,delivery,딜리버리,땡겨요,브랜드,,amount,19,1
2025-10-17,s0021,delivery,딜리버리,땡겨요,브랜드,,amount,31,1
2025-10-18,s0021,delivery,딜리버리,땡겨요,브랜드,,amount,21,1
2025-09-27,s0022,popup,팝업,탬버린즈,브랜드,15.0,percent,89,7
2025-09-28,s0022,popup,팝업,탬버린즈,브랜드,15.0,percent,112,9
2025-09-29,s0022,popup,팝업,탬버린즈,브랜드,15.0,percent,42,2
2025-09-30,s0022,popup,팝업,탬버린즈,브랜드,15.0,percent,60,3
2025-10-01,s0022,popup,팝업,탬버린즈,브랜드,15.0,percent,98,7
2025-10-02,s0022,popup,팝업,탬버린즈,브랜드,15.0,percent,47,4
2025-10-03,s0022,popup,팝업,탬버린즈,브랜드,15.0,percent,62,4
2025-10-04,s0022,popup,팝업,탬버린즈,브랜드,15.0,percent,79,6
2025-10-05,s0022,popup,팝업,탬버린즈,브랜드,15.0,percent,39,2
2025-10-06,s0022,popup,팝업,탬버린즈,브랜드,15.0,percent,41,2
2025-10-07,s0022,popup,팝업,탬버린즈,브랜드,15.0,percent,24,2
2025-10-08,s0022,popup,팝업,탬버린즈,브랜드,15.0,percent,33,2
2025-10-09,s0022,popup,팝업,탬버린즈,브랜드,15.0,percent,42,4
2025-10-10,s0022,popup,팝업,탬버린즈,브랜드,15.0,percent,27,1
2025-10-11,s0022,popup,팝업,탬버린즈,브랜드,15.0,percent,18,1
2025-10-12,s0022,popup,팝업,탬버린즈,브랜드,15.0,percent,28,2
2025-09-27,s0023,delivery,딜리버리,요기요,브랜드,40.0,percent,163,6
2025-09-28,s0023,delivery,딜리버리,요기요,브랜드,40.0,percent,61,3
2025-09-29,s0023,delivery,딜리버리,요기요,브랜드,40.0,percent,80,4
2025-09-30,s0023,delivery,딜리버리,요기요,브랜드,40.0,percent,34,1
2025-10-01,s0023,delivery,딜리버리,요기요,브랜드,40.0,percent,41,2
2025-10-02,s0023,delivery,딜리버리,요기요,브랜드,40.0,percent,43,2
2025-10-03,s0023,delivery,딜리버리,요기요,브랜드,40.0,percent,33,1
2025-10-04,s0023,delivery,딜리버리,요기요,브랜드,40.0,percent,49,2
2025-10-05,s0023,delivery,딜리버리,요기요,브랜드,40.0,percent,27,1
2025-10-06,s0023,delivery,딜리버리,요기요,브랜드,40.0,percent,28,2
2025-10-07,s0023,delivery,딜리버리,요기요,브랜드,40.0,percent,28,1
2025-10-08,s0023,delivery,딜리버리,요기요,브랜드,40.0,percent,14,1
2025-10-09,s0023,delivery,딜리버리,요기요,브랜드,40.0,percent,23,1
2025-10-10,s0023,delivery,딜리버리,요기요,브랜드,40.0,percent,41,3
2025-10-11,s0023,delivery,딜리버리,요기요,브랜드,40.0,percent,29,1
2025-10-12,s0023,delivery,딜리버리,요기요,브랜드,40.0,percent,46,2
2025-09-30,s0025,stay,스테이,여기어때,브랜드,25.0,percent,54,2
2025-10-01,s0025,stay,스테이,여기어때,브랜드,25.0,percent,45,1
2025-10-02,s0025,stay,스테이,여기어때,브랜드,25.0,percent,50,1
2025-10-03,s0025,stay,스테이,여기어때,브랜드,25.0,percent,23,1
2025-10-04,s0025,stay,스테이,여기어때,브랜드,25.0,percent,61,3
2025-10-05,s0025,stay,스테이,여기어때,브랜드,25.0,percent,25,1
2025-10-06,s0025,stay,스테이,여기어때,브랜드,25.0,percent,25,1
2025-10-07,s0025,stay,스테이,여기어때,브랜드,25.0,percent,40,1
2025-10-08,s0025,stay,스테이,여기어때,브랜드,25.0,percent,19,1
2025-10-09,s0025,stay,스테이,여기어때,브랜드,25.0,percent,22,1
2025-10-10,s0025,stay,스테이,여기어때,브랜드,25.0,percent,18,1
2025-09-30,s0024,stay,스테이,한화리조트,소상공인,35.0,percent,79,3
2025-10-01,s0024,stay,스테이,한화리조트,소상공인,35.0,percent,28,1
2025-10-02,s0024,stay,스테이,한화리조트,소상공인,35.0,percent,44,2
2025-10-03,s0024,stay,스테이,한화리조트,소상공인,35.0,percent,59,2
2025-10-04,s0024,stay,스테이,한화리조트,소상공인,35.0,percent,52,2
2025-10-05,s0024,stay,스테이,한화리조트,소상공인,35.0,percent,39,1
2025-10-06,s0024,stay,스테이,한화리조트,소상공인,35.0,percent,24,1
2025-10-07,s0024,stay,스테이,한화리조트,소상공인,35.0,percent,13,1
2025-10-08,s0024,stay,스테이,한화리조트,소상공인,35.0,percent,37,1
2025-10-09,s0024,stay,스테이,한화리조트,소상공인,35.0,percent,23,1
2025-10-10,s0024,stay,스테이,한화리조트,소상공인,35.0,percent,24,1
2025-10-11,s0024,stay,스테이,한화리조트,소상공인,35.0,percent,19,1
2025-10-12,s0024,stay,스테이,한화리조트,소상공인,35.0,percent,25,1
2025-10-13,s0024,stay,스테이,한화리조트,소상공인,35.0,percent,17,0
2025-10-14,s0024,stay,스테이,한화리조트,소상공인,35.0,percent,31,1
2025-10-15,s0024,stay,스테이,한화리조트,소상공인,35.0,percent,17,1
2025-10-03,s0026,fashion,패션,Levi's,브랜드,25.0,percent,91,5
2025-10-04,s0026,fashion,패션,Levi's,브랜드,25.0,percent,62,3
2025-10-05,s0026,fashion,패션,Levi's,브랜드,25.0,percent,56,3
2025-10-06,s0026,fashion,패션,Levi's,브랜드,25.0,percent,56,3
2025-10-07,s0026,fashion,패션,Levi's,브랜드,25.0,percent,21,1
2025-10-08,s0026,fashion,패션,Levi's,브랜드,25.0,percent,54,2
2025-10-09,s0026,fashion,패션,Levi's,브랜드,25.0,percent,54,3
2025-10-10,s0026,fashion,패션,Levi's,브랜드,25.0,percent,32,2
2025-10-11,s0026,fashion,패션,Levi's,브랜드,25.0,percent,54,3
2025-10-12,s0026,fashion,패션,Levi's,브랜드,25.0,percent,66,4
2025-10-13,s0026,fashion,패션,Levi's,브랜드,25.0,percent,28,2
2025-10-14,s0026,fashion,패션,Levi's,브랜드,25.0,percent,24,1
2025-10-15,s0026,fashion,패션,Levi's,브랜드,25.0,percent,26,2
2025-10-16,s0026,fashion,패션,Levi's,브랜드,25.0,percent,32,2
2025-10-17,s0026,fashion,패션,Levi's,브랜드,25.0,percent,28,2
2025-10-18,s0026,fashion,패션,Levi's,브랜드,25.0,percent,35,2
2025-10-04,s0027,popup,팝업,카페 소슬,브랜드,,other,138,12
2025-10-05,s0027,popup,팝업,카페 소슬,브랜드,,other,84,5
2025-10-06,s0027,popup,팝업,카페 소슬,브랜드,,other,42,3
2025-10-07,s0027,popup,팝업,카페 소슬,브랜드,,other,27,2
2025-10-08,s0027,popup,팝업,카페 소슬,브랜드,,other,51,4
2025-10-09,s0027,popup,팝업,카페 소슬,브랜드,,other,74,6
2025-10-10,s0027,popup,팝업,카페 소슬,브랜드,,other,63,5
2025-10-11,s0027,popup,팝업,카페 소슬,브랜드,,other,41,4
2025-10-12,s0027,popup,팝업,카페 소슬,브랜드,,other,41,3
2025-10-13,s0027,popup,팝업,카페 소슬,브랜드,,other,33,2
2025-10-14,s0027,popup,팝업,카페 소슬,브랜드,,other,63,3
2025-10-05,s0028,delivery,딜리버리,배달의민족,브랜드,,amount,181,8
2025-10-06,s0028,delivery,딜리버리,배달의민족,브랜드,,amount,106,7
2025-10-07,s0028,delivery,딜리버리,배달의민족,브랜드,,amount,50,2
2025-10-08,s0028,delivery,딜리버리,배달의민족,브랜드,,amount,136,7
2025-10-09,s0028,delivery,딜리버리,배달의민족,브랜드,,amount,33,2
2025-10-10,s0028,delivery,딜리버리,배달의민족,브랜드,,amount,41,2
2025-10-11,s0028,delivery,딜리버리,배달의민족,브랜드,,amount,70,3
2025-10-12,s0028,delivery,딜리버리,배달의민족,브랜드,,amount,49,2
2025-10-13,s0028,delivery,딜리버리,배달의민족,브랜드,,amount,34,2
2025-10-14,s0028,delivery,딜리버리,배달의민족,브랜드,,amount,14,1
2025-10-15,s0028,delivery,딜리버리,배달의민족,브랜드,,amount,20,1
2025-10-09,s0029,fashion,패션,Uniqlo,브랜드,,other,76,5
2025-10-10,s0029,fashion,패션,Uniqlo,브랜드,,other,63,3
2025-10-11,s0029,fashion,패션,Uniqlo,브랜드,,other,52,3
2025-10-12,s0029,fashion,패션,Uniqlo,브랜드,,other,56,3
2025-10-13,s0029,fashion,패션,Uniqlo,브랜드,,other,49,3
2025-10-14,s0029,fashion,패션,Uniqlo,브랜드,,other,49,3
2025-10-15,s0029,fashion,패션,Uniqlo,브랜드,,other,19,1
2025-10-16,s0029,fashion,패션,Uniqlo,브랜드,,other,37,2
2025-10-17,s0029,fashion,패션,Uniqlo,브랜드,,other,41,3
2025-10-18,s0029,fashion,패션,Uniqlo,브랜드,,other,52,4
2025-10-19,s0029,fashion,패션,Uniqlo,브랜드,,other,29,2
2025-10-10,s0030,living,리빙,Casper,브랜드,25.0,percent,47,2
2025-10-11,s0030,living,리빙,Casper,브랜드,25.0,percent,108,5
2025-10-12,s0030,living,리빙,Casper,브랜드,25.0,percent,23,1
2025-10-13,s0030,living,리빙,Casper,브랜드,25.0,percent,27,1
2025-10-14,s0030,living,리빙,Casper,브랜드,25.0,percent,27,1
2025-10-15,s0030,living,리빙,Casper,브랜드,25.0,percent,27,1
2025-10-16,s0030,living,리빙,Casper,브랜드,25.0,percent,23,1
2025-10-17,s0030,living,리빙,Casper,브랜드,25.0,percent,39,2
2025-10-18,s0030,living,리빙,Casper,브랜드,25.0,percent,42,2
2025-10-19,s0030,living,리빙,Casper,브랜드,25.0,percent,31,1
2025-10-20,s0030,living,리빙,Casper,브랜드,25.0,percent,18,1
2025-10-21,s0030,living,리빙,Casper,브랜드,25.0,percent,19,1
2025-10-22,s0030,living,리빙,Casper,브랜드,25.0,percent,22,1
2025-10-23,s0030,living,리빙,Casper,브랜드,25.0,percent,17,1
2025-10-24,s0030,living,리빙,Casper,브랜드,25.0,percent,33,1
2025-10-25,s0030,living,리빙,Casper,브랜드,25.0,percent,44,2
2025-10-10,s0031,beauty,뷰티,Nature Republic,브랜드,,bundle,162,11
2025-10-11,s0031,beauty,뷰티,Nature Republic,브랜드,,bundle,160,9
2025-10-12,s0031,beauty,뷰티,Nature Republic,브랜드,,bundle,72,6
2025-10-13,s0031,beauty,뷰티,Nature Republic,브랜드,,bundle,54,4
2025-10-14,s0031,beauty,뷰티,Nature Republic,브랜드,,bundle,41,3
2025-10-15,s0031,beauty,뷰티,Nature Republic,브랜드,,bundle,40,3
2025-10-16,s0031,beauty,뷰티,Nature Republic,브랜드,,bundle,38,2
2025-10-17,s0031,beauty,뷰티,Nature Republic,브랜드,,bundle,47,4
2025-10-18,s0031,beauty,뷰티,Nature Republic,브랜드,,bundle,79,7
2025-10-19,s0031,beauty,뷰티,Nature Republic,브랜드,,bundle,52,3
2025-10-20,s0031,beauty,뷰티,Nature Republic,브랜드,,bundle,22,1
2025-10-21,s0031,beauty,뷰티,Nature Republic,브랜드,,bundle,41,2
2025-10-22,s0031,beauty,뷰티,Nature Republic,브랜드,,bundle,33,2
2025-10-23,s0031,beauty,뷰티,Nature Republic,브랜드,,bundle,38,2
2025-10-24,s0031,beauty,뷰티,Nature Republic,브랜드,,bundle,42,3
2025-10-25,s0031,beauty,뷰티,Nature Republic,브랜드,,bundle,50,4
2025-10-26,s0031,beauty,뷰티,Nature Republic,브랜드,,bundle,47,3
2025-10-27,s0031,beauty,뷰티,Nature Republic,브랜드,,bundle,16,1
2025-10-28,s0031,beauty,뷰티,Nature Republic,브랜드,,bundle,32,2
2025-10-29,s0031,beauty,뷰티,Nature Republic,브랜드,,bundle,23,1
2025-10-30,s0031,beauty,뷰티,Nature Republic,브랜드,,bundle,26,2
2025-10-11,s0032,fashion,패션,스파오,브랜드,50.0,percent,132,9
2025-10-12,s0032,fashion,패션,스파오,브랜드,50.0,percent,186,13
2025-10-13,s0032,fashion,패션,스파오,브랜드,50.0,percent,47,3
2025-10-14,s0032,fashion,패션,스파오,브랜드,50.0,percent,55,4
2025-10-15,s0032,fashion,패션,스파오,브랜드,50.0,percent,49,2
2025-10-16,s0032,fashion,패션,스파오,브랜드,50.0,percent,71,3
2025-10-17,s0032,fashion,패션,스파오,브랜드,50.0,percent,52,3
2025-10-18,s0032,fashion,패션,스파오,브랜드,50.0,percent,69,5
2025-10-19,s0032,fashion,패션,스파오,브랜드,50.0,percent,39,2
2025-10-20,s0032,fashion,패션,스파오,브랜드,50.0,percent,57,3
2025-10-21,s0032,fashion,패션,스파오,브랜드,50.0,percent,21,1
2025-10-11,s0033,tech,테크,LG전자,브랜드,15.0,percent,80,3
2025-10-12,s0033,tech,테크,LG전자,브랜드,15.0,percent,59,3
2025-10-13,s0033,tech,테크,LG전자,브랜드,15.0,percent,39,1
2025-10-14,s0033,tech,테크,LG전자,브랜드,15.0,percent,18,1
2025-10-15,s0033,tech,테크,LG전자,브랜드,15.0,percent,25,1
2025-10-16,s0033,tech,테크,LG전자,브랜드,15.0,percent,36,2
2025-10-17,s0033,tech,테크,LG전자,브랜드,15.0,percent,56,3
2025-10-18,s0033,tech,테크,LG전자,브랜드,15.0,percent,31,1
2025-10-19,s0033,tech,테크,LG전자,브랜드,15.0,percent,38,2
2025-10-20,s0033,tech,테크,LG전자,브랜드,15.0,percent,21,1
2025-10-21,s0033,tech,테크,LG전자,브랜드,15.0,percent,18,1
2025-10-22,s0033,tech,테크,LG전자,브랜드,15.0,percent,16,1
2025-10-23,s0033,tech,테크,LG전자,브랜드,15.0,percent,19,1
2025-10-24,s0033,tech,테크,LG전자,브랜드,15.0,percent,29,1
2025-10-25,s0033,tech,테크,LG전자,브랜드,15.0,percent,35,1
2025-10-26,s0033,tech,테크,LG전자,브랜드,15.0,percent,16,1
2025-10-27,s0033,tech,테크,LG전자,브랜드,15.0,percent,15,1
2025-10-28,s0033,tech,테크,LG전자,브랜드,15.0,percent,11,1
2025-10-29,s0033,tech,테크,LG전자,브랜드,15.0,percent,17,1
2025-10-30,s0033,tech,테크,LG전자,브랜드,15.0,percent,16,1
2025-10-31,s0033,tech,테크,LG전자,브랜드,15.0,percent,24,1
2025-10-11,s0034,living,리빙,코웨이,브랜드,60.0,percent,128,6
2025-10-12,s0034,living,리빙,코웨이,브랜드,60.0,percent,42,2
2025-10-13,s0034,living,리빙,코웨이,브랜드,60.0,percent,26,1
2025-10-14,s0034,living,리빙,코웨이,브랜드,60.0,percent,46,2
2025-10-15,s0034,living,리빙,코웨이,브랜드,60.0,percent,67,3
2025-10-16,s0034,living,리빙,코웨이,브랜드,60.0,percent,36,1
2025-10-17,s0034,living,리빙,코웨이,브랜드,60.0,percent,40,2
2025-10-18,s0034,living,리빙,코웨이,브랜드,60.0,percent,75,3
2025-10-19,s0034,living,리빙,코웨이,브랜드,60.0,percent,62,3
2025-10-20,s0034,living,리빙,코웨이,브랜드,60.0,percent,23,1
2025-10-21,s0034,living,리빙,코웨이,브랜드,60.0,percent,38,2
2025-10-13,s0035,popup,팝업,젠틀몬스터,브랜드,40.0,percent,70,4
2025-10-14,s0035,popup,팝업,젠틀몬스터,브랜드,40.0,percent,62,5
2025-10-15,s0035,popup,팝업,젠틀몬스터,브랜드,40.0,percent,49,4
2025-10-16,s0035,popup,팝업,젠틀몬스터,브랜드,40.0,percent,42,3
2025-10-17,s0035,popup,팝업,젠틀몬스터,브랜드,40.0,percent,73,5
2025-10-18,s0035,popup,팝업,젠틀몬스터,브랜드,40.0,percent,47,3
2025-10-19,s0035,popup,팝업,젠틀몬스터,브랜드,40.0,percent,69,4
2025-10-20,s0035,popup,팝업,젠틀몬스터,브랜드,40.0,percent,46,3
2025-10-21,s0035,popup,팝업,젠틀몬스터,브랜드,40.0,percent,37,2
2025-10-22,s0035,popup,팝업,젠틀몬스터,브랜드,40.0,percent,34,3
2025-10-23,s0035,popup,팝업,젠틀몬스터,브랜드,40.0,percent,33,2
2025-10-24,s0035,popup,팝업,젠틀몬스터,브랜드,40.0,percent,33,3
2025-10-25,s0035,popup,팝업,젠틀몬스터,브랜드,40.0,percent,92,5
2025-10-26,s0035,popup,팝업,젠틀몬스터,브랜드,40.0,percent,47,3
2025-10-27,s0035,popup,팝업,젠틀몬스터,브랜드,40.0,percent,33,3
2025-10-28,s0035,popup,팝업,젠틀몬스터,브랜드,40.0,percent,24,1
2025-10-29,s0035,popup,팝업,젠틀몬스터,브랜드,40.0,percent,56,4
2025-10-14,s0036,delivery,딜리버리,동네줌,브랜드,40.0,percent,57,4
2025-10-15,s0036,delivery,딜리버리,동네줌,브랜드,40.0,percent,69,3
2025-10-16,s0036,delivery,딜리버리,동네줌,브랜드,40.0,percent,68,3
2025-10-17,s0036,delivery,딜리버리,동네줌,브랜드,40.0,percent,65,4
2025-10-18,s0036,delivery,딜리버리,동네줌,브랜드,40.0,percent,41,2
2025-10-19,s0036,delivery,딜리버리,동네줌,브랜드,40.0,percent,71,3
2025-10-20,s0036,delivery,딜리버리,동네줌,브랜드,40.0,percent,30,2
2025-10-21,s0036,delivery,딜리버리,동네줌,브랜드,40.0,percent,44,2
2025-10-22,s0036,delivery,딜리버리,동네줌,브랜드,40.0,percent,27,2
2025-10-23,s0036,delivery,딜리버리,동네줌,브랜드,40.0,percent,33,1
2025-10-24,s0036,delivery,딜리버리,동네줌,브랜드,40.0,percent,47,3
2025-10-16,s0037,stay,스테이,야놀자,브랜드,65.0,percent,110,4
2025-10-17,s0037,stay,스테이,야놀자,브랜드,65.0,percent,92,3
2025-10-18,s0037,stay,스테이,야놀자,브랜드,65.0,percent,92,3
2025-10-19,s0037,stay,스테이,야놀자,브랜드,65.0,percent,80,4
2025-10-20,s0037,stay,스테이,야놀자,브랜드,65.0,percent,31,1
2025-10-21,s0037,stay,스테이,야놀자,브랜드,65.0,percent,47,2
2025-10-22,s0037,stay,스테이,야놀자,브랜드,65.0,percent,31,1
2025-10-23,s0037,stay,스테이,야놀자,브랜드,65.0,percent,32,1
2025-10-24,s0037,stay,스테이,야놀자,브랜드,65.0,percent,40,1
2025-10-25,s0037,stay,스테이,야놀자,브랜드,65.0,percent,39,2
2025-10-26,s0037,stay,스테이,야놀자,브랜드,65.0,percent,28,1
2025-10-27,s0037,stay,스테이,야놀자,브랜드,65.0,percent,28,1
2025-10-28,s0037,stay,스테이,야놀자,브랜드,65.0,percent,24,1
2025-10-29,s0037,stay,스테이,야놀자,브랜드,65.0,percent,24,1
2025-10-30,s0037,stay,스테이,야놀자,브랜드,65.0,percent,27,1
2025-10-31,s0037,stay,스테이,야놀자,브랜드,65.0,percent,16,1
2025-10-17,s0038,fashion,패션,폴로 랄프로렌,브랜드,50.0,percent,103,7
2025-10-18,s0038,fashion,패션,폴로 랄프로렌,브랜드,50.0,percent,185,10
2025-10-19,s0038,fashion,패션,폴로 랄프로렌,브랜드,50.0,percent,145,7
2025-10-20,s0038,fashion,패션,폴로 랄프로렌,브랜드,50.0,percent,60,3
2025-10-21,s0038,fashion,패션,폴로 랄프로렌,브랜드,50.0,percent,50,3
2025-10-22,s0038,fashion,패션,폴로 랄프로렌,브랜드,50.0,percent,22,1
2025-10-23,s0038,fashion,패션,폴로 랄프로렌,브랜드,50.0,percent,39,2
2025-10-24,s0038,fashion,패션,폴로 랄프로렌,브랜드,50.0,percent,69,3
2025-10-25,s0038,fashion,패션,폴로 랄프로렌,브랜드,50.0,percent,53,2
2025-10-26,s0038,fashion,패션,폴로 랄프로렌,브랜드,50.0,percent,77,4
2025-10-27,s0038,fashion,패션,폴로 랄프로렌,브랜드,50.0,percent,52,2
2025-10-28,s0038,fashion,패션,폴로 랄프로렌,브랜드,50.0,percent,28,1
2025-10-29,s0038,fashion,패션,폴로 랄프로렌,브랜드,50.0,percent,37,2
2025-10-30,s0038,fashion,패션,폴로 랄프로렌,브랜드,50.0,percent,62,4
2025-10-31,s0038,fashion,패션,폴로 랄프로렌,브랜드,50.0,percent,27,1
2025-11-01,s0038,fashion,패션,폴로 랄프로렌,브랜드,50.0,percent,45,2
2025-10-18,s0039,popup,팝업,아디다스 오리지널스,브랜드,30.0,percent,74,5
2025-10-19,s0039,popup,팝업,아디다스 오리지널스,브랜드,30.0,percent,74,6
2025-10-20,s0039,popup,팝업,아디다스 오리지널스,브랜드,30.0,percent,118,6
2025-10-21,s0039,popup,팝업,아디다스 오리지널스,브랜드,30.0,percent,46,3
2025-10-22,s0039,popup,팝업,아디다스 오리지널스,브랜드,30.0,percent,26,2
2025-10-23,s0039,popup,팝업,아디다스 오리지널스,브랜드,30.0,percent,34,3
2025-10-24,s0039,popup,팝업,아디다스 오리지널스,브랜드,30.0,percent,31,2
2025-10-25,s0039,popup,팝업,아디다스 오리지널스,브랜드,30.0,percent,63,4
2025-10-26,s0039,popup,팝업,아디다스 오리지널스,브랜드,30.0,percent,61,4
2025-10-27,s0039,popup,팝업,아디다스 오리지널스,브랜드,30.0,percent,49,4
2025-10-28,s0039,popup,팝업,아디다스 오리지널스,브랜드,30.0,percent,42,2
2025-10-29,s0039,popup,팝업,아디다스 오리지널스,브랜드,30.0,percent,21,2
2025-10-30,s0039,popup,팝업,아디다스 오리지널스,브랜드,30.0,percent,40,2
2025-10-31,s0039,popup,팝업,아디다스 오리지널스,브랜드,30.0,percent,40,3
2025-11-01,s0039,popup,팝업,아디다스 오리지널스,브랜드,30.0,percent,69,6
2025-11-02,s0039,popup,팝업,아디다스 오리지널스,브랜드,30.0,percent,58,3
2025-11-03,s0039,popup,팝업,아디다스 오리지널스,브랜드,30.0,percent,63,4
2025-11-04,s0039,popup,팝업,아디다스 오리지널스,브랜드,30.0,percent,22,1
2025-11-05,s0039,popup,팝업,아디다스 오리지널스,브랜드,30.0,percent,22,1
2025-11-06,s0039,popup,팝업,아디다스 오리지널스,브랜드,30.0,percent,28,2
2025-11-07,s0039,popup,팝업,아디다스 오리지널스,브랜드,30.0,percent,39,3
2025-10-19,s0040,popup,팝업,앤더슨벨,브랜드,30.0,percent,92,6
2025-10-20,s0040,popup,팝업,앤더슨벨,브랜드,30.0,percent,53,3
2025-10-21,s0040,popup,팝업,앤더슨벨,브랜드,30.0,percent,66,5
2025-10-22,s0040,popup,팝업,앤더슨벨,브랜드,30.0,percent,47,4
2025-10-23,s0040,popup,팝업,앤더슨벨,브랜드,30.0,percent,41,2
2025-10-24,s0040,popup,팝업,앤더슨벨,브랜드,30.0,percent,36,2
2025-10-25,s0040,popup,팝업,앤더슨벨,브랜드,30.0,percent,29,2
2025-10-26,s0040,popup,팝업,앤더슨벨,브랜드,30.0,percent,89,7
2025-10-27,s0040,popup,팝업,앤더슨벨,브랜드,30.0,percent,60,4
2025-10-28,s0040,popup,팝업,앤더슨벨,브랜드,30.0,percent,45,2
2025-10-29,s0040,popup,팝업,앤더슨벨,브랜드,30.0,percent,42,3
2025-10-30,s0040,popup,팝업,앤더슨벨,브랜드,30.0,percent,30,2
2025-10-31,s0040,popup,팝업,앤더슨벨,브랜드,30.0,percent,52,3
2025-11-01,s0040,popup,팝업,앤더슨벨,브랜드,30.0,percent,33,2
2025-11-02,s0040,popup,팝업,앤더슨벨,브랜드,30.0,percent,47,3
2025-10-20,s0041,living,리빙,일룸,브랜드,60.0,percent,56,2
2025-10-21,s0041,living,리빙,일룸,브랜드,60.0,percent,73,3
2025-10-22,s0041,living,리빙,일룸,브랜드,60.0,percent,96,5
2025-10-23,s0041,living,리빙,일룸,브랜드,60.0,percent,37,2
2025-10-24,s0041,living,리빙,일룸,브랜드,60.0,percent,47,2
2025-10-25,s0041,living,리빙,일룸,브랜드,60.0,percent,62,4
2025-10-26,s0041,living,리빙,일룸,브랜드,60.0,percent,28,1
2025-10-27,s0041,living,리빙,일룸,브랜드,60.0,percent,21,1
2025-10-28,s0041,living,리빙,일룸,브랜드,60.0,percent,54,2
2025-10-29,s0041,living,리빙,일룸,브랜드,60.0,percent,36,2
2025-10-30,s0041,living,리빙,일룸,브랜드,60.0,percent,26,1
2025-10-31,s0041,living,리빙,일룸,브랜드,60.0,percent,38,1
2025-11-01,s0041,living,리빙,일룸,브랜드,60.0,percent,38,2
2025-11-02,s0041,living,리빙,일룸,브랜드,60.0,percent,42,2
2025-11-03,s0041,living,리빙,일룸,브랜드,60.0,percent,25,1
2025-10-20,s0042,fashion,패션,Levi's,브랜드,45.0,percent,81,5
2025-10-21,s0042,fashion,패션,Levi's,브랜드,45.0,percent,87,5
2025-10-22,s0042,fashion,패션,Levi's,브랜드,45.0,percent,78,3
2025-10-23,s0042,fashion,패션,Levi's,브랜드,45.0,percent,99,5
2025-10-24,s0042,fashion,패션,Levi's,브랜드,45.0,percent,74,4
2025-10-25,s0042,fashion,패션,Levi's,브랜드,45.0,percent,70,3
2025-10-26,s0042,fashion,패션,Levi's,브랜드,45.0,percent,106,6
2025-10-27,s0042,fashion,패션,Levi's,브랜드,45.0,percent,38,2
2025-10-28,s0042,fashion,패션,Levi's,브랜드,45.0,percent,17,1
2025-10-29,s0042,fashion,패션,Levi's,브랜드,45.0,percent,49,2
2025-10-30,s0042,fashion,패션,Levi's,브랜드,45.0,percent,41,2
2025-10-31,s0042,fashion,패션,Levi's,브랜드,45.0,percent,44,2
2025-11-01,s0042,fashion,패션,Levi's,브랜드,45.0,percent,68,3
2025-11-02,s0042,fashion,패션,Levi's,브랜드,45.0,percent,40,3
2025-11-03,s0042,fashion,패션,Levi's,브랜드,45.0,percent,16,1
2025-11-04,s0042,fashion,패션,Levi's,브랜드,45.0,percent,41,3
2025-10-20,s0043,fashion,패션,ZARA,브랜드,40.0,percent,64,3
2025-10-21,s0043,fashion,패션,ZARA,브랜드,40.0,percent,47,3
2025-10-22,s0043,fashion,패션,ZARA,브랜드,40.0,percent,29,2
2025-10-23,s0043,fashion,패션,ZARA,브랜드,40.0,percent,74,4
2025-10-24,s0043,fashion,패션,ZARA,브랜드,40.0,percent,26,2
2025-10-25,s0043,fashion,패션,ZARA,브랜드,40.0,percent,103,5
2025-10-26,s0043,fashion,패션,ZARA,브랜드,40.0,percent,51,2
2025-10-20,s0044,stay,스테이,신라스테이,브랜드,35.0,percent,70,3
2025-10-21,s0044,stay,스테이,신라스테이,브랜드,35.0,percent,49,2
2025-10-22,s0044,stay,스테이,신라스테이,브랜드,35.0,percent,75,2
2025-10-23,s0044,stay,스테이,신라스테이,브랜드,35.0,percent,42,2
2025-10-24,s0044,stay,스테이,신라스테이,브랜드,35.0,percent,61,2
2025-10-25,s0044,stay,스테이,신라스테이,브랜드,35.0,percent,36,1
2025-10-26,s0044,stay,스테이,신라스테이,브랜드,35.0,percent,22,1
2025-10-27,s0044,stay,스테이,신라스테이,브랜드,35.0,percent,35,1
2025-10-28,s0044,stay,스테이,신라스테이,브랜드,35.0,percent,13,0
2025-10-29,s0044,stay,스테이,신라스테이,브랜드,35.0,percent,30,1
2025-10-30,s0044,stay,스테이,신라스테이,브랜드,35.0,percent,16,1
2025-10-31,s0044,stay,스테이,신라스테이,브랜드,35.0,percent,30,1
2025-11-01,s0044,stay,스테이,신라스테이,브랜드,35.0,percent,61,2
2025-11-02,s0044,stay,스테이,신라스테이,브랜드,35.0,percent,36,2
2025-11-03,s0044,stay,스테이,신라스테이,브랜드,35.0,percent,19,1
2025-11-04,s0044,stay,스테이,신라스테이,브랜드,35.0,percent,22,1
2025-11-05,s0044,stay,스테이,신라스테이,브랜드,35.0,percent,17,1
2025-11-06,s0044,stay,스테이,신라스테이,브랜드,35.0,percent,47,1
2025-11-07,s0044,stay,스테이,신라스테이,브랜드,35.0,percent,20,1
2025-11-08,s0044,stay,스테이,신라스테이,브랜드,35.0,percent,29,1
2025-11-09,s0044,stay,스테이,신라스테이,브랜드,35.0,percent,33,2
2025-10-21,s0045,fashion,패션,New Balance,브랜드,40.0,percent,86,6
2025-10-22,s0045,fashion,패션,New Balance,브랜드,40.0,percent,82,5
2025-10-23,s0045,fashion,패션,New Balance,브랜드,40.0,percent,54,3
2025-10-24,s0045,fashion,패션,New Balance,브랜드,40.0,percent,63,3
2025-10-25,s0045,fashion,패션,New Balance,브랜드,40.0,percent,101,7
2025-10-26,s0045,fashion,패션,New Balance,브랜드,40.0,percent,84,4
2025-10-27,s0045,fashion,패션,New Balance,브랜드,40.0,percent,47,3
2025-10-28,s0045,fashion,패션,New Balance,브랜드,40.0,percent,58,4
2025-10-29,s0045,fashion,패션,New Balance,브랜드,40.0,percent,52,3
2025-10-30,s0045,fashion,패션,New Balance,브랜드,40.0,percent,50,3
2025-10-31,s0045,fashion,패션,New Balance,브랜드,40.0,percent,25,1
2025-10-21,s0046,popup,팝업,선릉 오피스 간식팝업,브랜드,35.0,percent,94,7
2025-10-22,s0046,popup,팝업,선릉 오피스 간식팝업,브랜드,35.0,percent,80,7
2025-10-23,s0046,popup,팝업,선릉 오피스 간식팝업,브랜드,35.0,percent,117,9
2025-10-24,s0046,popup,팝업,선릉 오피스 간식팝업,브랜드,35.0,percent,27,2
2025-10-25,s0046,popup,팝업,선릉 오피스 간식팝업,브랜드,35.0,percent,75,5
2025-10-26,s0046,popup,팝업,선릉 오피스 간식팝업,브랜드,35.0,percent,69,4
2025-10-27,s0046,popup,팝업,선릉 오피스 간식팝업,브랜드,35.0,percent,31,3
2025-10-28,s0046,popup,팝업,선릉 오피스 간식팝업,브랜드,35.0,percent,29,3
2025-10-29,s0046,popup,팝업,선릉 오피스 간식팝업,브랜드,35.0,percent,67,3
2025-10-30,s0046,popup,팝업,선릉 오피스 간식팝업,브랜드,35.0,percent,48,3
2025-10-31,s0046,popup,팝업,선릉 오피스 간식팝업,브랜드,35.0,percent,91,5
2025-11-01,s0046,popup,팝업,선릉 오피스 간식팝업,브랜드,35.0,percent,51,5
2025-11-02,s0046,popup,팝업,선릉 오피스 간식팝업,브랜드,35.0,percent,30,2
2025-11-03,s0046,popup,팝업,선릉 오피스 간식팝업,브랜드,35.0,percent,31,2
2025-11-04,s0046,popup,팝업,선릉 오피스 간식팝업,브랜드,35.0,percent,27,2
2025-11-05,s0046,popup,팝업,선릉 오피스 간식팝업,브랜드,35.0,percent,43,4
2025-11-06,s0046,popup,팝업,선릉 오피스 간식팝업,브랜드,35.0,percent,44,3
2025-11-07,s0046,popup,팝업,선릉 오피스 간식팝업,브랜드,35.0,percent,51,4
2025-11-08,s0046,popup,팝업,선릉 오피스 간식팝업,브랜드,35.0,percent,108,9
2025-11-09,s0046,popup,팝업,선릉 오피스 간식팝업,브랜드,35.0,percent,71,5
2025-11-10,s0046,popup,팝업,선릉 오피스 간식팝업,브랜드,35.0,percent,24,1
2025-11-11,s0046,popup,팝업,선릉 오피스 간식팝업,브랜드,35.0,percent,44,4
2025-11-12,s0046,popup,팝업,선릉 오피스 간식팝업,브랜드,35.0,percent,33,3
2025-11-13,s0046,popup,팝업,선릉 오피스 간식팝업,브랜드,35.0,percent,32,2
2025-10-22,s0047,food,푸드,Ediya Coffee,브랜드,50.0,percent,170,14
2025-10-23,s0047,food,푸드,Ediya Coffee,브랜드,50.0,percent,69,5
2025-10-24,s0047,food,푸드,Ediya Coffee,브랜드,50.0,percent,138,12
2025-10-25,s0047,food,푸드,Ediya Coffee,브랜드,50.0,percent,136,13
2025-10-26,s0047,food,푸드,Ediya Coffee,브랜드,50.0,percent,63,4
2025-10-27,s0047,food,푸드,Ediya Coffee,브랜드,50.0,percent,32,2
2025-10-28,s0047,food,푸드,Ediya Coffee,브랜드,50.0,percent,49,4
2025-10-29,s0047,food,푸드,Ediya Coffee,브랜드,50.0,percent,18,1
2025-10-30,s0047,food,푸드,Ediya Coffee,브랜드,50.0,percent,74,5
2025-10-31,s0047,food,푸드,Ediya Coffee,브랜드,50.0,percent,66,5
2025-11-01,s0047,food,푸드,Ediya Coffee,브랜드,50.0,percent,109,9
2025-10-26,s0048,popup,팝업,아디다스 오리지널스,소상공인,,bundle,109,10
2025-10-27,s0048,popup,팝업,아디다스 오리지널스,소상공인,,bundle,104,9
2025-10-28,s0048,popup,팝업,아디다스 오리지널스,소상공인,,bundle,41,2
2025-10-29,s0048,popup,팝업,아디다스 오리지널스,소상공인,,bundle,57,4
2025-10-30,s0048,popup,팝업,아디다스 오리지널스,소상공인,,bundle,39,3
2025-10-31,s0048,popup,팝업,아디다스 오리지널스,소상공인,,bundle,48,4
2025-11-01,s0048,popup,팝업,아디다스 오리지널스,소상공인,,bundle,56,4
2025-11-02,s0048,popup,팝업,아디다스 오리지널스,소상공인,,bundle,54,4
2025-11-03,s0048,popup,팝업,아디다스 오리지널스,소상공인,,bundle,25,2
2025-11-04,s0048,popup,팝업,아디다스 오리지널스,소상공인,,bundle,34,3
2025-11-05,s0048,popup,팝업,아디다스 오리지널스,소상공인,,bundle,30,2
2025-11-06,s0048,popup,팝업,아디다스 오리지널스,소상공인,,bundle,19,1
2025-11-07,s0048,popup,팝업,아디다스 오리지널스,소상공인,,bundle,20,1
2025-11-08,s0048,popup,팝업,아디다스 오리지널스,소상공인,,bundle,62,5
2025-11-09,s0048,popup,팝업,아디다스 오리지널스,소상공인,,bundle,17,1
2025-11-10,s0048,popup,팝업,아디다스 오리지널스,소상공인,,bundle,26,1
2025-11-01,s0049,delivery,딜리버리,경기배달특급,브랜드,,bundle,60,2
2025-11-02,s0049,delivery,딜리버리,경기배달특급,브랜드,,bundle,145,6
2025-11-03,s0049,delivery,딜리버리,경기배달특급,브랜드,,bundle,61,4
2025-11-04,s0049,delivery,딜리버리,경기배달특급,브랜드,,bundle,47,3
2025-11-05,s0049,delivery,딜리버리,경기배달특급,브랜드,,bundle,30,1
2025-11-06,s0049,delivery,딜리버리,경기배달특급,브랜드,,bundle,24,1
2025-11-07,s0049,delivery,딜리버리,경기배달특급,브랜드,,bundle,46,2
2025-11-08,s0049,delivery,딜리버리,경기배달특급,브랜드,,bundle,48,2
2025-11-09,s0049,delivery,딜리버리,경기배달특급,브랜드,,bundle,29,1
2025-11-10,s0049,delivery,딜리버리,경기배달특급,브랜드,,bundle,20,1
2025-11-11,s0049,delivery,딜리버리,경기배달특급,브랜드,,bundle,18,1
2025-11-12,s0049,delivery,딜리버리,경기배달특급,브랜드,,bundle,18,1
2025-11-13,s0049,delivery,딜리버리,경기배달특급,브랜드,,bundle,23,1
2025-11-14,s0049,delivery,딜리버리,경기배달특급,브랜드,,bundle,38,2
2025-11-15,s0049,delivery,딜리버리,경기배달특급,브랜드,,bundle,46,2
2025-11-16,s0049,delivery,딜리버리,경기배달특급,브랜드,,bundle,35,2
2025-11-02,s0050,fashion,패션,Levi's,브랜드,45.0,percent,123,5
2025-11-03,s0050,fashion,패션,Levi's,브랜드,45.0,percent,88,4
2025-11-04,s0050,fashion,패션,Levi's,브랜드,45.0,percent,30,1
2025-11-05,s0050,fashion,패션,Levi's,브랜드,45.0,percent,61,4
2025-11-06,s0050,fashion,패션,Levi's,브랜드,45.0,percent,85,5
2025-11-07,s0050,fashion,패션,Levi's,브랜드,45.0,percent,30,2
2025-11-08,s0050,fashion,패션,Levi's,브랜드,45.0,percent,25,2
2025-11-09,s0050,fashion,패션,Levi's,브랜드,45.0,percent,53,3
2025-11-10,s0050,fashion,패션,Levi's,브랜드,45.0,percent,56,2
2025-11-11,s0050,fashion,패션,Levi's,브랜드,45.0,percent,33,2
2025-11-12,s0050,fashion,패션,Levi's,브랜드,45.0,percent,44,2
2025-11-13,s0050,fashion,패션,Levi's,브랜드,45.0,percent,41,2
2025-11-14,s0050,fashion,패션,Levi's,브랜드,45.0,percent,29,1
2025-11-15,s0050,fashion,패션,Levi's,브랜드,45.0,percent,36,2
2025-11-16,s0050,fashion,패션,Levi's,브랜드,45.0,percent,25,2
2025-11-17,s0050,fashion,패션,Levi's,브랜드,45.0,percent,55,4
2025-11-18,s0050,fashion,패션,Levi's,브랜드,45.0,percent,41,2
2025-11-19,s0050,fashion,패션,Levi's,브랜드,45.0,percent,31,2
2025-11-20,s0050,fashion,패션,Levi's,브랜드,45.0,percent,31,2
2025-11-21,s0050,fashion,패션,Levi's,브랜드,45.0,percent,31,1
2025-11-22,s0050,fashion,패션,Levi's,브랜드,45.0,percent,55,2
2025-11-23,s0050,fashion,패션,Levi's,브랜드,45.0,percent,34,2
2025-11-24,s0050,fashion,패션,Levi's,브랜드,45.0,percent,28,2
2025-11-25,s0050,fashion,패션,Levi's,브랜드,45.0,percent,24,1
2025-11-26,s0050,fashion,패션,Levi's,브랜드,45.0,percent,41,3
2025-11-27,s0050,fashion,패션,Levi's,브랜드,45.0,percent,32,2
2025-11-28,s0050,fashion,패션,Levi's,브랜드,45.0,percent,42,3
2025-11-29,s0050,fashion,패션,Levi's,브랜드,45.0,percent,31,1
2025-11-30,s0050,fashion,패션,Levi's,브랜드,45.0,percent,35,2
2025-12-01,s0050,fashion,패션,Levi's,브랜드,45.0,percent,33,2
2025-12-02,s0050,fashion,패션,Levi's,브랜드,45.0,percent,17,1
2025-11-04,s0051,fashion,패션,adidas,소상공인,50.0,percent,66,4
2025-11-05,s0051,fashion,패션,adidas,소상공인,50.0,percent,64,4
2025-11-06,s0051,fashion,패션,adidas,소상공인,50.0,percent,38,1
2025-11-07,s0051,fashion,패션,adidas,소상공인,50.0,percent,92,7
2025-11-08,s0051,fashion,패션,adidas,소상공인,50.0,percent,76,3
2025-11-09,s0051,fashion,패션,adidas,소상공인,50.0,percent,54,4
2025-11-10,s0051,fashion,패션,adidas,소상공인,50.0,percent,30,2
2025-11-11,s0051,fashion,패션,adidas,소상공인,50.0,percent,19,1
2025-11-12,s0051,fashion,패션,adidas,소상공인,50.0,percent,48,2
2025-11-13,s0051,fashion,패션,adidas,소상공인,50.0,percent,29,2
2025-11-14,s0051,fashion,패션,adidas,소상공인,50.0,percent,25,1
2025-11-15,s0051,fashion,패션,adidas,소상공인,50.0,percent,36,3
2025-11-16,s0051,fashion,패션,adidas,소상공인,50.0,percent,49,3
2025-11-17,s0051,fashion,패션,adidas,소상공인,50.0,percent,32,1
2025-11-18,s0051,fashion,패션,adidas,소상공인,50.0,percent,19,1
2025-11-19,s0051,fashion,패션,adidas,소상공인,50.0,percent,43,2
2025-11-20,s0051,fashion,패션,adidas,소상공인,50.0,percent,18,1
2025-11-21,s0051,fashion,패션,adidas,소상공인,50.0,percent,58,3
2025-11-22,s0051,fashion,패션,adidas,소상공인,50.0,percent,45,3
2025-11-23,s0051,fashion,패션,adidas,소상공인,50.0,percent,34,2
2025-11-24,s0051,fashion,패션,adidas,소상공인,50.0,percent,26,1
2025-11-04,s0052,popup,팝업,성수 로컬 소품샵,브랜드,35.0,percent,85,8
2025-11-05,s0052,popup,팝업,성수 로컬 소품샵,브랜드,35.0,percent,91,5
2025-11-06,s0052,popup,팝업,성수 로컬 소품샵,브랜드,35.0,percent,37,2
2025-11-07,s0052,popup,팝업,성수 로컬 소품샵,브랜드,35.0,percent,57,3
2025-11-08,s0052,popup,팝업,성수 로컬 소품샵,브랜드,35.0,percent,81,7
2025-11-09,s0052,popup,팝업,성수 로컬 소품샵,브랜드,35.0,percent,101,9
2025-11-10,s0052,popup,팝업,성수 로컬 소품샵,브랜드,35.0,percent,67,6
2025-11-11,s0052,popup,팝업,성수 로컬 소품샵,브랜드,35.0,percent,69,4
2025-11-12,s0052,popup,팝업,성수 로컬 소품샵,브랜드,35.0,percent,58,4
2025-11-13,s0052,popup,팝업,성수 로컬 소품샵,브랜드,35.0,percent,30,2
2025-11-14,s0052,popup,팝업,성수 로컬 소품샵,브랜드,35.0,percent,47,4
2025-11-15,s0052,popup,팝업,성수 로컬 소품샵,브랜드,35.0,percent,79,6
2025-11-16,s0052,popup,팝업,성수 로컬 소품샵,브랜드,35.0,percent,69,6
2025-11-17,s0052,popup,팝업,성수 로컬 소품샵,브랜드,35.0,percent,32,3
2025-11-18,s0052,popup,팝업,성수 로컬 소품샵,브랜드,35.0,percent,38,3
2025-11-19,s0052,popup,팝업,성수 로컬 소품샵,브랜드,35.0,percent,29,2
2025-11-07,s0053,living,리빙,자주,브랜드,35.0,percent,45,2
2025-11-08,s0053,living,리빙,자주,브랜드,35.0,percent,74,3
2025-11-09,s0053,living,리빙,자주,브랜드,35.0,percent,59,3
2025-11-10,s0053,living,리빙,자주,브랜드,35.0,percent,33,1
2025-11-11,s0053,living,리빙,자주,브랜드,35.0,percent,41,2
2025-11-12,s0053,living,리빙,자주,브랜드,35.0,percent,30,1
2025-11-13,s0053,living,리빙,자주,브랜드,35.0,percent,37,2
2025-11-14,s0053,living,리빙,자주,브랜드,35.0,percent,48,3
2025-11-15,s0053,living,리빙,자주,브랜드,35.0,percent,94,4
2025-11-16,s0053,living,리빙,자주,브랜드,35.0,percent,35,2
2025-11-17,s0053,living,리빙,자주,브랜드,35.0,percent,38,1
2025-11-18,s0053,living,리빙,자주,브랜드,35.0,percent,25,1
2025-11-19,s0053,living,리빙,자주,브랜드,35.0,percent,26,1
2025-11-20,s0053,living,리빙,자주,브랜드,35.0,percent,24,1
2025-11-21,s0053,living,리빙,자주,브랜드,35.0,percent,31,1
2025-11-22,s0053,living,리빙,자주,브랜드,35.0,percent,32,1
2025-11-08,s0054,tech,테크,소니,브랜드,20.0,percent,102,5
2025-11-09,s0054,tech,테크,소니,브랜드,20.0,percent,45,1
2025-11-10,s0054,tech,테크,소니,브랜드,20.0,percent,21,1
2025-11-11,s0054,tech,테크,소니,브랜드,20.0,percent,25,1
2025-11-12,s0054,tech,테크,소니,브랜드,20.0,percent,23,1
2025-11-13,s0054,tech,테크,소니,브랜드,20.0,percent,23,1
2025-11-14,s0054,tech,테크,소니,브랜드,20.0,percent,30,2
2025-11-15,s0054,tech,테크,소니,브랜드,20.0,percent,29,2
2025-11-16,s0054,tech,테크,소니,브랜드,20.0,percent,29,2
2025-11-17,s0054,tech,테크,소니,브랜드,20.0,percent,17,1
2025-11-18,s0054,tech,테크,소니,브랜드,20.0,percent,22,1
2025-11-19,s0054,tech,테크,소니,브랜드,20.0,percent,45,2
2025-11-20,s0054,tech,테크,소니,브랜드,20.0,percent,22,1
2025-11-21,s0054,tech,테크,소니,브랜드,20.0,percent,20,1
2025-11-22,s0054,tech,테크,소니,브랜드,20.0,percent,12,1
2025-11-23,s0054,tech,테크,소니,브랜드,20.0,percent,50,2
2025-11-24,s0054,tech,테크,소니,브랜드,20.0,percent,20,1
2025-11-25,s0054,tech,테크,소니,브랜드,20.0,percent,16,1
2025-11-26,s0054,tech,테크,소니,브랜드,20.0,percent,8,0
2025-11-27,s0054,tech,테크,소니,브랜드,20.0,percent,18,1
2025-11-28,s0054,tech,테크,소니,브랜드,20.0,percent,24,1
2025-11-08,s0055,food,푸드,GS25,소상공인,45.0,percent,106,6
2025-11-09,s0055,food,푸드,GS25,소상공인,45.0,percent,64,4
2025-11-10,s0055,food,푸드,GS25,소상공인,45.0,percent,39,2
2025-11-11,s0055,food,푸드,GS25,소상공인,45.0,percent,105,6
2025-11-12,s0055,food,푸드,GS25,소상공인,45.0,percent,53,5
2025-11-13,s0055,food,푸드,GS25,소상공인,45.0,percent,41,4
2025-11-14,s0055,food,푸드,GS25,소상공인,45.0,percent,56,5
2025-11-15,s0055,food,푸드,GS25,소상공인,45.0,percent,60,5
2025-11-16,s0055,food,푸드,GS25,소상공인,45.0,percent,32,2
2025-11-17,s0055,food,푸드,GS25,소상공인,45.0,percent,51,4
2025-11-18,s0055,food,푸드,GS25,소상공인,45.0,percent,32,3
2025-11-08,s0056,fashion,패션,New Balance,브랜드,40.0,percent,126,5
2025-11-09,s0056,fashion,패션,New Balance,브랜드,40.0,percent,162,11
2025-11-10,s0056,fashion,패션,New Balance,브랜드,40.0,percent,38,2
2025-11-11,s0056,fashion,패션,New Balance,브랜드,40.0,percent,39,2
2025-11-12,s0056,fashion,패션,New Balance,브랜드,40.0,percent,54,3
2025-11-13,s0056,fashion,패션,New Balance,브랜드,40.0,percent,64,4
2025-11-14,s0056,fashion,패션,New Balance,브랜드,40.0,percent,43,2
2025-11-15,s0056,fashion,패션,New Balance,브랜드,40.0,percent,48,2
2025-11-16,s0056,fashion,패션,New Balance,브랜드,40.0,percent,64,4
2025-11-17,s0056,fashion,패션,New Balance,브랜드,40.0,percent,78,5
2025-11-18,s0056,fashion,패션,New Balance,브랜드,40.0,percent,33,2
2025-11-19,s0056,fashion,패션,New Balance,브랜드,40.0,percent,25,2
2025-11-20,s0056,fashion,패션,New Balance,브랜드,40.0,percent,24,1
2025-11-21,s0056,fashion,패션,New Balance,브랜드,40.0,percent,39,2
2025-11-22,s0056,fashion,패션,New Balance,브랜드,40.0,percent,63,3
2025-11-23,s0056,fashion,패션,New Balance,브랜드,40.0,percent,116,5
2025-11-10,s0057,stay,스테이,Airbnb,브랜드,60.0,percent,58,2
2025-11-11,s0057,stay,스테이,Airbnb,브랜드,60.0,percent,54,2
2025-11-12,s0057,stay,스테이,Airbnb,브랜드,60.0,percent,89,4
2025-11-13,s0057,stay,스테이,Airbnb,브랜드,60.0,percent,51,2
2025-11-14,s0057,stay,스테이,Airbnb,브랜드,60.0,percent,54,2
2025-11-15,s0057,stay,스테이,Airbnb,브랜드,60.0,percent,90,3
2025-11-16,s0057,stay,스테이,Airbnb,브랜드,60.0,percent,48,2
2025-11-17,s0057,stay,스테이,Airbnb,브랜드,60.0,percent,22,1
2025-11-18,s0057,stay,스테이,Airbnb,브랜드,60.0,percent,43,2
2025-11-19,s0057,stay,스테이,Airbnb,브랜드,60.0,percent,16,1
2025-11-20,s0057,stay,스테이,Airbnb,브랜드,60.0,percent,41,1
2025-11-10,s0058,popup,팝업,무신사 스탠다드,브랜드,,other,83,6
2025-11-11,s0058,popup,팝업,무신사 스탠다드,브랜드,,other,61,5
2025-11-12,s0058,popup,팝업,무신사 스탠다드,브랜드,,other,56,4
2025-11-13,s0058,popup,팝업,무신사 스탠다드,브랜드,,other,56,5
2025-11-14,s0058,popup,팝업,무신사 스탠다드,브랜드,,other,55,4
2025-11-15,s0058,popup,팝업,무신사 스탠다드,브랜드,,other,81,6
2025-11-16,s0058,popup,팝업,무신사 스탠다드,브랜드,,other,51,4
2025-11-17,s0058,popup,팝업,무신사 스탠다드,브랜드,,other,20,2
2025-11-18,s0058,popup,팝업,무신사 스탠다드,브랜드,,other,36,3
2025-11-19,s0058,popup,팝업,무신사 스탠다드,브랜드,,other,51,5
2025-11-20,s0058,popup,팝업,무신사 스탠다드,브랜드,,other,19,1
2025-11-21,s0058,popup,팝업,무신사 스탠다드,브랜드,,other,44,3
2025-11-22,s0058,popup,팝업,무신사 스탠다드,브랜드,,other,43,4
2025-11-23,s0058,popup,팝업,무신사 스탠다드,브랜드,,other,63,4
2025-11-24,s0058,popup,팝업,무신사 스탠다드,브랜드,,other,30,3
2025-11-25,s0058,popup,팝업,무신사 스탠다드,브랜드,,other,40,2
2025-11-11,s0059,popup,팝업,앤더슨벨,브랜드,35.0,percent,104,9
2025-11-12,s0059,popup,팝업,앤더슨벨,브랜드,35.0,percent,96,6
2025-11-13,s0059,popup,팝업,앤더슨벨,브랜드,35.0,percent,120,11
2025-11-14,s0059,popup,팝업,앤더슨벨,브랜드,35.0,percent,69,6
2025-11-15,s0059,popup,팝업,앤더슨벨,브랜드,35.0,percent,81,5
2025-11-16,s0059,popup,팝업,앤더슨벨,브랜드,35.0,percent,78,6
2025-11-17,s0059,popup,팝업,앤더슨벨,브랜드,35.0,percent,46,3
2025-11-18,s0059,popup,팝업,앤더슨벨,브랜드,35.0,percent,36,3
2025-11-19,s0059,popup,팝업,앤더슨벨,브랜드,35.0,percent,29,2
2025-11-20,s0059,popup,팝업,앤더슨벨,브랜드,35.0,percent,41,2
2025-11-21,s0059,popup,팝업,앤더슨벨,브랜드,35.0,percent,28,2
2025-11-22,s0059,popup,팝업,앤더슨벨,브랜드,35.0,percent,26,2
2025-11-23,s0059,popup,팝업,앤더슨벨,브랜드,35.0,percent,33,2
2025-11-24,s0059,popup,팝업,앤더슨벨,브랜드,35.0,percent,44,2
2025-11-25,s0059,popup,팝업,앤더슨벨,브랜드,35.0,percent,35,2
2025-11-26,s0059,popup,팝업,앤더슨벨,브랜드,35.0,percent,43,2
2025-11-12,s0060,tech,테크,Samsung,브랜드,25.0,percent,40,1
2025-11-13,s0060,tech,테크,Samsung,브랜드,25.0,percent,66,2
2025-11-14,s0060,tech,테크,Samsung,브랜드,25.0,percent,30,1
2025-11-15,s0060,tech,테크,Samsung,브랜드,25.0,percent,35,1
2025-11-16,s0060,tech,테크,Samsung,브랜드,25.0,percent,61,3
2025-11-17,s0060,tech,테크,Samsung,브랜드,25.0,percent,30,1
2025-11-18,s0060,tech,테크,Samsung,브랜드,25.0,percent,31,1
2025-11-19,s0060,tech,테크,Samsung,브랜드,25.0,percent,26,1
2025-11-20,s0060,tech,테크,Samsung,브랜드,25.0,percent,20,1
2025-11-21,s0060,tech,테크,Samsung,브랜드,25.0,percent,19,1
2025-11-22,s0060,tech,테크,Samsung,브랜드,25.0,percent,17,1
2025-11-23,s0060,tech,테크,Samsung,브랜드,25.0,percent,55,2
2025-11-24,s0060,tech,테크,Samsung,브랜드,25.0,percent,12,0
2025-11-25,s0060,tech,테크,Samsung,브랜드,25.0,percent,31,2
2025-11-26,s0060,tech,테크,Samsung,브랜드,25.0,percent,20,1
2025-11-27,s0060,tech,테크,Samsung,브랜드,25.0,percent,23,1
2025-11-28,s0060,tech,테크,Samsung,브랜드,25.0,percent,27,1
2025-11-14,s0061,beauty,뷰티,MAC,브랜드,40.0,percent,131,6
2025-11-15,s0061,beauty,뷰티,MAC,브랜드,40.0,percent,83,6
2025-11-16,s0061,beauty,뷰티,MAC,브랜드,40.0,percent,42,2
2025-11-17,s0061,beauty,뷰티,MAC,브랜드,40.0,percent,46,3
2025-11-18,s0061,beauty,뷰티,MAC,브랜드,40.0,percent,56,3
2025-11-19,s0061,beauty,뷰티,MAC,브랜드,40.0,percent,32,3
2025-11-20,s0061,beauty,뷰티,MAC,브랜드,40.0,percent,66,5
2025-11-21,s0061,beauty,뷰티,MAC,브랜드,40.0,percent,50,4
2025-11-22,s0061,beauty,뷰티,MAC,브랜드,40.0,percent,38,2
2025-11-23,s0061,beauty,뷰티,MAC,브랜드,40.0,percent,54,5
2025-11-24,s0061,beauty,뷰티,MAC,브랜드,40.0,percent,42,4
2025-11-25,s0061,beauty,뷰티,MAC,브랜드,40.0,percent,39,2
2025-11-26,s0061,beauty,뷰티,MAC,브랜드,40.0,percent,12,1
2025-11-27,s0061,beauty,뷰티,MAC,브랜드,40.0,percent,12,1
2025-11-28,s0061,beauty,뷰티,MAC,브랜드,40.0,percent,60,3
2025-11-29,s0061,beauty,뷰티,MAC,브랜드,40.0,percent,29,1
2025-11-15,s0062,popup,팝업,동네빵집 밀도,브랜드,,other,179,15
2025-11-16,s0062,popup,팝업,동네빵집 밀도,브랜드,,other,148,10
2025-11-17,s0062,popup,팝업,동네빵집 밀도,브랜드,,other,41,4
2025-11-18,s0062,popup,팝업,동네빵집 밀도,브랜드,,other,37,2
2025-11-19,s0062,popup,팝업,동네빵집 밀도,브랜드,,other,65,4
2025-11-20,s0062,popup,팝업,동네빵집 밀도,브랜드,,other,42,4
2025-11-21,s0062,popup,팝업,동네빵집 밀도,브랜드,,other,86,5
2025-11-22,s0062,popup,팝업,동네빵집 밀도,브랜드,,other,105,7
2025-11-23,s0062,popup,팝업,동네빵집 밀도,브랜드,,other,35,2
2025-11-24,s0062,popup,팝업,동네빵집 밀도,브랜드,,other,28,2
2025-11-25,s0062,popup,팝업,동네빵집 밀도,브랜드,,other,34,3
2025-11-26,s0062,popup,팝업,동네빵집 밀도,브랜드,,other,16,1
2025-11-27,s0062,popup,팝업,동네빵집 밀도,브랜드,,other,19,1
2025-11-28,s0062,popup,팝업,동네빵집 밀도,브랜드,,other,31,2
2025-11-29,s0062,popup,팝업,동네빵집 밀도,브랜드,,other,98,8
2025-11-30,s0062,popup,팝업,동네빵집 밀도,브랜드,,other,49,3
2025-11-16,s0063,stay,스테이,Expedia,브랜드,50.0,percent,66,3
2025-11-17,s0063,stay,스테이,Expedia,브랜드,50.0,percent,36,1
2025-11-18,s0063,stay,스테이,Expedia,브랜드,50.0,percent,28,1
2025-11-19,s0063,stay,스테이,Expedia,브랜드,50.0,percent,33,2
2025-11-20,s0063,stay,스테이,Expedia,브랜드,50.0,percent,31,1
2025-11-21,s0063,stay,스테이,Expedia,브랜드,50.0,percent,39,2
2025-11-22,s0063,stay,스테이,Expedia,브랜드,50.0,percent,55,2
2025-11-23,s0063,stay,스테이,Expedia,브랜드,50.0,percent,39,2
2025-11-24,s0063,stay,스테이,Expedia,브랜드,50.0,percent,36,1
2025-11-25,s0063,stay,스테이,Expedia,브랜드,50.0,percent,22,1
2025-11-26,s0063,stay,스테이,Expedia,브랜드,50.0,percent,46,2
2025-11-17,s0064,delivery,딜리버리,동네줌,브랜드,10.0,percent,70,3
2025-11-18,s0064,delivery,딜리버리,동네줌,브랜드,10.0,percent,47,2
2025-11-19,s0064,delivery,딜리버리,동네줌,브랜드,10.0,percent,48,2
2025-11-20,s0064,delivery,딜리버리,동네줌,브랜드,10.0,percent,31,1
2025-11-21,s0064,delivery,딜리버리,동네줌,브랜드,10.0,percent,38,2
2025-11-22,s0064,delivery,딜리버리,동네줌,브랜드,10.0,percent,40,2
2025-11-23,s0064,delivery,딜리버리,동네줌,브랜드,10.0,percent,29,1
2025-11-24,s0064,delivery,딜리버리,동네줌,브랜드,10.0,percent,16,1
2025-11-25,s0064,delivery,딜리버리,동네줌,브랜드,10.0,percent,28,1
2025-11-26,s0064,delivery,딜리버리,동네줌,브랜드,10.0,percent,33,2
2025-11-27,s0064,delivery,딜리버리,동네줌,브랜드,10.0,percent,27,2
2025-11-28,s0064,delivery,딜리버리,동네줌,브랜드,10.0,percent,27,2
2025-11-29,s0064,delivery,딜리버리,동네줌,브랜드,10.0,percent,70,3
2025-11-30,s0064,delivery,딜리버리,동네줌,브랜드,10.0,percent,23,1
2025-12-01,s0064,delivery,딜리버리,동네줌,브랜드,10.0,percent,23,1
2025-12-02,s0064,delivery,딜리버리,동네줌,브랜드,10.0,percent,29,1
2025-12-03,s0064,delivery,딜리버리,동네줌,브랜드,10.0,percent,14,1
2025-11-19,s0065,food,푸드,이마트에브리데이,브랜드,,bundle,108,8
2025-11-20,s0065,food,푸드,이마트에브리데이,브랜드,,bundle,147,11
2025-11-21,s0065,food,푸드,이마트에브리데이,브랜드,,bundle,83,8
2025-11-22,s0065,food,푸드,이마트에브리데이,브랜드,,bundle,92,7
2025-11-23,s0065,food,푸드,이마트에브리데이,브랜드,,bundle,58,4
2025-11-24,s0065,food,푸드,이마트에브리데이,브랜드,,bundle,57,4
2025-11-25,s0065,food,푸드,이마트에브리데이,브랜드,,bundle,32,2
2025-11-26,s0065,food,푸드,이마트에브리데이,브랜드,,bundle,41,4
2025-11-27,s0065,food,푸드,이마트에브리데이,브랜드,,bundle,25,2
2025-11-28,s0065,food,푸드,이마트에브리데이,브랜드,,bundle,20,1
2025-11-29,s0065,food,푸드,이마트에브리데이,브랜드,,bundle,47,5
2025-11-30,s0065,food,푸드,이마트에브리데이,브랜드,,bundle,42,3
2025-12-01,s0065,food,푸드,이마트에브리데이,브랜드,,bundle,30,2
2025-12-02,s0065,food,푸드,이마트에브리데이,브랜드,,bundle,42,3
2025-12-03,s0065,food,푸드,이마트에브리데이,브랜드,,bundle,48,4
2025-12-04,s0065,food,푸드,이마트에브리데이,브랜드,,bundle,39,3
2025-11-22,s0066,stay,스테이,Booking.com,브랜드,50.0,percent,114,5
2025-11-23,s0066,stay,스테이,Booking.com,브랜드,50.0,percent,55,2
2025-11-24,s0066,stay,스테이,Booking.com,브랜드,50.0,percent,32,1
2025-11-25,s0066,stay,스테이,Booking.com,브랜드,50.0,percent,45,2
2025-11-26,s0066,stay,스테이,Booking.com,브랜드,50.0,percent,24,1
2025-11-27,s0066,stay,스테이,Booking.com,브랜드,50.0,percent,23,1
2025-11-28,s0066,stay,스테이,Booking.com,브랜드,50.0,percent,107,5
2025-11-29,s0066,stay,스테이,Booking.com,브랜드,50.0,percent,44,2
2025-11-30,s0066,stay,스테이,Booking.com,브랜드,50.0,percent,32,1
2025-12-01,s0066,stay,스테이,Booking.com,브랜드,50.0,percent,21,1
2025-12-02,s0066,stay,스테이,Booking.com,브랜드,50.0,percent,14,1
2025-12-03,s0066,stay,스테이,Booking.com,브랜드,50.0,percent,27,1
2025-12-04,s0066,stay,스테이,Booking.com,브랜드,50.0,percent,23,1
2025-12-05,s0066,stay,스테이,Booking.com,브랜드,50.0,percent,43,1
2025-12-06,s0066,stay,스테이,Booking.com,브랜드,50.0,percent,42,1
2025-12-07,s0066,stay,스테이,Booking.com,브랜드,50.0,percent,29,1
2025-11-22,s0067,fashion,패션,폴로 랄프로렌,소상공인,20.0,percent,42,2
2025-11-23,s0067,fashion,패션,폴로 랄프로렌,소상공인,20.0,percent,69,3
2025-11-24,s0067,fashion,패션,폴로 랄프로렌,소상공인,20.0,percent,42,2
2025-11-25,s0067,fashion,패션,폴로 랄프로렌,소상공인,20.0,percent,17,1
2025-11-26,s0067,fashion,패션,폴로 랄프로렌,소상공인,20.0,percent,39,2
2025-11-27,s0067,fashion,패션,폴로 랄프로렌,소상공인,20.0,percent,22,1
2025-11-28,s0067,fashion,패션,폴로 랄프로렌,소상공인,20.0,percent,52,4
2025-11-29,s0067,fashion,패션,폴로 랄프로렌,소상공인,20.0,percent,39,2
2025-11-30,s0067,fashion,패션,폴로 랄프로렌,소상공인,20.0,percent,29,2
2025-12-01,s0067,fashion,패션,폴로 랄프로렌,소상공인,20.0,percent,26,2
2025-12-02,s0067,fashion,패션,폴로 랄프로렌,소상공인,20.0,percent,23,1
2025-12-03,s0067,fashion,패션,폴로 랄프로렌,소상공인,20.0,percent,24,2
2025-12-04,s0067,fashion,패션,폴로 랄프로렌,소상공인,20.0,percent,32,2
2025-12-05,s0067,fashion,패션,폴로 랄프로렌,소상공인,20.0,percent,15,1
2025-12-06,s0067,fashion,패션,폴로 랄프로렌,소상공인,20.0,percent,36,1
2025-12-07,s0067,fashion,패션,폴로 랄프로렌,소상공인,20.0,percent,23,1
2025-12-08,s0067,fashion,패션,폴로 랄프로렌,소상공인,20.0,percent,19,1
2025-12-09,s0067,fashion,패션,폴로 랄프로렌,소상공인,20.0,percent,33,2
2025-12-10,s0067,fashion,패션,폴로 랄프로렌,소상공인,20.0,percent,16,1
2025-12-11,s0067,fashion,패션,폴로 랄프로렌,소상공인,20.0,percent,26,1
2025-12-12,s0067,fashion,패션,폴로 랄프로렌,소상공인,20.0,percent,37,2
2025-11-23,s0068,delivery,딜리버리,동네줌,브랜드,,bundle,110,5
2025-11-24,s0068,delivery,딜리버리,동네줌,브랜드,,bundle,59,3
2025-11-25,s0068,delivery,딜리버리,동네줌,브랜드,,bundle,51,2
2025-11-26,s0068,delivery,딜리버리,동네줌,브랜드,,bundle,54,3
2025-11-27,s0068,delivery,딜리버리,동네줌,브랜드,,bundle,32,1
2025-11-28,s0068,delivery,딜리버리,동네줌,브랜드,,bundle,47,2
2025-11-29,s0068,delivery,딜리버리,동네줌,브랜드,,bundle,111,6
2025-11-30,s0068,delivery,딜리버리,동네줌,브랜드,,bundle,52,3
2025-12-01,s0068,delivery,딜리버리,동네줌,브랜드,,bundle,32,2
2025-12-02,s0068,delivery,딜리버리,동네줌,브랜드,,bundle,24,2
2025-12-03,s0068,delivery,딜리버리,동네줌,브랜드,,bundle,21,1
2025-11-25,s0069,delivery,딜리버리,자담치킨,브랜드,,bundle,69,3
2025-11-26,s0069,delivery,딜리버리,자담치킨,브랜드,,bundle,64,3
2025-11-27,s0069,delivery,딜리버리,자담치킨,브랜드,,bundle,51,3
2025-11-28,s0069,delivery,딜리버리,자담치킨,브랜드,,bundle,147,8
2025-11-29,s0069,delivery,딜리버리,자담치킨,브랜드,,bundle,47,2
2025-11-30,s0069,delivery,딜리버리,자담치킨,브랜드,,bundle,37,2
2025-12-01,s0069,delivery,딜리버리,자담치킨,브랜드,,bundle,30,2
2025-12-02,s0069,delivery,딜리버리,자담치킨,브랜드,,bundle,30,2
2025-12-03,s0069,delivery,딜리버리,자담치킨,브랜드,,bundle,23,1
2025-12-04,s0069,delivery,딜리버리,자담치킨,브랜드,,bundle,33,1
2025-12-05,s0069,delivery,딜리버리,자담치킨,브랜드,,bundle,40,2
2025-11-25,s0070,beauty,뷰티,Etude,브랜드,30.0,percent,92,6
2025-11-26,s0070,beauty,뷰티,Etude,브랜드,30.0,percent,55,3
2025-11-27,s0070,beauty,뷰티,Etude,브랜드,30.0,percent,96,6
2025-11-28,s0070,beauty,뷰티,Etude,브랜드,30.0,percent,81,4
2025-11-29,s0070,beauty,뷰티,Etude,브랜드,30.0,percent,186,15
2025-11-30,s0070,beauty,뷰티,Etude,브랜드,30.0,percent,45,3
2025-12-01,s0070,beauty,뷰티,Etude,브랜드,30.0,percent,29,2
2025-12-02,s0070,beauty,뷰티,Etude,브랜드,30.0,percent,31,2
2025-12-03,s0070,beauty,뷰티,Etude,브랜드,30.0,percent,39,2
2025-12-04,s0070,beauty,뷰티,Etude,브랜드,30.0,percent,42,2
2025-12-05,s0070,beauty,뷰티,Etude,브랜드,30.0,percent,51,4
2025-11-26,s0071,stay,스테이,아고다,브랜드,30.0,percent,105,5
2025-11-27,s0071,stay,스테이,아고다,브랜드,30.0,percent,24,1
2025-11-28,s0071,stay,스테이,아고다,브랜드,30.0,percent,26,1
2025-11-29,s0071,stay,스테이,아고다,브랜드,30.0,percent,48,2
2025-11-30,s0071,stay,스테이,아고다,브랜드,30.0,percent,85,3
2025-12-01,s0071,stay,스테이,아고다,브랜드,30.0,percent,36,1
2025-12-02,s0071,stay,스테이,아고다,브랜드,30.0,percent,17,1
2025-12-03,s0071,stay,스테이,아고다,브랜드,30.0,percent,26,1
2025-12-04,s0071,stay,스테이,아고다,브랜드,30.0,percent,23,1
2025-12-05,s0071,stay,스테이,아고다,브랜드,30.0,percent,26,1
2025-12-06,s0071,stay,스테이,아고다,브랜드,30.0,percent,26,1
2025-12-07,s0071,stay,스테이,아고다,브랜드,30.0,percent,30,1
2025-12-08,s0071,stay,스테이,아고다,브랜드,30.0,percent,29,1
2025-12-09,s0071,stay,스테이,아고다,브랜드,30.0,percent,16,1
2025-12-10,s0071,stay,스테이,아고다,브랜드,30.0,percent,24,1
2025-12-11,s0071,stay,스테이,아고다,브랜드,30.0,percent,27,1
2025-12-12,s0071,stay,스테이,아고다,브랜드,30.0,percent,38,1
2025-11-27,s0072,delivery,딜리버리,Pizza Hut,브랜드,,bundle,52,2
2025-11-28,s0072,delivery,딜리버리,Pizza Hut,브랜드,,bundle,74,4
2025-11-29,s0072,delivery,딜리버리,Pizza Hut,브랜드,,bundle,60,4
2025-11-30,s0072,delivery,딜리버리,Pizza Hut,브랜드,,bundle,64,3
2025-12-01,s0072,delivery,딜리버리,Pizza Hut,브랜드,,bundle,41,2
2025-12-02,s0072,delivery,딜리버리,Pizza Hut,브랜드,,bundle,24,1
2025-12-03,s0072,delivery,딜리버리,Pizza Hut,브랜드,,bundle,36,1
2025-12-04,s0072,delivery,딜리버리,Pizza Hut,브랜드,,bundle,73,4
2025-12-05,s0072,delivery,딜리버리,Pizza Hut,브랜드,,bundle,46,2
2025-12-06,s0072,delivery,딜리버리,Pizza Hut,브랜드,,bundle,28,2
2025-12-07,s0072,delivery,딜리버리,Pizza Hut,브랜드,,bundle,28,1
2025-12-08,s0072,delivery,딜리버리,Pizza Hut,브랜드,,bundle,27,2
2025-12-09,s0072,delivery,딜리버리,Pizza Hut,브랜드,,bundle,18,1
2025-12-10,s0072,delivery,딜리버리,Pizza Hut,브랜드,,bundle,41,2
2025-12-11,s0072,delivery,딜리버리,Pizza Hut,브랜드,,bundle,17,1
2025-12-12,s0072,delivery,딜리버리,Pizza Hut,브랜드,,bundle,39,1
2025-11-28,s0073,fashion,패션,GUESS,브랜드,20.0,percent,49,2
2025-11-29,s0073,fashion,패션,GUESS,브랜드,20.0,percent,84,5
2025-11-30,s0073,fashion,패션,GUESS,브랜드,20.0,percent,48,3
2025-12-01,s0073,fashion,패션,GUESS,브랜드,20.0,percent,56,3
2025-12-02,s0073,fashion,패션,GUESS,브랜드,20.0,percent,54,3
2025-12-03,s0073,fashion,패션,GUESS,브랜드,20.0,percent,41,2
2025-12-04,s0073,fashion,패션,GUESS,브랜드,20.0,percent,52,4
2025-12-05,s0073,fashion,패션,GUESS,브랜드,20.0,percent,18,1
2025-12-06,s0073,fashion,패션,GUESS,브랜드,20.0,percent,47,2
2025-12-07,s0073,fashion,패션,GUESS,브랜드,20.0,percent,47,2
2025-12-08,s0073,fashion,패션,GUESS,브랜드,20.0,percent,35,2
2025-12-09,s0073,fashion,패션,GUESS,브랜드,20.0,percent,13,1
2025-12-10,s0073,fashion,패션,GUESS,브랜드,20.0,percent,31,1
2025-12-11,s0073,fashion,패션,GUESS,브랜드,20.0,percent,34,1
2025-12-12,s0073,fashion,패션,GUESS,브랜드,20.0,percent,34,2
2025-12-13,s0073,fashion,패션,GUESS,브랜드,20.0,percent,24,1
2025-12-14,s0073,fashion,패션,GUESS,브랜드,20.0,percent,29,2
2025-11-29,s0074,delivery,딜리버리,동네줌,브랜드,,amount,154,7
2025-11-30,s0074,delivery,딜리버리,동네줌,브랜드,,amount,118,5
2025-12-01,s0074,delivery,딜리버리,동네줌,브랜드,,amount,59,3
2025-12-02,s0074,delivery,딜리버리,동네줌,브랜드,,amount,54,2
2025-12-03,s0074,delivery,딜리버리,동네줌,브랜드,,amount,57,2
2025-12-04,s0074,delivery,딜리버리,동네줌,브랜드,,amount,45,2
2025-12-05,s0074,delivery,딜리버리,동네줌,브랜드,,amount,66,3
2025-12-06,s0074,delivery,딜리버리,동네줌,브랜드,,amount,72,3
2025-12-07,s0074,delivery,딜리버리,동네줌,브랜드,,amount,104,6
2025-12-08,s0074,delivery,딜리버리,동네줌,브랜드,,amount,24,1
2025-12-09,s0074,delivery,딜리버리,동네줌,브랜드,,amount,22,1
2025-12-02,s0075,food,푸드,배스킨라빈스,브랜드,50.0,percent,37,3
2025-12-03,s0075,food,푸드,배스킨라빈스,브랜드,50.0,percent,102,9
2025-12-04,s0075,food,푸드,배스킨라빈스,브랜드,50.0,percent,163,12
2025-12-05,s0075,food,푸드,배스킨라빈스,브랜드,50.0,percent,140,8
2025-12-06,s0075,food,푸드,배스킨라빈스,브랜드,50.0,percent,126,7
2025-12-07,s0075,food,푸드,배스킨라빈스,브랜드,50.0,percent,129,12
2025-12-08,s0075,food,푸드,배스킨라빈스,브랜드,50.0,percent,63,5
2025-12-09,s0075,food,푸드,배스킨라빈스,브랜드,50.0,percent,43,3
2025-12-10,s0075,food,푸드,배스킨라빈스,브랜드,50.0,percent,104,8
2025-12-11,s0075,food,푸드,배스킨라빈스,브랜드,50.0,percent,56,4
2025-12-12,s0075,food,푸드,배스킨라빈스,브랜드,50.0,percent,84,5
2025-12-13,s0075,food,푸드,배스킨라빈스,브랜드,50.0,percent,28,2
2025-12-14,s0075,food,푸드,배스킨라빈스,브랜드,50.0,percent,27,2
2025-12-15,s0075,food,푸드,배스킨라빈스,브랜드,50.0,percent,44,4
2025-12-16,s0075,food,푸드,배스킨라빈스,브랜드,50.0,percent,28,2
2025-12-17,s0075,food,푸드,배스킨라빈스,브랜드,50.0,percent,44,2
2025-12-18,s0075,food,푸드,배스킨라빈스,브랜드,50.0,percent,35,3
2025-12-03,s0076,living,리빙,IKEA,브랜드,,bundle,150,5
2025-12-04,s0076,living,리빙,IKEA,브랜드,,bundle,75,3
2025-12-05,s0076,living,리빙,IKEA,브랜드,,bundle,92,5
2025-12-06,s0076,living,리빙,IKEA,브랜드,,bundle,28,1
2025-12-07,s0076,living,리빙,IKEA,브랜드,,bundle,63,4
2025-12-08,s0076,living,리빙,IKEA,브랜드,,bundle,29,1
2025-12-09,s0076,living,리빙,IKEA,브랜드,,bundle,46,2
2025-12-10,s0076,living,리빙,IKEA,브랜드,,bundle,34,2
2025-12-11,s0076,living,리빙,IKEA,브랜드,,bundle,27,2
2025-12-12,s0076,living,리빙,IKEA,브랜드,,bundle,21,1
2025-12-13,s0076,living,리빙,IKEA,브랜드,,bundle,38,2
2025-12-14,s0076,living,리빙,IKEA,브랜드,,bundle,49,3
2025-12-15,s0076,living,리빙,IKEA,브랜드,,bundle,40,2
2025-12-16,s0076,living,리빙,IKEA,브랜드,,bundle,19,1
2025-12-17,s0076,living,리빙,IKEA,브랜드,,bundle,54,2
2025-12-18,s0076,living,리빙,IKEA,브랜드,,bundle,34,2
2025-12-03,s0077,delivery,딜리버리,교촌치킨,브랜드,25.0,percent,47,3
2025-12-04,s0077,delivery,딜리버리,교촌치킨,브랜드,25.0,percent,39,2
2025-12-05,s0077,delivery,딜리버리,교촌치킨,브랜드,25.0,percent,59,2
2025-12-06,s0077,delivery,딜리버리,교촌치킨,브랜드,25.0,percent,56,3
2025-12-07,s0077,delivery,딜리버리,교촌치킨,브랜드,25.0,percent,63,4
2025-12-08,s0077,delivery,딜리버리,교촌치킨,브랜드,25.0,percent,35,2
2025-12-09,s0077,delivery,딜리버리,교촌치킨,브랜드,25.0,percent,28,2
2025-12-10,s0077,delivery,딜리버리,교촌치킨,브랜드,25.0,percent,18,1
2025-12-11,s0077,delivery,딜리버리,교촌치킨,브랜드,25.0,percent,39,2
2025-12-12,s0077,delivery,딜리버리,교촌치킨,브랜드,25.0,percent,20,1
2025-12-13,s0077,delivery,딜리버리,교촌치킨,브랜드,25.0,percent,60,3
2025-12-04,s0078,stay,스테이,Airbnb,소상공인,35.0,percent,24,1
2025-12-05,s0078,stay,스테이,Airbnb,소상공인,35.0,percent,28,1
2025-12-06,s0078,stay,스테이,Airbnb,소상공인,35.0,percent,37,2
2025-12-07,s0078,stay,스테이,Airbnb,소상공인,35.0,percent,36,1
2025-12-08,s0078,stay,스테이,Airbnb,소상공인,35.0,percent,21,1
2025-12-09,s0078,stay,스테이,Airbnb,소상공인,35.0,percent,20,1
2025-12-10,s0078,stay,스테이,Airbnb,소상공인,35.0,percent,25,1
2025-12-11,s0078,stay,스테이,Airbnb,소상공인,35.0,percent,17,1
2025-12-12,s0078,stay,스테이,Airbnb,소상공인,35.0,percent,29,1
2025-12-13,s0078,stay,스테이,Airbnb,소상공인,35.0,percent,13,1
2025-12-14,s0078,stay,스테이,Airbnb,소상공인,35.0,percent,19,1
2025-12-07,s0079,delivery,딜리버리,굽네치킨,브랜드,35.0,percent,54,3
2025-12-08,s0079,delivery,딜리버리,굽네치킨,브랜드,35.0,percent,89,5
2025-12-09,s0079,delivery,딜리버리,굽네치킨,브랜드,35.0,percent,38,2
2025-12-10,s0079,delivery,딜리버리,굽네치킨,브랜드,35.0,percent,58,4
2025-12-11,s0079,delivery,딜리버리,굽네치킨,브랜드,35.0,percent,23,1
2025-12-12,s0079,delivery,딜리버리,굽네치킨,브랜드,35.0,percent,85,3
2025-12-13,s0079,delivery,딜리버리,굽네치킨,브랜드,35.0,percent,56,2
2025-12-14,s0079,delivery,딜리버리,굽네치킨,브랜드,35.0,percent,98,6
2025-12-15,s0079,delivery,딜리버리,굽네치킨,브랜드,35.0,percent,32,1
2025-12-16,s0079,delivery,딜리버리,굽네치킨,브랜드,35.0,percent,17,1
2025-12-17,s0079,delivery,딜리버리,굽네치킨,브랜드,35.0,percent,21,1
2025-12-18,s0079,delivery,딜리버리,굽네치킨,브랜드,35.0,percent,28,2
2025-12-19,s0079,delivery,딜리버리,굽네치킨,브랜드,35.0,percent,26,1
2025-12-20,s0079,delivery,딜리버리,굽네치킨,브랜드,35.0,percent,59,4
2025-12-21,s0079,delivery,딜리버리,굽네치킨,브랜드,35.0,percent,39,2
2025-12-22,s0079,delivery,딜리버리,굽네치킨,브랜드,35.0,percent,19,1
2025-12-08,s0080,stay,스테이,Airbnb,소상공인,35.0,percent,60,2
2025-12-09,s0080,stay,스테이,Airbnb,소상공인,35.0,percent,32,1
2025-12-10,s0080,stay,스테이,Airbnb,소상공인,35.0,percent,44,2
2025-12-11,s0080,stay,스테이,Airbnb,소상공인,35.0,percent,26,1
2025-12-12,s0080,stay,스테이,Airbnb,소상공인,35.0,percent,42,2
2025-12-13,s0080,stay,스테이,Airbnb,소상공인,35.0,percent,32,1
2025-12-14,s0080,stay,스테이,Airbnb,소상공인,35.0,percent,45,2
2025-12-15,s0080,stay,스테이,Airbnb,소상공인,35.0,percent,11,0
2025-12-16,s0080,stay,스테이,Airbnb,소상공인,35.0,percent,12,1
2025-12-17,s0080,stay,스테이,Airbnb,소상공인,35.0,percent,19,1
2025-12-18,s0080,stay,스테이,Airbnb,소상공인,35.0,percent,16,1
2025-12-09,s0081,beauty,뷰티,Innisfree,브랜드,15.0,percent,53,4
2025-12-10,s0081,beauty,뷰티,Innisfree,브랜드,15.0,percent,71,5
2025-12-11,s0081,beauty,뷰티,Innisfree,브랜드,15.0,percent,44,2
2025-12-12,s0081,beauty,뷰티,Innisfree,브랜드,15.0,percent,63,5
2025-12-13,s0081,beauty,뷰티,Innisfree,브랜드,15.0,percent,43,3
2025-12-14,s0081,beauty,뷰티,Innisfree,브랜드,15.0,percent,25,2
2025-12-15,s0081,beauty,뷰티,Innisfree,브랜드,15.0,percent,44,2
2025-12-16,s0081,beauty,뷰티,Innisfree,브랜드,15.0,percent,56,4
2025-12-17,s0081,beauty,뷰티,Innisfree,브랜드,15.0,percent,32,2
2025-12-18,s0081,beauty,뷰티,Innisfree,브랜드,15.0,percent,29,2
2025-12-19,s0081,beauty,뷰티,Innisfree,브랜드,15.0,percent,37,2
2025-12-20,s0081,beauty,뷰티,Innisfree,브랜드,15.0,percent,65,4
2025-12-21,s0081,beauty,뷰티,Innisfree,브랜드,15.0,percent,39,2
2025-12-22,s0081,beauty,뷰티,Innisfree,브랜드,15.0,percent,34,2
2025-12-23,s0081,beauty,뷰티,Innisfree,브랜드,15.0,percent,31,2
2025-12-24,s0081,beauty,뷰티,Innisfree,브랜드,15.0,percent,37,2
2025-12-25,s0081,beauty,뷰티,Innisfree,브랜드,15.0,percent,25,2
2025-12-10,s0082,fashion,패션,반스,소상공인,20.0,percent,46,3
2025-12-11,s0082,fashion,패션,반스,소상공인,20.0,percent,62,3
2025-12-12,s0082,fashion,패션,반스,소상공인,20.0,percent,77,3
2025-12-13,s0082,fashion,패션,반스,소상공인,20.0,percent,86,5
2025-12-14,s0082,fashion,패션,반스,소상공인,20.0,percent,80,4
2025-12-15,s0082,fashion,패션,반스,소상공인,20.0,percent,43,2
2025-12-16,s0082,fashion,패션,반스,소상공인,20.0,percent,22,1
2025-12-17,s0082,fashion,패션,반스,소상공인,20.0,percent,29,2
2025-12-18,s0082,fashion,패션,반스,소상공인,20.0,percent,28,2
2025-12-19,s0082,fashion,패션,반스,소상공인,20.0,percent,32,2
2025-12-20,s0082,fashion,패션,반스,소상공인,20.0,percent,43,3
2025-12-21,s0082,fashion,패션,반스,소상공인,20.0,percent,30,2
2025-12-22,s0082,fashion,패션,반스,소상공인,20.0,percent,21,1
2025-12-23,s0082,fashion,패션,반스,소상공인,20.0,percent,41,2
2025-12-24,s0082,fashion,패션,반스,소상공인,20.0,percent,21,1
2025-12-11,s0083,food,푸드,이마트에브리데이,브랜드,,amount,134,8
2025-12-12,s0083,food,푸드,이마트에브리데이,브랜드,,amount,143,10
2025-12-13,s0083,food,푸드,이마트에브리데이,브랜드,,amount,107,10
2025-12-14,s0083,food,푸드,이마트에브리데이,브랜드,,amount,76,4
2025-12-15,s0083,food,푸드,이마트에브리데이,브랜드,,amount,39,4
2025-12-16,s0083,food,푸드,이마트에브리데이,브랜드,,amount,26,2
2025-12-17,s0083,food,푸드,이마트에브리데이,브랜드,,amount,55,5
2025-12-18,s0083,food,푸드,이마트에브리데이,브랜드,,amount,51,4
2025-12-19,s0083,food,푸드,이마트에브리데이,브랜드,,amount,67,6
2025-12-20,s0083,food,푸드,이마트에브리데이,브랜드,,amount,48,3
2025-12-21,s0083,food,푸드,이마트에브리데이,브랜드,,amount,103,6
2025-12-22,s0083,food,푸드,이마트에브리데이,브랜드,,amount,42,3
2025-12-23,s0083,food,푸드,이마트에브리데이,브랜드,,amount,32,3
2025-12-24,s0083,food,푸드,이마트에브리데이,브랜드,,amount,17,1
2025-12-25,s0083,food,푸드,이마트에브리데이,브랜드,,amount,31,2
2025-12-26,s0083,food,푸드,이마트에브리데이,브랜드,,amount,57,5
2025-12-27,s0083,food,푸드,이마트에브리데이,브랜드,,amount,84,8
2025-12-28,s0083,food,푸드,이마트에브리데이,브랜드,,amount,47,4
2025-12-29,s0083,food,푸드,이마트에브리데이,브랜드,,amount,59,6
2025-12-30,s0083,food,푸드,이마트에브리데이,브랜드,,amount,22,2
2025-12-31,s0083,food,푸드,이마트에브리데이,브랜드,,amount,38,3
2026-01-01,s0083,food,푸드,이마트에브리데이,브랜드,,amount,40,3
2026-01-02,s0083,food,푸드,이마트에브리데이,브랜드,,amount,52,4
2026-01-03,s0083,food,푸드,이마트에브리데이,브랜드,,amount,52,4
2026-01-04,s0083,food,푸드,이마트에브리데이,브랜드,,amount,51,4
2026-01-05,s0083,food,푸드,이마트에브리데이,브랜드,,amount,23,1
2025-12-11,s0084,food,푸드,GS25,브랜드,25.0,percent,141,9
2025-12-12,s0084,food,푸드,GS25,브랜드,25.0,percent,127,11
2025-12-13,s0084,food,푸드,GS25,브랜드,25.0,percent,105,10
2025-12-14,s0084,food,푸드,GS25,브랜드,25.0,percent,108,10
2025-12-15,s0084,food,푸드,GS25,브랜드,25.0,percent,81,7
2025-12-16,s0084,food,푸드,GS25,브랜드,25.0,percent,53,5
2025-12-17,s0084,food,푸드,GS25,브랜드,25.0,percent,90,6
2025-12-18,s0084,food,푸드,GS25,브랜드,25.0,percent,54,5
2025-12-19,s0084,food,푸드,GS25,브랜드,25.0,percent,36,3
2025-12-20,s0084,food,푸드,GS25,브랜드,25.0,percent,60,5
2025-12-21,s0084,food,푸드,GS25,브랜드,25.0,percent,70,4
2025-12-22,s0084,food,푸드,GS25,브랜드,25.0,percent,56,4
2025-12-23,s0084,food,푸드,GS25,브랜드,25.0,percent,34,2
2025-12-24,s0084,food,푸드,GS25,브랜드,25.0,percent,24,2
2025-12-25,s0084,food,푸드,GS25,브랜드,25.0,percent,32,2
2025-12-26,s0084,food,푸드,GS25,브랜드,25.0,percent,25,2
2025-12-27,s0084,food,푸드,GS25,브랜드,25.0,percent,63,5
2025-12-28,s0084,food,푸드,GS25,브랜드,25.0,percent,38,3
2025-12-29,s0084,food,푸드,GS25,브랜드,25.0,percent,25,2
2025-12-30,s0084,food,푸드,GS25,브랜드,25.0,percent,41,4
2025-12-31,s0084,food,푸드,GS25,브랜드,25.0,percent,55,4
2026-01-01,s0084,food,푸드,GS25,브랜드,25.0,percent,26,2
2026-01-02,s0084,food,푸드,GS25,브랜드,25.0,percent,42,3
2026-01-03,s0084,food,푸드,GS25,브랜드,25.0,percent,44,4
2026-01-04,s0084,food,푸드,GS25,브랜드,25.0,percent,71,6
2026-01-05,s0084,food,푸드,GS25,브랜드,25.0,percent,30,2
2025-12-12,s0085,living,리빙,까사미아,브랜드,50.0,percent,62,3
2025-12-13,s0085,living,리빙,까사미아,브랜드,50.0,percent,88,5
2025-12-14,s0085,living,리빙,까사미아,브랜드,50.0,percent,109,4
2025-12-15,s0085,living,리빙,까사미아,브랜드,50.0,percent,42,2
2025-12-16,s0085,living,리빙,까사미아,브랜드,50.0,percent,32,1
2025-12-17,s0085,living,리빙,까사미아,브랜드,50.0,percent,36,2
2025-12-18,s0085,living,리빙,까사미아,브랜드,50.0,percent,26,1
2025-12-19,s0085,living,리빙,까사미아,브랜드,50.0,percent,40,2
2025-12-20,s0085,living,리빙,까사미아,브랜드,50.0,percent,39,2
2025-12-21,s0085,living,리빙,까사미아,브랜드,50.0,percent,96,4
2025-12-22,s0085,living,리빙,까사미아,브랜드,50.0,percent,15,1
2025-12-23,s0085,living,리빙,까사미아,브랜드,50.0,percent,20,1
2025-12-24,s0085,living,리빙,까사미아,브랜드,50.0,percent,22,1
2025-12-25,s0085,living,리빙,까사미아,브랜드,50.0,percent,20,1
2025-12-26,s0085,living,리빙,까사미아,브랜드,50.0,percent,40,2
2025-12-27,s0085,living,리빙,까사미아,브랜드,50.0,percent,31,1
2025-12-28,s0085,living,리빙,까사미아,브랜드,50.0,percent,22,1
2025-12-29,s0085,living,리빙,까사미아,브랜드,50.0,percent,27,1
2025-12-30,s0085,living,리빙,까사미아,브랜드,50.0,percent,22,1
2025-12-31,s0085,living,리빙,까사미아,브랜드,50.0,percent,20,1
2026-01-01,s0085,living,리빙,까사미아,브랜드,50.0,percent,45,2
2026-01-02,s0085,living,리빙,까사미아,브랜드,50.0,percent,39,1
2026-01-03,s0085,living,리빙,까사미아,브랜드,50.0,percent,43,2
2026-01-04,s0085,living,리빙,까사미아,브랜드,50.0,percent,42,1
2025-12-12,s0086,living,리빙,한샘,브랜드,20.0,percent,77,3
2025-12-13,s0086,living,리빙,한샘,브랜드,20.0,percent,61,3
2025-12-14,s0086,living,리빙,한샘,브랜드,20.0,percent,42,2
2025-12-15,s0086,living,리빙,한샘,브랜드,20.0,percent,36,2
2025-12-16,s0086,living,리빙,한샘,브랜드,20.0,percent,27,1
2025-12-17,s0086,living,리빙,한샘,브랜드,20.0,percent,14,1
2025-12-18,s0086,living,리빙,한샘,브랜드,20.0,percent,19,1
2025-12-19,s0086,living,리빙,한샘,브랜드,20.0,percent,28,2
2025-12-20,s0086,living,리빙,한샘,브랜드,20.0,percent,49,2
2025-12-21,s0086,living,리빙,한샘,브랜드,20.0,percent,33,2
2025-12-22,s0086,living,리빙,한샘,브랜드,20.0,percent,16,1
2025-12-23,s0086,living,리빙,한샘,브랜드,20.0,percent,13,0
2025-12-24,s0086,living,리빙,한샘,브랜드,20.0,percent,31,1
2025-12-25,s0086,living,리빙,한샘,브랜드,20.0,percent,20,1
2025-12-26,s0086,living,리빙,한샘,브랜드,20.0,percent,9,0
2025-12-27,s0086,living,리빙,한샘,브랜드,20.0,percent,28,2
2025-12-28,s0086,living,리빙,한샘,브랜드,20.0,percent,35,2
2025-12-13,s0087,beauty,뷰티,MAC,브랜드,15.0,percent,66,5
2025-12-14,s0087,beauty,뷰티,MAC,브랜드,15.0,percent,80,4
2025-12-15,s0087,beauty,뷰티,MAC,브랜드,15.0,percent,52,3
2025-12-16,s0087,beauty,뷰티,MAC,브랜드,15.0,percent,28,2
2025-12-17,s0087,beauty,뷰티,MAC,브랜드,15.0,percent,62,3
2025-12-18,s0087,beauty,뷰티,MAC,브랜드,15.0,percent,40,3
2025-12-19,s0087,beauty,뷰티,MAC,브랜드,15.0,percent,37,3
2025-12-20,s0087,beauty,뷰티,MAC,브랜드,15.0,percent,44,3
2025-12-21,s0087,beauty,뷰티,MAC,브랜드,15.0,percent,27,2
2025-12-22,s0087,beauty,뷰티,MAC,브랜드,15.0,percent,18,1
2025-12-23,s0087,beauty,뷰티,MAC,브랜드,15.0,percent,22,2
2025-12-24,s0087,beauty,뷰티,MAC,브랜드,15.0,percent,23,2
2025-12-25,s0087,beauty,뷰티,MAC,브랜드,15.0,percent,26,2
2025-12-26,s0087,beauty,뷰티,MAC,브랜드,15.0,percent,54,3
2025-12-27,s0087,beauty,뷰티,MAC,브랜드,15.0,percent,48,2
2025-12-28,s0087,beauty,뷰티,MAC,브랜드,15.0,percent,19,1
2025-12-16,s0088,popup,팝업,이태원 글로벌 푸드팝업,브랜드,35.0,percent,124,7
2025-12-17,s0088,popup,팝업,이태원 글로벌 푸드팝업,브랜드,35.0,percent,64,3
2025-12-18,s0088,popup,팝업,이태원 글로벌 푸드팝업,브랜드,35.0,percent,91,5
2025-12-19,s0088,popup,팝업,이태원 글로벌 푸드팝업,브랜드,35.0,percent,65,5
2025-12-20,s0088,popup,팝업,이태원 글로벌 푸드팝업,브랜드,35.0,percent,82,6
2025-12-21,s0088,popup,팝업,이태원 글로벌 푸드팝업,브랜드,35.0,percent,44,4
2025-12-22,s0088,popup,팝업,이태원 글로벌 푸드팝업,브랜드,35.0,percent,50,4
2025-12-23,s0088,popup,팝업,이태원 글로벌 푸드팝업,브랜드,35.0,percent,54,5
2025-12-24,s0088,popup,팝업,이태원 글로벌 푸드팝업,브랜드,35.0,percent,23,2
2025-12-25,s0088,popup,팝업,이태원 글로벌 푸드팝업,브랜드,35.0,percent,55,3
2025-12-26,s0088,popup,팝업,이태원 글로벌 푸드팝업,브랜드,35.0,percent,37,3
2025-12-27,s0088,popup,팝업,이태원 글로벌 푸드팝업,브랜드,35.0,percent,100,7
2025-12-28,s0088,popup,팝업,이태원 글로벌 푸드팝업,브랜드,35.0,percent,64,5
2025-12-29,s0088,popup,팝업,이태원 글로벌 푸드팝업,브랜드,35.0,percent,42,3
2025-12-30,s0088,popup,팝업,이태원 글로벌 푸드팝업,브랜드,35.0,percent,30,2
2025-12-31,s0088,popup,팝업,이태원 글로벌 푸드팝업,브랜드,35.0,percent,85,4
2026-01-01,s0088,popup,팝업,이태원 글로벌 푸드팝업,브랜드,35.0,percent,30,2
2025-12-18,s0089,delivery,딜리버리,땡겨요,브랜드,30.0,percent,50,2
2025-12-19,s0089,delivery,딜리버리,땡겨요,브랜드,30.0,percent,58,3
2025-12-20,s0089,delivery,딜리버리,땡겨요,브랜드,30.0,percent,110,4
2025-12-21,s0089,delivery,딜리버리,땡겨요,브랜드,30.0,percent,64,3
2025-12-22,s0089,delivery,딜리버리,땡겨요,브랜드,30.0,percent,39,2
2025-12-23,s0089,delivery,딜리버리,땡겨요,브랜드,30.0,percent,30,1
2025-12-24,s0089,delivery,딜리버리,땡겨요,브랜드,30.0,percent,33,2
2025-12-18,s0090,fashion,패션,에잇세컨즈,브랜드,,other,65,3
2025-12-19,s0090,fashion,패션,에잇세컨즈,브랜드,,other,102,5
2025-12-20,s0090,fashion,패션,에잇세컨즈,브랜드,,other,76,4
2025-12-21,s0090,fashion,패션,에잇세컨즈,브랜드,,other,54,3
2025-12-22,s0090,fashion,패션,에잇세컨즈,브랜드,,other,62,3
2025-12-23,s0090,fashion,패션,에잇세컨즈,브랜드,,other,27,2
2025-12-24,s0090,fashion,패션,에잇세컨즈,브랜드,,other,39,2
2025-12-25,s0090,fashion,패션,에잇세컨즈,브랜드,,other,19,1
2025-12-26,s0090,fashion,패션,에잇세컨즈,브랜드,,other,26,1
2025-12-27,s0090,fashion,패션,에잇세컨즈,브랜드,,other,42,2
2025-12-28,s0090,fashion,패션,에잇세컨즈,브랜드,,other,36,1
2025-12-29,s0090,fashion,패션,에잇세컨즈,브랜드,,other,25,1
2025-12-30,s0090,fashion,패션,에잇세컨즈,브랜드,,other,37,2
2025-12-31,s0090,fashion,패션,에잇세컨즈,브랜드,,other,39,2
2026-01-01,s0090,fashion,패션,에잇세컨즈,브랜드,,other,34,2
2025-12-19,s0091,food,푸드,Paris Baguette,브랜드,,bundle,77,4
2025-12-20,s0091,food,푸드,Paris Baguette,브랜드,,bundle,108,10
2025-12-21,s0091,food,푸드,Paris Baguette,브랜드,,bundle,178,14
2025-12-22,s0091,food,푸드,Paris Baguette,브랜드,,bundle,139,8
2025-12-23,s0091,food,푸드,Paris Baguette,브랜드,,bundle,70,4
2025-12-24,s0091,food,푸드,Paris Baguette,브랜드,,bundle,34,2
2025-12-25,s0091,food,푸드,Paris Baguette,브랜드,,bundle,45,4
2025-12-26,s0091,food,푸드,Paris Baguette,브랜드,,bundle,58,6
2025-12-27,s0091,food,푸드,Paris Baguette,브랜드,,bundle,61,5
2025-12-28,s0091,food,푸드,Paris Baguette,브랜드,,bundle,77,4
2025-12-29,s0091,food,푸드,Paris Baguette,브랜드,,bundle,47,4
2025-12-19,s0092,fashion,패션,Levi's,브랜드,20.0,percent,59,3
2025-12-20,s0092,fashion,패션,Levi's,브랜드,20.0,percent,69,4
2025-12-21,s0092,fashion,패션,Levi's,브랜드,20.0,percent,97,4
2025-12-22,s0092,fashion,패션,Levi's,브랜드,20.0,percent,73,5
2025-12-23,s0092,fashion,패션,Levi's,브랜드,20.0,percent,41,3
2025-12-24,s0092,fashion,패션,Levi's,브랜드,20.0,percent,63,2
2025-12-25,s0092,fashion,패션,Levi's,브랜드,20.0,percent,37,2
2025-12-26,s0092,fashion,패션,Levi's,브랜드,20.0,percent,30,2
2025-12-27,s0092,fashion,패션,Levi's,브랜드,20.0,percent,56,3
2025-12-28,s0092,fashion,패션,Levi's,브랜드,20.0,percent,117,7
2025-12-29,s0092,fashion,패션,Levi's,브랜드,20.0,percent,18,1
2025-12-20,s0093,food,푸드,GS25,브랜드,50.0,percent,267,25
2025-12-21,s0093,food,푸드,GS25,브랜드,50.0,percent,152,11
2025-12-22,s0093,food,푸드,GS25,브랜드,50.0,percent,62,3
2025-12-23,s0093,food,푸드,GS25,브랜드,50.0,percent,34,2
2025-12-24,s0093,food,푸드,GS25,브랜드,50.0,percent,29,2
2025-12-25,s0093,food,푸드,GS25,브랜드,50.0,percent,50,3
2025-12-26,s0093,food,푸드,GS25,브랜드,50.0,percent,78,6
2025-12-27,s0093,food,푸드,GS25,브랜드,50.0,percent,103,9
2025-12-28,s0093,food,푸드,GS25,브랜드,50.0,percent,98,9
2025-12-29,s0093,food,푸드,GS25,브랜드,50.0,percent,51,4
2025-12-30,s0093,food,푸드,GS25,브랜드,50.0,percent,44,4
2025-12-31,s0093,food,푸드,GS25,브랜드,50.0,percent,38,3
2026-01-01,s0093,food,푸드,GS25,브랜드,50.0,percent,51,3
2026-01-02,s0093,food,푸드,GS25,브랜드,50.0,percent,42,4
2026-01-03,s0093,food,푸드,GS25,브랜드,50.0,percent,40,3
2026-01-04,s0093,food,푸드,GS25,브랜드,50.0,percent,57,4
2026-01-05,s0093,food,푸드,GS25,브랜드,50.0,percent,53,3
2026-01-06,s0093,food,푸드,GS25,브랜드,50.0,percent,23,1
2026-01-07,s0093,food,푸드,GS25,브랜드,50.0,percent,33,3
2026-01-08,s0093,food,푸드,GS25,브랜드,50.0,percent,42,4
2026-01-09,s0093,food,푸드,GS25,브랜드,50.0,percent,50,4
2026-01-10,s0093,food,푸드,GS25,브랜드,50.0,percent,71,6
2026-01-11,s0093,food,푸드,GS25,브랜드,50.0,percent,105,10
2026-01-12,s0093,food,푸드,GS25,브랜드,50.0,percent,18,1
2026-01-13,s0093,food,푸드,GS25,브랜드,50.0,percent,72,6
2026-01-14,s0093,food,푸드,GS25,브랜드,50.0,percent,74,5
2025-12-20,s0094,delivery,딜리버리,bhc치킨,브랜드,45.0,percent,159,8
2025-12-21,s0094,delivery,딜리버리,bhc치킨,브랜드,45.0,percent,99,5
2025-12-22,s0094,delivery,딜리버리,bhc치킨,브랜드,45.0,percent,46,3
2025-12-23,s0094,delivery,딜리버리,bhc치킨,브랜드,45.0,percent,66,3
2025-12-24,s0094,delivery,딜리버리,bhc치킨,브랜드,45.0,percent,51,3
2025-12-25,s0094,delivery,딜리버리,bhc치킨,브랜드,45.0,percent,40,2
2025-12-26,s0094,delivery,딜리버리,bhc치킨,브랜드,45.0,percent,68,3
2025-12-27,s0094,delivery,딜리버리,bhc치킨,브랜드,45.0,percent,80,4
2025-12-28,s0094,delivery,딜리버리,bhc치킨,브랜드,45.0,percent,19,1
2025-12-29,s0094,delivery,딜리버리,bhc치킨,브랜드,45.0,percent,55,3
2025-12-30,s0094,delivery,딜리버리,bhc치킨,브랜드,45.0,percent,24,1
2025-12-31,s0094,delivery,딜리버리,bhc치킨,브랜드,45.0,percent,49,3
2026-01-01,s0094,delivery,딜리버리,bhc치킨,브랜드,45.0,percent,29,2
2026-01-02,s0094,delivery,딜리버리,bhc치킨,브랜드,45.0,percent,42,2
2026-01-03,s0094,delivery,딜리버리,bhc치킨,브랜드,45.0,percent,52,3
2026-01-04,s0094,delivery,딜리버리,bhc치킨,브랜드,45.0,percent,62,2
2026-01-05,s0094,delivery,딜리버리,bhc치킨,브랜드,45.0,percent,38,2
2025-12-21,s0095,beauty,뷰티,아누아,브랜드,40.0,percent,105,8
2025-12-22,s0095,beauty,뷰티,아누아,브랜드,40.0,percent,35,2
2025-12-23,s0095,beauty,뷰티,아누아,브랜드,40.0,percent,72,4
2025-12-24,s0095,beauty,뷰티,아누아,브랜드,40.0,percent,60,5
2025-12-25,s0095,beauty,뷰티,아누아,브랜드,40.0,percent,34,2
2025-12-26,s0095,beauty,뷰티,아누아,브랜드,40.0,percent,66,3
2025-12-27,s0095,beauty,뷰티,아누아,브랜드,40.0,percent,65,4
2025-12-28,s0095,beauty,뷰티,아누아,브랜드,40.0,percent,92,7
2025-12-29,s0095,beauty,뷰티,아누아,브랜드,40.0,percent,78,4
2025-12-30,s0095,beauty,뷰티,아누아,브랜드,40.0,percent,50,4
2025-12-31,s0095,beauty,뷰티,아누아,브랜드,40.0,percent,35,3
2026-01-01,s0095,beauty,뷰티,아누아,브랜드,40.0,percent,38,2
2026-01-02,s0095,beauty,뷰티,아누아,브랜드,40.0,percent,33,2
2026-01-03,s0095,beauty,뷰티,아누아,브랜드,40.0,percent,40,2
2026-01-04,s0095,beauty,뷰티,아누아,브랜드,40.0,percent,44,2
2026-01-05,s0095,beauty,뷰티,아누아,브랜드,40.0,percent,30,2
2025-12-22,s0096,fashion,패션,ZARA,소상공인,55.0,percent,49,3
2025-12-23,s0096,fashion,패션,ZARA,소상공인,55.0,percent,104,5
2025-12-24,s0096,fashion,패션,ZARA,소상공인,55.0,percent,102,5
2025-12-25,s0096,fashion,패션,ZARA,소상공인,55.0,percent,89,5
2025-12-26,s0096,fashion,패션,ZARA,소상공인,55.0,percent,106,7
2025-12-27,s0096,fashion,패션,ZARA,소상공인,55.0,percent,149,8
2025-12-28,s0096,fashion,패션,ZARA,소상공인,55.0,percent,42,2
2025-12-29,s0096,fashion,패션,ZARA,소상공인,55.0,percent,85,5
2025-12-30,s0096,fashion,패션,ZARA,소상공인,55.0,percent,30,2
2025-12-31,s0096,fashion,패션,ZARA,소상공인,55.0,percent,43,3
2026-01-01,s0096,fashion,패션,ZARA,소상공인,55.0,percent,20,1
2025-12-23,s0097,living,리빙,Tempur,브랜드,20.0,percent,41,2
2025-12-24,s0097,living,리빙,Tempur,브랜드,20.0,percent,64,2
2025-12-25,s0097,living,리빙,Tempur,브랜드,20.0,percent,53,2
2025-12-26,s0097,living,리빙,Tempur,브랜드,20.0,percent,39,2
2025-12-27,s0097,living,리빙,Tempur,브랜드,20.0,percent,48,2
2025-12-28,s0097,living,리빙,Tempur,브랜드,20.0,percent,32,1
2025-12-29,s0097,living,리빙,Tempur,브랜드,20.0,percent,38,2
2025-12-30,s0097,living,리빙,Tempur,브랜드,20.0,percent,11,1
2025-12-31,s0097,living,리빙,Tempur,브랜드,20.0,percent,39,1
2026-01-01,s0097,living,리빙,Tempur,브랜드,20.0,percent,18,1
2026-01-02,s0097,living,리빙,Tempur,브랜드,20.0,percent,28,2
2025-12-24,s0098,food,푸드,Baskin Robbins,브랜드,70.0,percent,76,7
2025-12-25,s0098,food,푸드,Baskin Robbins,브랜드,70.0,percent,122,10
2025-12-26,s0098,food,푸드,Baskin Robbins,브랜드,70.0,percent,143,10
2025-12-27,s0098,food,푸드,Baskin Robbins,브랜드,70.0,percent,138,8
2025-12-28,s0098,food,푸드,Baskin Robbins,브랜드,70.0,percent,121,8
2025-12-29,s0098,food,푸드,Baskin Robbins,브랜드,70.0,percent,65,5
2025-12-30,s0098,food,푸드,Baskin Robbins,브랜드,70.0,percent,57,4
2025-12-31,s0098,food,푸드,Baskin Robbins,브랜드,70.0,percent,56,3
2026-01-01,s0098,food,푸드,Baskin Robbins,브랜드,70.0,percent,49,3
2026-01-02,s0098,food,푸드,Baskin Robbins,브랜드,70.0,percent,60,4
2026-01-03,s0098,food,푸드,Baskin Robbins,브랜드,70.0,percent,92,6
2026-01-04,s0098,food,푸드,Baskin Robbins,브랜드,70.0,percent,114,7
2026-01-05,s0098,food,푸드,Baskin Robbins,브랜드,70.0,percent,35,3
2026-01-06,s0098,food,푸드,Baskin Robbins,브랜드,70.0,percent,44,4
2026-01-07,s0098,food,푸드,Baskin Robbins,브랜드,70.0,percent,32,2
2025-12-24,s0099,delivery,딜리버리,땡겨요,브랜드,40.0,percent,62,2
2025-12-25,s0099,delivery,딜리버리,땡겨요,브랜드,40.0,percent,60,3
2025-12-26,s0099,delivery,딜리버리,땡겨요,브랜드,40.0,percent,76,5
2025-12-27,s0099,delivery,딜리버리,땡겨요,브랜드,40.0,percent,78,5
2025-12-28,s0099,delivery,딜리버리,땡겨요,브랜드,40.0,percent,62,3
2025-12-29,s0099,delivery,딜리버리,땡겨요,브랜드,40.0,percent,47,3
2025-12-30,s0099,delivery,딜리버리,땡겨요,브랜드,40.0,percent,26,2
2025-12-31,s0099,delivery,딜리버리,땡겨요,브랜드,40.0,percent,38,2
2026-01-01,s0099,delivery,딜리버리,땡겨요,브랜드,40.0,percent,46,3
2026-01-02,s0099,delivery,딜리버리,땡겨요,브랜드,40.0,percent,30,1
2026-01-03,s0099,delivery,딜리버리,땡겨요,브랜드,40.0,percent,25,1
2026-01-04,s0099,delivery,딜리버리,땡겨요,브랜드,40.0,percent,60,2
2026-01-05,s0099,delivery,딜리버리,땡겨요,브랜드,40.0,percent,20,1
2026-01-06,s0099,delivery,딜리버리,땡겨요,브랜드,40.0,percent,23,1
2026-01-07,s0099,delivery,딜리버리,땡겨요,브랜드,40.0,percent,37,2
2026-01-08,s0099,delivery,딜리버리,땡겨요,브랜드,40.0,percent,22,1
2026-01-09,s0099,delivery,딜리버리,땡겨요,브랜드,40.0,percent,50,3
2025-12-25,s0101,living,리빙,자주,브랜드,,bundle,48,2
2025-12-26,s0101,living,리빙,자주,브랜드,,bundle,47,2
2025-12-27,s0101,living,리빙,자주,브랜드,,bundle,43,2
2025-12-28,s0101,living,리빙,자주,브랜드,,bundle,42,2
2025-12-29,s0101,living,리빙,자주,브랜드,,bundle,42,2
2025-12-30,s0101,living,리빙,자주,브랜드,,bundle,25,1
2025-12-31,s0101,living,리빙,자주,브랜드,,bundle,42,1
2026-01-01,s0101,living,리빙,자주,브랜드,,bundle,29,2
2026-01-02,s0101,living,리빙,자주,브랜드,,bundle,35,2
2026-01-03,s0101,living,리빙,자주,브랜드,,bundle,28,1
2026-01-04,s0101,living,리빙,자주,브랜드,,bundle,51,3
2026-01-05,s0101,living,리빙,자주,브랜드,,bundle,31,1
2026-01-06,s0101,living,리빙,자주,브랜드,,bundle,28,1
2026-01-07,s0101,living,리빙,자주,브랜드,,bundle,21,1
2026-01-08,s0101,living,리빙,자주,브랜드,,bundle,15,1
2026-01-09,s0101,living,리빙,자주,브랜드,,bundle,30,1
2026-01-10,s0101,living,리빙,자주,브랜드,,bundle,39,1
2025-12-25,s0100,tech,테크,Xiaomi,브랜드,35.0,percent,72,4
2025-12-26,s0100,tech,테크,Xiaomi,브랜드,35.0,percent,71,4
2025-12-27,s0100,tech,테크,Xiaomi,브랜드,35.0,percent,72,4
2025-12-28,s0100,tech,테크,Xiaomi,브랜드,35.0,percent,41,1
2025-12-29,s0100,tech,테크,Xiaomi,브랜드,35.0,percent,27,1
2025-12-30,s0100,tech,테크,Xiaomi,브랜드,35.0,percent,20,1
2025-12-31,s0100,tech,테크,Xiaomi,브랜드,35.0,percent,42,2
2026-01-01,s0100,tech,테크,Xiaomi,브랜드,35.0,percent,57,2
2026-01-02,s0100,tech,테크,Xiaomi,브랜드,35.0,percent,94,3
2026-01-03,s0100,tech,테크,Xiaomi,브랜드,35.0,percent,40,2
2026-01-04,s0100,tech,테크,Xiaomi,브랜드,35.0,percent,37,2
2026-01-05,s0100,tech,테크,Xiaomi,브랜드,35.0,percent,22,1
2026-01-06,s0100,tech,테크,Xiaomi,브랜드,35.0,percent,23,1
2026-01-07,s0100,tech,테크,Xiaomi,브랜드,35.0,percent,16,1
2026-01-08,s0100,tech,테크,Xiaomi,브랜드,35.0,percent,22,1
2026-01-09,s0100,tech,테크,Xiaomi,브랜드,35.0,percent,21,1
2026-01-10,s0100,tech,테크,Xiaomi,브랜드,35.0,percent,29,1
2026-01-11,s0100,tech,테크,Xiaomi,브랜드,35.0,percent,23,1
2026-01-12,s0100,tech,테크,Xiaomi,브랜드,35.0,percent,26,1
2026-01-13,s0100,tech,테크,Xiaomi,브랜드,35.0,percent,25,1
2026-01-14,s0100,tech,테크,Xiaomi,브랜드,35.0,percent,24,1
2025-12-26,s0102,food,푸드,Tous les Jours,브랜드,50.0,percent,107,7
2025-12-27,s0102,food,푸드,Tous les Jours,브랜드,50.0,percent,89,7
2025-12-28,s0102,food,푸드,Tous les Jours,브랜드,50.0,percent,139,12
2025-12-29,s0102,food,푸드,Tous les Jours,브랜드,50.0,percent,71,5
2025-12-30,s0102,food,푸드,Tous les Jours,브랜드,50.0,percent,32,2
2025-12-31,s0102,food,푸드,Tous les Jours,브랜드,50.0,percent,61,5
2026-01-01,s0102,food,푸드,Tous les Jours,브랜드,50.0,percent,64,6
2026-01-02,s0102,food,푸드,Tous les Jours,브랜드,50.0,percent,38,3
2026-01-03,s0102,food,푸드,Tous les Jours,브랜드,50.0,percent,87,5
2026-01-04,s0102,food,푸드,Tous les Jours,브랜드,50.0,percent,39,3
2026-01-05,s0102,food,푸드,Tous les Jours,브랜드,50.0,percent,34,3
2026-01-06,s0102,food,푸드,Tous les Jours,브랜드,50.0,percent,25,2
2026-01-07,s0102,food,푸드,Tous les Jours,브랜드,50.0,percent,31,3
2026-01-08,s0102,food,푸드,Tous les Jours,브랜드,50.0,percent,29,2
2026-01-09,s0102,food,푸드,Tous les Jours,브랜드,50.0,percent,75,6
2026-01-10,s0102,food,푸드,Tous les Jours,브랜드,50.0,percent,56,5
2026-01-11,s0102,food,푸드,Tous les Jours,브랜드,50.0,percent,48,4
2025-12-28,s0103,food,푸드,이마트24,소상공인,55.0,percent,193,15
2025-12-29,s0103,food,푸드,이마트24,소상공인,55.0,percent,117,7
2025-12-30,s0103,food,푸드,이마트24,소상공인,55.0,percent,58,3
2025-12-31,s0103,food,푸드,이마트24,소상공인,55.0,percent,69,4
2026-01-01,s0103,food,푸드,이마트24,소상공인,55.0,percent,48,4
2026-01-02,s0103,food,푸드,이마트24,소상공인,55.0,percent,64,5
2026-01-03,s0103,food,푸드,이마트24,소상공인,55.0,percent,49,4
2026-01-04,s0103,food,푸드,이마트24,소상공인,55.0,percent,72,6
2026-01-05,s0103,food,푸드,이마트24,소상공인,55.0,percent,64,5
2026-01-06,s0103,food,푸드,이마트24,소상공인,55.0,percent,54,5
2026-01-07,s0103,food,푸드,이마트24,소상공인,55.0,percent,40,3
2026-01-08,s0103,food,푸드,이마트24,소상공인,55.0,percent,21,1
2026-01-09,s0103,food,푸드,이마트24,소상공인,55.0,percent,39,3
2026-01-10,s0103,food,푸드,이마트24,소상공인,55.0,percent,53,5
2026-01-11,s0103,food,푸드,이마트24,소상공인,55.0,percent,32,2
2026-01-12,s0103,food,푸드,이마트24,소상공인,55.0,percent,21,1
2026-01-13,s0103,food,푸드,이마트24,소상공인,55.0,percent,56,3
2026-01-14,s0103,food,푸드,이마트24,소상공인,55.0,percent,47,4
2026-01-15,s0103,food,푸드,이마트24,소상공인,55.0,percent,45,4
2026-01-16,s0103,food,푸드,이마트24,소상공인,55.0,percent,57,3
2026-01-17,s0103,food,푸드,이마트24,소상공인,55.0,percent,35,2
2026-01-18,s0103,food,푸드,이마트24,소상공인,55.0,percent,36,2
2026-01-19,s0103,food,푸드,이마트24,소상공인,55.0,percent,38,3
2026-01-20,s0103,food,푸드,이마트24,소상공인,55.0,percent,37,3
2026-01-21,s0103,food,푸드,이마트24,소상공인,55.0,percent,21,2
2026-01-22,s0103,food,푸드,이마트24,소상공인,55.0,percent,39,4
2025-12-28,s0104,living,리빙,롯데하이마트,소상공인,20.0,percent,59,2
2025-12-29,s0104,living,리빙,롯데하이마트,소상공인,20.0,percent,52,2
2025-12-30,s0104,living,리빙,롯데하이마트,소상공인,20.0,percent,35,1
2025-12-31,s0104,living,리빙,롯데하이마트,소상공인,20.0,percent,52,2
2026-01-01,s0104,living,리빙,롯데하이마트,소상공인,20.0,percent,25,1
2026-01-02,s0104,living,리빙,롯데하이마트,소상공인,20.0,percent,21,1
2026-01-03,s0104,living,리빙,롯데하이마트,소상공인,20.0,percent,59,3
2026-01-04,s0104,living,리빙,롯데하이마트,소상공인,20.0,percent,33,1
2026-01-05,s0104,living,리빙,롯데하이마트,소상공인,20.0,percent,20,1
2026-01-06,s0104,living,리빙,롯데하이마트,소상공인,20.0,percent,13,1
2026-01-07,s0104,living,리빙,롯데하이마트,소상공인,20.0,percent,16,1
2026-01-08,s0104,living,리빙,롯데하이마트,소상공인,20.0,percent,17,1
2026-01-09,s0104,living,리빙,롯데하이마트,소상공인,20.0,percent,15,1
2026-01-10,s0104,living,리빙,롯데하이마트,소상공인,20.0,percent,12,0
2026-01-11,s0104,living,리빙,롯데하이마트,소상공인,20.0,percent,20,1
2026-01-12,s0104,living,리빙,롯데하이마트,소상공인,20.0,percent,22,1
2025-12-30,s0105,living,리빙,일룸,브랜드,20.0,percent,76,3
2025-12-31,s0105,living,리빙,일룸,브랜드,20.0,percent,63,3
2026-01-01,s0105,living,리빙,일룸,브랜드,20.0,percent,59,2
2026-01-02,s0105,living,리빙,일룸,브랜드,20.0,percent,30,1
2026-01-03,s0105,living,리빙,일룸,브랜드,20.0,percent,51,2
2026-01-04,s0105,living,리빙,일룸,브랜드,20.0,percent,47,2
2026-01-05,s0105,living,리빙,일룸,브랜드,20.0,percent,32,1
2026-01-06,s0105,living,리빙,일룸,브랜드,20.0,percent,23,1
2026-01-07,s0105,living,리빙,일룸,브랜드,20.0,percent,25,1
2026-01-08,s0105,living,리빙,일룸,브랜드,20.0,percent,48,3
2026-01-09,s0105,living,리빙,일룸,브랜드,20.0,percent,39,2
2026-01-10,s0105,living,리빙,일룸,브랜드,20.0,percent,38,2
2026-01-11,s0105,living,리빙,일룸,브랜드,20.0,percent,36,2
2026-01-12,s0105,living,리빙,일룸,브랜드,20.0,percent,17,1
2026-01-13,s0105,living,리빙,일룸,브랜드,20.0,percent,24,1
2026-01-14,s0105,living,리빙,일룸,브랜드,20.0,percent,21,1
2026-01-15,s0105,living,리빙,일룸,브랜드,20.0,percent,28,1
2025-12-31,s0106,food,푸드,Domino's Pizza,브랜드,60.0,percent,89,8
2026-01-01,s0106,food,푸드,Domino's Pizza,브랜드,60.0,percent,135,8
2026-01-02,s0106,food,푸드,Domino's Pizza,브랜드,60.0,percent,97,8
2026-01-03,s0106,food,푸드,Domino's Pizza,브랜드,60.0,percent,149,13
2026-01-04,s0106,food,푸드,Domino's Pizza,브랜드,60.0,percent,104,10
2026-01-05,s0106,food,푸드,Domino's Pizza,브랜드,60.0,percent,64,6
2026-01-06,s0106,food,푸드,Domino's Pizza,브랜드,60.0,percent,50,3
2026-01-07,s0106,food,푸드,Domino's Pizza,브랜드,60.0,percent,54,3
2026-01-08,s0106,food,푸드,Domino's Pizza,브랜드,60.0,percent,47,3
2026-01-09,s0106,food,푸드,Domino's Pizza,브랜드,60.0,percent,57,3
2026-01-10,s0106,food,푸드,Domino's Pizza,브랜드,60.0,percent,85,5
2026-01-11,s0106,food,푸드,Domino's Pizza,브랜드,60.0,percent,36,3
2026-01-12,s0106,food,푸드,Domino's Pizza,브랜드,60.0,percent,59,5
2026-01-13,s0106,food,푸드,Domino's Pizza,브랜드,60.0,percent,55,4
2026-01-14,s0106,food,푸드,Domino's Pizza,브랜드,60.0,percent,41,3
2026-01-02,s0107,delivery,딜리버리,전주맛배달,브랜드,10.0,percent,73,4
2026-01-03,s0107,delivery,딜리버리,전주맛배달,브랜드,10.0,percent,50,3
2026-01-04,s0107,delivery,딜리버리,전주맛배달,브랜드,10.0,percent,65,4
2026-01-05,s0107,delivery,딜리버리,전주맛배달,브랜드,10.0,percent,27,1
2026-01-06,s0107,delivery,딜리버리,전주맛배달,브랜드,10.0,percent,12,1
2026-01-07,s0107,delivery,딜리버리,전주맛배달,브랜드,10.0,percent,46,2
2026-01-08,s0107,delivery,딜리버리,전주맛배달,브랜드,10.0,percent,20,1
2026-01-09,s0107,delivery,딜리버리,전주맛배달,브랜드,10.0,percent,32,2
2026-01-10,s0107,delivery,딜리버리,전주맛배달,브랜드,10.0,percent,39,2
2026-01-11,s0107,delivery,딜리버리,전주맛배달,브랜드,10.0,percent,38,2
2026-01-12,s0107,delivery,딜리버리,전주맛배달,브랜드,10.0,percent,23,1
2026-01-05,s0108,food,푸드,배스킨라빈스,브랜드,30.0,percent,97,8
2026-01-06,s0108,food,푸드,배스킨라빈스,브랜드,30.0,percent,65,6
2026-01-07,s0108,food,푸드,배스킨라빈스,브랜드,30.0,percent,39,3
2026-01-08,s0108,food,푸드,배스킨라빈스,브랜드,30.0,percent,61,3
2026-01-09,s0108,food,푸드,배스킨라빈스,브랜드,30.0,percent,83,7
2026-01-10,s0108,food,푸드,배스킨라빈스,브랜드,30.0,percent,51,5
2026-01-11,s0108,food,푸드,배스킨라빈스,브랜드,30.0,percent,67,6
2026-01-12,s0108,food,푸드,배스킨라빈스,브랜드,30.0,percent,80,7
2026-01-13,s0108,food,푸드,배스킨라빈스,브랜드,30.0,percent,36,2
2026-01-14,s0108,food,푸드,배스킨라빈스,브랜드,30.0,percent,38,3
2026-01-15,s0108,food,푸드,배스킨라빈스,브랜드,30.0,percent,23,2
2026-01-16,s0108,food,푸드,배스킨라빈스,브랜드,30.0,percent,31,3
2026-01-17,s0108,food,푸드,배스킨라빈스,브랜드,30.0,percent,40,3
2026-01-18,s0108,food,푸드,배스킨라빈스,브랜드,30.0,percent,58,4
2026-01-19,s0108,food,푸드,배스킨라빈스,브랜드,30.0,percent,25,2
2026-01-20,s0108,food,푸드,배스킨라빈스,브랜드,30.0,percent,16,1
2026-01-21,s0108,food,푸드,배스킨라빈스,브랜드,30.0,percent,38,3
2026-01-07,s0109,stay,스테이,Agoda,브랜드,30.0,percent,39,2
2026-01-08,s0109,stay,스테이,Agoda,브랜드,30.0,percent,27,1
2026-01-09,s0109,stay,스테이,Agoda,브랜드,30.0,percent,62,3
2026-01-10,s0109,stay,스테이,Agoda,브랜드,30.0,percent,44,2
2026-01-11,s0109,stay,스테이,Agoda,브랜드,30.0,percent,50,2
2026-01-12,s0109,stay,스테이,Agoda,브랜드,30.0,percent,16,0
2026-01-13,s0109,stay,스테이,Agoda,브랜드,30.0,percent,11,0
2026-01-14,s0109,stay,스테이,Agoda,브랜드,30.0,percent,25,1
2026-01-15,s0109,stay,스테이,Agoda,브랜드,30.0,percent,16,1
2026-01-16,s0109,stay,스테이,Agoda,브랜드,30.0,percent,29,1
2026-01-17,s0109,stay,스테이,Agoda,브랜드,30.0,percent,33,1
2026-01-18,s0109,stay,스테이,Agoda,브랜드,30.0,percent,29,1
2026-01-19,s0109,stay,스테이,Agoda,브랜드,30.0,percent,29,1
2026-01-20,s0109,stay,스테이,Agoda,브랜드,30.0,percent,50,2
2026-01-21,s0109,stay,스테이,Agoda,브랜드,30.0,percent,22,1
2026-01-10,s0110,stay,스테이,한화리조트,브랜드,30.0,percent,145,7
2026-01-11,s0110,stay,스테이,한화리조트,브랜드,30.0,percent,34,2
2026-01-12,s0110,stay,스테이,한화리조트,브랜드,30.0,percent,33,2
2026-01-13,s0110,stay,스테이,한화리조트,브랜드,30.0,percent,20,1
2026-01-14,s0110,stay,스테이,한화리조트,브랜드,30.0,percent,24,1
2026-01-15,s0110,stay,스테이,한화리조트,브랜드,30.0,percent,26,1
2026-01-16,s0110,stay,스테이,한화리조트,브랜드,30.0,percent,65,2
2026-01-17,s0110,stay,스테이,한화리조트,브랜드,30.0,percent,37,1
2026-01-18,s0110,stay,스테이,한화리조트,브랜드,30.0,percent,47,1
2026-01-19,s0110,stay,스테이,한화리조트,브랜드,30.0,percent,19,1
2026-01-20,s0110,stay,스테이,한화리조트,브랜드,30.0,percent,17,0
2026-01-21,s0110,stay,스테이,한화리조트,브랜드,30.0,percent,12,0
2026-01-22,s0110,stay,스테이,한화리조트,브랜드,30.0,percent,42,2
2026-01-23,s0110,stay,스테이,한화리조트,브랜드,30.0,percent,42,2
2026-01-24,s0110,stay,스테이,한화리조트,브랜드,30.0,percent,32,1
2026-01-25,s0110,stay,스테이,한화리조트,브랜드,30.0,percent,25,1
2026-01-11,s0111,delivery,딜리버리,배달의민족,브랜드,30.0,percent,96,4
2026-01-12,s0111,delivery,딜리버리,배달의민족,브랜드,30.0,percent,36,2
2026-01-13,s0111,delivery,딜리버리,배달의민족,브랜드,30.0,percent,56,4
2026-01-14,s0111,delivery,딜리버리,배달의민족,브랜드,30.0,percent,72,4
2026-01-15,s0111,delivery,딜리버리,배달의민족,브랜드,30.0,percent,70,4
2026-01-16,s0111,delivery,딜리버리,배달의민족,브랜드,30.0,percent,27,1
2026-01-17,s0111,delivery,딜리버리,배달의민족,브랜드,30.0,percent,75,4
2026-01-18,s0111,delivery,딜리버리,배달의민족,브랜드,30.0,percent,28,2
2026-01-19,s0111,delivery,딜리버리,배달의민족,브랜드,30.0,percent,14,1
2026-01-20,s0111,delivery,딜리버리,배달의민족,브랜드,30.0,percent,41,2
2026-01-21,s0111,delivery,딜리버리,배달의민족,브랜드,30.0,percent,24,1
2026-01-22,s0111,delivery,딜리버리,배달의민족,브랜드,30.0,percent,41,2
2026-01-23,s0111,delivery,딜리버리,배달의민족,브랜드,30.0,percent,47,2
2026-01-24,s0111,delivery,딜리버리,배달의민족,브랜드,30.0,percent,51,2
2026-01-25,s0111,delivery,딜리버리,배달의민족,브랜드,30.0,percent,37,1
2026-01-26,s0111,delivery,딜리버리,배달의민족,브랜드,30.0,percent,17,1
2026-01-11,s0112,tech,테크,로지텍,브랜드,,other,67,3
2026-01-12,s0112,tech,테크,로지텍,브랜드,,other,76,3
2026-01-13,s0112,tech,테크,로지텍,브랜드,,other,54,2
2026-01-14,s0112,tech,테크,로지텍,브랜드,,other,33,2
2026-01-15,s0112,tech,테크,로지텍,브랜드,,other,31,2
2026-01-16,s0112,tech,테크,로지텍,브랜드,,other,47,2
2026-01-17,s0112,tech,테크,로지텍,브랜드,,other,43,2
2026-01-18,s0112,tech,테크,로지텍,브랜드,,other,33,1
2026-01-19,s0112,tech,테크,로지텍,브랜드,,other,29,1
2026-01-20,s0112,tech,테크,로지텍,브랜드,,other,26,1
2026-01-21,s0112,tech,테크,로지텍,브랜드,,other,18,1
2026-01-12,s0113,stay,스테이,호텔스컴바인,소상공인,65.0,percent,65,3
2026-01-13,s0113,stay,스테이,호텔스컴바인,소상공인,65.0,percent,55,2
2026-01-14,s0113,stay,스테이,호텔스컴바인,소상공인,65.0,percent,43,1
2026-01-15,s0113,stay,스테이,호텔스컴바인,소상공인,65.0,percent,31,1
2026-01-16,s0113,stay,스테이,호텔스컴바인,소상공인,65.0,percent,40,1
2026-01-17,s0113,stay,스테이,호텔스컴바인,소상공인,65.0,percent,34,1
2026-01-18,s0113,stay,스테이,호텔스컴바인,소상공인,65.0,percent,47,2
2026-01-19,s0113,stay,스테이,호텔스컴바인,소상공인,65.0,percent,16,1
2026-01-20,s0113,stay,스테이,호텔스컴바인,소상공인,65.0,percent,43,2
2026-01-21,s0113,stay,스테이,호텔스컴바인,소상공인,65.0,percent,40,1
2026-01-22,s0113,stay,스테이,호텔스컴바인,소상공인,65.0,percent,30,2
2026-01-23,s0113,stay,스테이,호텔스컴바인,소상공인,65.0,percent,42,1
2026-01-24,s0113,stay,스테이,호텔스컴바인,소상공인,65.0,percent,47,2
2026-01-25,s0113,stay,스테이,호텔스컴바인,소상공인,65.0,percent,34,1
2026-01-26,s0113,stay,스테이,호텔스컴바인,소상공인,65.0,percent,21,1
2026-01-27,s0113,stay,스테이,호텔스컴바인,소상공인,65.0,percent,19,1
2026-01-13,s0114,popup,팝업,앤더슨벨,소상공인,,bundle,118,11
2026-01-14,s0114,popup,팝업,앤더슨벨,소상공인,,bundle,47,3
2026-01-15,s0114,popup,팝업,앤더슨벨,소상공인,,bundle,43,2
2026-01-16,s0114,popup,팝업,앤더슨벨,소상공인,,bundle,87,5
2026-01-17,s0114,popup,팝업,앤더슨벨,소상공인,,bundle,89,6
2026-01-18,s0114,popup,팝업,앤더슨벨,소상공인,,bundle,50,3
2026-01-19,s0114,popup,팝업,앤더슨벨,소상공인,,bundle,44,2
2026-01-20,s0114,popup,팝업,앤더슨벨,소상공인,,bundle,41,3
2026-01-21,s0114,popup,팝업,앤더슨벨,소상공인,,bundle,21,1
2026-01-22,s0114,popup,팝업,앤더슨벨,소상공인,,bundle,53,5
2026-01-23,s0114,popup,팝업,앤더슨벨,소상공인,,bundle,49,3
2026-01-24,s0114,popup,팝업,앤더슨벨,소상공인,,bundle,52,3
2026-01-25,s0114,popup,팝업,앤더슨벨,소상공인,,bundle,51,3
2026-01-26,s0114,popup,팝업,앤더슨벨,소상공인,,bundle,32,2
2026-01-27,s0114,popup,팝업,앤더슨벨,소상공인,,bundle,26,1
2026-01-28,s0114,popup,팝업,앤더슨벨,소상공인,,bundle,14,1
2026-01-29,s0114,popup,팝업,앤더슨벨,소상공인,,bundle,31,2
2026-01-30,s0114,popup,팝업,앤더슨벨,소상공인,,bundle,22,1
2026-01-31,s0114,popup,팝업,앤더슨벨,소상공인,,bundle,82,4
2026-02-01,s0114,popup,팝업,앤더슨벨,소상공인,,bundle,36,3
2026-02-02,s0114,popup,팝업,앤더슨벨,소상공인,,bundle,54,4
2026-01-14,s0115,food,푸드,Ediya Coffee,브랜드,20.0,percent,84,6
2026-01-15,s0115,food,푸드,Ediya Coffee,브랜드,20.0,percent,59,5
2026-01-16,s0115,food,푸드,Ediya Coffee,브랜드,20.0,percent,120,9
2026-01-17,s0115,food,푸드,Ediya Coffee,브랜드,20.0,percent,92,5
2026-01-18,s0115,food,푸드,Ediya Coffee,브랜드,20.0,percent,156,9
2026-01-19,s0115,food,푸드,Ediya Coffee,브랜드,20.0,percent,35,3
2026-01-20,s0115,food,푸드,Ediya Coffee,브랜드,20.0,percent,61,3
2026-01-21,s0115,food,푸드,Ediya Coffee,브랜드,20.0,percent,87,8
2026-01-22,s0115,food,푸드,Ediya Coffee,브랜드,20.0,percent,63,4
2026-01-23,s0115,food,푸드,Ediya Coffee,브랜드,20.0,percent,58,5
2026-01-24,s0115,food,푸드,Ediya Coffee,브랜드,20.0,percent,83,6
2026-01-25,s0115,food,푸드,Ediya Coffee,브랜드,20.0,percent,44,3
2026-01-26,s0115,food,푸드,Ediya Coffee,브랜드,20.0,percent,24,1
2026-01-27,s0115,food,푸드,Ediya Coffee,브랜드,20.0,percent,25,2
2026-01-28,s0115,food,푸드,Ediya Coffee,브랜드,20.0,percent,32,2
2026-01-29,s0115,food,푸드,Ediya Coffee,브랜드,20.0,percent,43,4
2026-01-14,s0116,beauty,뷰티,MAC,브랜드,40.0,percent,66,3
2026-01-15,s0116,beauty,뷰티,MAC,브랜드,40.0,percent,70,5
2026-01-16,s0116,beauty,뷰티,MAC,브랜드,40.0,percent,65,5
2026-01-17,s0116,beauty,뷰티,MAC,브랜드,40.0,percent,122,9
2026-01-18,s0116,beauty,뷰티,MAC,브랜드,40.0,percent,143,11
2026-01-19,s0116,beauty,뷰티,MAC,브랜드,40.0,percent,34,3
2026-01-20,s0116,beauty,뷰티,MAC,브랜드,40.0,percent,51,4
2026-01-21,s0116,beauty,뷰티,MAC,브랜드,40.0,percent,62,4
2026-01-22,s0116,beauty,뷰티,MAC,브랜드,40.0,percent,39,3
2026-01-23,s0116,beauty,뷰티,MAC,브랜드,40.0,percent,30,2
2026-01-24,s0116,beauty,뷰티,MAC,브랜드,40.0,percent,85,7
2026-01-25,s0116,beauty,뷰티,MAC,브랜드,40.0,percent,30,2
2026-01-26,s0116,beauty,뷰티,MAC,브랜드,40.0,percent,61,5
2026-01-27,s0116,beauty,뷰티,MAC,브랜드,40.0,percent,25,2
2026-01-28,s0116,beauty,뷰티,MAC,브랜드,40.0,percent,20,1
2026-01-14,s0117,food,푸드,Domino's Pizza,브랜드,,other,76,7
2026-01-15,s0117,food,푸드,Domino's Pizza,브랜드,,other,80,7
2026-01-16,s0117,food,푸드,Domino's Pizza,브랜드,,other,91,7
2026-01-17,s0117,food,푸드,Domino's Pizza,브랜드,,other,112,7
2026-01-18,s0117,food,푸드,Domino's Pizza,브랜드,,other,82,6
2026-01-19,s0117,food,푸드,Domino's Pizza,브랜드,,other,94,8
2026-01-20,s0117,food,푸드,Domino's Pizza,브랜드,,other,42,4
2026-01-21,s0117,food,푸드,Domino's Pizza,브랜드,,other,48,3
2026-01-22,s0117,food,푸드,Domino's Pizza,브랜드,,other,47,4
2026-01-23,s0117,food,푸드,Domino's Pizza,브랜드,,other,28,2
2026-01-24,s0117,food,푸드,Domino's Pizza,브랜드,,other,37,3
2026-01-25,s0117,food,푸드,Domino's Pizza,브랜드,,other,52,3
2026-01-26,s0117,food,푸드,Domino's Pizza,브랜드,,other,42,3
2026-01-27,s0117,food,푸드,Domino's Pizza,브랜드,,other,16,1
2026-01-28,s0117,food,푸드,Domino's Pizza,브랜드,,other,67,4
2026-01-29,s0117,food,푸드,Domino's Pizza,브랜드,,other,44,4
2026-01-30,s0117,food,푸드,Domino's Pizza,브랜드,,other,44,3
2026-01-31,s0117,food,푸드,Domino's Pizza,브랜드,,other,60,5
2026-02-01,s0117,food,푸드,Domino's Pizza,브랜드,,other,39,4
2026-02-02,s0117,food,푸드,Domino's Pizza,브랜드,,other,36,3
2026-02-03,s0117,food,푸드,Domino's Pizza,브랜드,,other,36,3
2026-02-04,s0117,food,푸드,Domino's Pizza,브랜드,,other,52,3
2026-02-05,s0117,food,푸드,Domino's Pizza,브랜드,,other,33,3
2026-02-06,s0117,food,푸드,Domino's Pizza,브랜드,,other,26,2
2026-02-07,s0117,food,푸드,Domino's Pizza,브랜드,,other,37,2
2026-02-08,s0117,food,푸드,Domino's Pizza,브랜드,,other,42,4
2026-01-17,s0118,food,푸드,이디야커피,브랜드,15.0,percent,72,4
2026-01-18,s0118,food,푸드,이디야커피,브랜드,15.0,percent,65,5
2026-01-19,s0118,food,푸드,이디야커피,브랜드,15.0,percent,42,3
2026-01-20,s0118,food,푸드,이디야커피,브랜드,15.0,percent,43,3
2026-01-21,s0118,food,푸드,이디야커피,브랜드,15.0,percent,55,5
2026-01-22,s0118,food,푸드,이디야커피,브랜드,15.0,percent,39,3
2026-01-23,s0118,food,푸드,이디야커피,브랜드,15.0,percent,61,4
2026-01-24,s0118,food,푸드,이디야커피,브랜드,15.0,percent,55,3
2026-01-25,s0118,food,푸드,이디야커피,브랜드,15.0,percent,35,2
2026-01-26,s0118,food,푸드,이디야커피,브랜드,15.0,percent,38,2
2026-01-27,s0118,food,푸드,이디야커피,브랜드,15.0,percent,32,3
2026-01-28,s0118,food,푸드,이디야커피,브랜드,15.0,percent,39,3
2026-01-29,s0118,food,푸드,이디야커피,브랜드,15.0,percent,43,3
2026-01-30,s0118,food,푸드,이디야커피,브랜드,15.0,percent,61,3
2026-01-31,s0118,food,푸드,이디야커피,브랜드,15.0,percent,54,4
2026-02-01,s0118,food,푸드,이디야커피,브랜드,15.0,percent,43,3
2026-02-02,s0118,food,푸드,이디야커피,브랜드,15.0,percent,36,3
2026-01-18,s0119,food,푸드,할리스,브랜드,80.0,percent,159,13
2026-01-19,s0119,food,푸드,할리스,브랜드,80.0,percent,96,5
2026-01-20,s0119,food,푸드,할리스,브랜드,80.0,percent,159,12
2026-01-21,s0119,food,푸드,할리스,브랜드,80.0,percent,74,5
2026-01-22,s0119,food,푸드,할리스,브랜드,80.0,percent,64,5
2026-01-23,s0119,food,푸드,할리스,브랜드,80.0,percent,114,9
2026-01-24,s0119,food,푸드,할리스,브랜드,80.0,percent,88,6
2026-01-25,s0119,food,푸드,할리스,브랜드,80.0,percent,119,9
2026-01-26,s0119,food,푸드,할리스,브랜드,80.0,percent,94,5
2026-01-27,s0119,food,푸드,할리스,브랜드,80.0,percent,43,3
2026-01-28,s0119,food,푸드,할리스,브랜드,80.0,percent,72,6
2026-01-19,s0120,stay,스테이,부킹닷컴,브랜드,45.0,percent,48,2
2026-01-20,s0120,stay,스테이,부킹닷컴,브랜드,45.0,percent,45,2
2026-01-21,s0120,stay,스테이,부킹닷컴,브랜드,45.0,percent,50,2
2026-01-22,s0120,stay,스테이,부킹닷컴,브랜드,45.0,percent,35,1
2026-01-23,s0120,stay,스테이,부킹닷컴,브랜드,45.0,percent,49,2
2026-01-24,s0120,stay,스테이,부킹닷컴,브랜드,45.0,percent,47,2
2026-01-25,s0120,stay,스테이,부킹닷컴,브랜드,45.0,percent,57,3
2026-01-26,s0120,stay,스테이,부킹닷컴,브랜드,45.0,percent,38,2
2026-01-27,s0120,stay,스테이,부킹닷컴,브랜드,45.0,percent,21,1
2026-01-28,s0120,stay,스테이,부킹닷컴,브랜드,45.0,percent,29,1
2026-01-29,s0120,stay,스테이,부킹닷컴,브랜드,45.0,percent,38,2
2026-01-30,s0120,stay,스테이,부킹닷컴,브랜드,45.0,percent,22,1
2026-01-31,s0120,stay,스테이,부킹닷컴,브랜드,45.0,percent,34,1
2026-02-01,s0120,stay,스테이,부킹닷컴,브랜드,45.0,percent,36,1
2026-02-02,s0120,stay,스테이,부킹닷컴,브랜드,45.0,percent,16,0
2026-02-03,s0120,stay,스테이,부킹닷컴,브랜드,45.0,percent,40,2
2026-01-23,s0121,food,푸드,배스킨라빈스,소상공인,,amount,84,4
2026-01-24,s0121,food,푸드,배스킨라빈스,소상공인,,amount,178,10
2026-01-25,s0121,food,푸드,배스킨라빈스,소상공인,,amount,65,6
2026-01-26,s0121,food,푸드,배스킨라빈스,소상공인,,amount,43,4
2026-01-27,s0121,food,푸드,배스킨라빈스,소상공인,,amount,25,2
2026-01-28,s0121,food,푸드,배스킨라빈스,소상공인,,amount,51,5
2026-01-29,s0121,food,푸드,배스킨라빈스,소상공인,,amount,28,3
2026-01-30,s0121,food,푸드,배스킨라빈스,소상공인,,amount,44,3
2026-01-31,s0121,food,푸드,배스킨라빈스,소상공인,,amount,39,3
2026-02-01,s0121,food,푸드,배스킨라빈스,소상공인,,amount,50,5
2026-02-02,s0121,food,푸드,배스킨라빈스,소상공인,,amount,12,1
2026-02-03,s0121,food,푸드,배스킨라빈스,소상공인,,amount,30,2
2026-02-04,s0121,food,푸드,배스킨라빈스,소상공인,,amount,34,2
2026-02-05,s0121,food,푸드,배스킨라빈스,소상공인,,amount,28,2
2026-02-06,s0121,food,푸드,배스킨라빈스,소상공인,,amount,34,2
2026-02-07,s0121,food,푸드,배스킨라빈스,소상공인,,amount,37,3
2026-02-08,s0121,food,푸드,배스킨라빈스,소상공인,,amount,38,3
2026-02-09,s0121,food,푸드,배스킨라빈스,소상공인,,amount,48,4
2026-02-10,s0121,food,푸드,배스킨라빈스,소상공인,,amount,37,3
2026-02-11,s0121,food,푸드,배스킨라빈스,소상공인,,amount,27,2
2026-02-12,s0121,food,푸드,배스킨라빈스,소상공인,,amount,26,2
2026-01-24,s0122,fashion,패션,8seconds,브랜드,30.0,percent,149,9
2026-01-25,s0122,fashion,패션,8seconds,브랜드,30.0,percent,95,4
2026-01-26,s0122,fashion,패션,8seconds,브랜드,30.0,percent,39,2
2026-01-27,s0122,fashion,패션,8seconds,브랜드,30.0,percent,44,2
2026-01-28,s0122,fashion,패션,8seconds,브랜드,30.0,percent,73,4
2026-01-29,s0122,fashion,패션,8seconds,브랜드,30.0,percent,52,2
2026-01-30,s0122,fashion,패션,8seconds,브랜드,30.0,percent,43,2
2026-01-31,s0122,fashion,패션,8seconds,브랜드,30.0,percent,33,2
2026-02-01,s0122,fashion,패션,8seconds,브랜드,30.0,percent,52,3
2026-02-02,s0122,fashion,패션,8seconds,브랜드,30.0,percent,33,2
2026-02-03,s0122,fashion,패션,8seconds,브랜드,30.0,percent,28,2
2026-02-04,s0122,fashion,패션,8seconds,브랜드,30.0,percent,41,2
2026-02-05,s0122,fashion,패션,8seconds,브랜드,30.0,percent,38,2
2026-02-06,s0122,fashion,패션,8seconds,브랜드,30.0,percent,23,1
2026-02-07,s0122,fashion,패션,8seconds,브랜드,30.0,percent,44,2
2026-02-08,s0122,fashion,패션,8seconds,브랜드,30.0,percent,26,2
2026-01-25,s0123,popup,팝업,카페 소슬,브랜드,75.0,percent,146,10
2026-01-26,s0123,popup,팝업,카페 소슬,브랜드,75.0,percent,68,6
2026-01-27,s0123,popup,팝업,카페 소슬,브랜드,75.0,percent,57,3
2026-01-28,s0123,popup,팝업,카페 소슬,브랜드,75.0,percent,44,4
2026-01-29,s0123,popup,팝업,카페 소슬,브랜드,75.0,percent,89,5
2026-01-30,s0123,popup,팝업,카페 소슬,브랜드,75.0,percent,95,6
2026-01-31,s0123,popup,팝업,카페 소슬,브랜드,75.0,percent,93,7
2026-02-01,s0123,popup,팝업,카페 소슬,브랜드,75.0,percent,68,4
2026-02-02,s0123,popup,팝업,카페 소슬,브랜드,75.0,percent,35,2
2026-02-03,s0123,popup,팝업,카페 소슬,브랜드,75.0,percent,43,3
2026-02-04,s0123,popup,팝업,카페 소슬,브랜드,75.0,percent,57,5
2026-02-05,s0123,popup,팝업,카페 소슬,브랜드,75.0,percent,58,4
2026-02-06,s0123,popup,팝업,카페 소슬,브랜드,75.0,percent,102,5
2026-02-07,s0123,popup,팝업,카페 소슬,브랜드,75.0,percent,111,6
2026-02-08,s0123,popup,팝업,카페 소슬,브랜드,75.0,percent,67,5
2026-02-09,s0123,popup,팝업,카페 소슬,브랜드,75.0,percent,40,2
2026-02-10,s0123,popup,팝업,카페 소슬,브랜드,75.0,percent,34,2
2026-01-26,s0124,living,리빙,리바트,소상공인,65.0,percent,40,2
2026-01-27,s0124,living,리빙,리바트,소상공인,65.0,percent,37,1
2026-01-28,s0124,living,리빙,리바트,소상공인,65.0,percent,28,2
2026-01-29,s0124,living,리빙,리바트,소상공인,65.0,percent,86,5
2026-01-30,s0124,living,리빙,리바트,소상공인,65.0,percent,56,2
2026-01-31,s0124,living,리빙,리바트,소상공인,65.0,percent,68,3
2026-02-01,s0124,living,리빙,리바트,소상공인,65.0,percent,43,1
2026-02-02,s0124,living,리빙,리바트,소상공인,65.0,percent,74,3
2026-02-03,s0124,living,리빙,리바트,소상공인,65.0,percent,19,1
2026-02-04,s0124,living,리빙,리바트,소상공인,65.0,percent,17,1
2026-02-05,s0124,living,리빙,리바트,소상공인,65.0,percent,68,3
2026-02-06,s0124,living,리빙,리바트,소상공인,65.0,percent,22,1
2026-02-07,s0124,living,리빙,리바트,소상공인,65.0,percent,36,1
2026-02-08,s0124,living,리빙,리바트,소상공인,65.0,percent,28,1
2026-02-09,s0124,living,리빙,리바트,소상공인,65.0,percent,29,2
2026-02-10,s0124,living,리빙,리바트,소상공인,65.0,percent,21,1
2026-02-11,s0124,living,리빙,리바트,소상공인,65.0,percent,31,1
2026-01-27,s0125,stay,스테이,Booking.com,브랜드,35.0,percent,68,2
2026-01-28,s0125,stay,스테이,Booking.com,브랜드,35.0,percent,28,1
2026-01-29,s0125,stay,스테이,Booking.com,브랜드,35.0,percent,32,1
2026-01-30,s0125,stay,스테이,Booking.com,브랜드,35.0,percent,58,3
2026-01-31,s0125,stay,스테이,Booking.com,브랜드,35.0,percent,70,3
2026-02-01,s0125,stay,스테이,Booking.com,브랜드,35.0,percent,43,2
2026-02-02,s0125,stay,스테이,Booking.com,브랜드,35.0,percent,32,1
2026-02-03,s0125,stay,스테이,Booking.com,브랜드,35.0,percent,40,2
2026-02-04,s0125,stay,스테이,Booking.com,브랜드,35.0,percent,22,1
2026-02-05,s0125,stay,스테이,Booking.com,브랜드,35.0,percent,26,1
2026-02-06,s0125,stay,스테이,Booking.com,브랜드,35.0,percent,44,2
2026-01-28,s0126,fashion,패션,폴로 랄프로렌,브랜드,,other,116,6
2026-01-29,s0126,fashion,패션,폴로 랄프로렌,브랜드,,other,66,3
2026-01-30,s0126,fashion,패션,폴로 랄프로렌,브랜드,,other,55,3
2026-01-31,s0126,fashion,패션,폴로 랄프로렌,브랜드,,other,72,3
2026-02-01,s0126,fashion,패션,폴로 랄프로렌,브랜드,,other,62,4
2026-02-02,s0126,fashion,패션,폴로 랄프로렌,브랜드,,other,31,2
2026-02-03,s0126,fashion,패션,폴로 랄프로렌,브랜드,,other,28,1
2026-02-04,s0126,fashion,패션,폴로 랄프로렌,브랜드,,other,56,4
2026-02-05,s0126,fashion,패션,폴로 랄프로렌,브랜드,,other,42,3
2026-02-06,s0126,fashion,패션,폴로 랄프로렌,브랜드,,other,38,2
2026-02-07,s0126,fashion,패션,폴로 랄프로렌,브랜드,,other,33,2
2026-02-08,s0126,fashion,패션,폴로 랄프로렌,브랜드,,other,34,2
2026-02-09,s0126,fashion,패션,폴로 랄프로렌,브랜드,,other,17,1
2026-02-10,s0126,fashion,패션,폴로 랄프로렌,브랜드,,other,30,2
2026-02-11,s0126,fashion,패션,폴로 랄프로렌,브랜드,,other,23,1
2026-02-12,s0126,fashion,패션,폴로 랄프로렌,브랜드,,other,33,2
2026-02-13,s0126,fashion,패션,폴로 랄프로렌,브랜드,,other,47,2
2026-02-14,s0126,fashion,패션,폴로 랄프로렌,브랜드,,other,47,2
2026-02-15,s0126,fashion,패션,폴로 랄프로렌,브랜드,,other,34,2
2026-02-16,s0126,fashion,패션,폴로 랄프로렌,브랜드,,other,21,1
2026-02-17,s0126,fashion,패션,폴로 랄프로렌,브랜드,,other,18,1
2026-02-18,s0126,fashion,패션,폴로 랄프로렌,브랜드,,other,42,2
2026-02-19,s0126,fashion,패션,폴로 랄프로렌,브랜드,,other,32,2
2026-02-20,s0126,fashion,패션,폴로 랄프로렌,브랜드,,other,31,2
2026-02-21,s0126,fashion,패션,폴로 랄프로렌,브랜드,,other,51,2
2026-02-22,s0126,fashion,패션,폴로 랄프로렌,브랜드,,other,54,3
2026-01-30,s0127,popup,팝업,한남 아트팝업,브랜드,50.0,percent,102,6
2026-01-31,s0127,popup,팝업,한남 아트팝업,브랜드,50.0,percent,141,9
2026-02-01,s0127,popup,팝업,한남 아트팝업,브랜드,50.0,percent,115,9
2026-02-02,s0127,popup,팝업,한남 아트팝업,브랜드,50.0,percent,110,10
2026-02-03,s0127,popup,팝업,한남 아트팝업,브랜드,50.0,percent,51,4
2026-02-04,s0127,popup,팝업,한남 아트팝업,브랜드,50.0,percent,41,3
2026-02-05,s0127,popup,팝업,한남 아트팝업,브랜드,50.0,percent,61,3
2026-02-06,s0127,popup,팝업,한남 아트팝업,브랜드,50.0,percent,78,6
2026-02-07,s0127,popup,팝업,한남 아트팝업,브랜드,50.0,percent,73,5
2026-02-08,s0127,popup,팝업,한남 아트팝업,브랜드,50.0,percent,103,9
2026-02-09,s0127,popup,팝업,한남 아트팝업,브랜드,50.0,percent,38,3
2026-02-10,s0127,popup,팝업,한남 아트팝업,브랜드,50.0,percent,42,3
2026-02-11,s0127,popup,팝업,한남 아트팝업,브랜드,50.0,percent,25,2
2026-02-12,s0127,popup,팝업,한남 아트팝업,브랜드,50.0,percent,31,2
2026-02-13,s0127,popup,팝업,한남 아트팝업,브랜드,50.0,percent,40,3
2026-02-14,s0127,popup,팝업,한남 아트팝업,브랜드,50.0,percent,55,4
2026-02-15,s0127,popup,팝업,한남 아트팝업,브랜드,50.0,percent,35,2
2026-01-30,s0128,popup,팝업,동네빵집 밀도,브랜드,50.0,percent,157,11
2026-01-31,s0128,popup,팝업,동네빵집 밀도,브랜드,50.0,percent,100,9
2026-02-01,s0128,popup,팝업,동네빵집 밀도,브랜드,50.0,percent,226,17
2026-02-02,s0128,popup,팝업,동네빵집 밀도,브랜드,50.0,percent,53,4
2026-02-03,s0128,popup,팝업,동네빵집 밀도,브랜드,50.0,percent,59,3
2026-02-04,s0128,popup,팝업,동네빵집 밀도,브랜드,50.0,percent,55,5
2026-02-05,s0128,popup,팝업,동네빵집 밀도,브랜드,50.0,percent,39,3
2026-02-06,s0128,popup,팝업,동네빵집 밀도,브랜드,50.0,percent,58,4
2026-02-07,s0128,popup,팝업,동네빵집 밀도,브랜드,50.0,percent,64,4
2026-02-08,s0128,popup,팝업,동네빵집 밀도,브랜드,50.0,percent,83,5
2026-02-09,s0128,popup,팝업,동네빵집 밀도,브랜드,50.0,percent,49,4
2026-02-02,s0129,popup,팝업,여의도 러닝 팝업,소상공인,65.0,percent,117,8
2026-02-03,s0129,popup,팝업,여의도 러닝 팝업,소상공인,65.0,percent,105,7
2026-02-04,s0129,popup,팝업,여의도 러닝 팝업,소상공인,65.0,percent,89,4
2026-02-05,s0129,popup,팝업,여의도 러닝 팝업,소상공인,65.0,percent,74,4
2026-02-06,s0129,popup,팝업,여의도 러닝 팝업,소상공인,65.0,percent,59,3
2026-02-07,s0129,popup,팝업,여의도 러닝 팝업,소상공인,65.0,percent,84,5
2026-02-08,s0129,popup,팝업,여의도 러닝 팝업,소상공인,65.0,percent,51,3
2026-02-09,s0129,popup,팝업,여의도 러닝 팝업,소상공인,65.0,percent,44,3
2026-02-10,s0129,popup,팝업,여의도 러닝 팝업,소상공인,65.0,percent,38,3
2026-02-11,s0129,popup,팝업,여의도 러닝 팝업,소상공인,65.0,percent,40,3
2026-02-12,s0129,popup,팝업,여의도 러닝 팝업,소상공인,65.0,percent,28,2
2026-02-13,s0129,popup,팝업,여의도 러닝 팝업,소상공인,65.0,percent,20,1
2026-02-14,s0129,popup,팝업,여의도 러닝 팝업,소상공인,65.0,percent,50,4
2026-02-15,s0129,popup,팝업,여의도 러닝 팝업,소상공인,65.0,percent,77,7
2026-02-16,s0129,popup,팝업,여의도 러닝 팝업,소상공인,65.0,percent,38,3
2026-02-17,s0129,popup,팝업,여의도 러닝 팝업,소상공인,65.0,percent,50,3
2026-02-02,s0130,tech,테크,Bose,브랜드,35.0,percent,42,2
2026-02-03,s0130,tech,테크,Bose,브랜드,35.0,percent,39,2
2026-02-04,s0130,tech,테크,Bose,브랜드,35.0,percent,94,3
2026-02-05,s0130,tech,테크,Bose,브랜드,35.0,percent,30,1
2026-02-06,s0130,tech,테크,Bose,브랜드,35.0,percent,52,3
2026-02-07,s0130,tech,테크,Bose,브랜드,35.0,percent,56,3
2026-02-08,s0130,tech,테크,Bose,브랜드,35.0,percent,46,2
2026-02-09,s0130,tech,테크,Bose,브랜드,35.0,percent,33,2
2026-02-10,s0130,tech,테크,Bose,브랜드,35.0,percent,18,1
2026-02-11,s0130,tech,테크,Bose,브랜드,35.0,percent,22,1
2026-02-12,s0130,tech,테크,Bose,브랜드,35.0,percent,11,1
2026-02-13,s0130,tech,테크,Bose,브랜드,35.0,percent,49,3
2026-02-14,s0130,tech,테크,Bose,브랜드,35.0,percent,41,1
2026-02-15,s0130,tech,테크,Bose,브랜드,35.0,percent,25,1
2026-02-16,s0130,tech,테크,Bose,브랜드,35.0,percent,16,1
2026-02-17,s0130,tech,테크,Bose,브랜드,35.0,percent,30,1
2026-02-02,s0131,popup,팝업,연남동 독립서점,브랜드,60.0,percent,85,5
2026-02-03,s0131,popup,팝업,연남동 독립서점,브랜드,60.0,percent,70,4
2026-02-04,s0131,popup,팝업,연남동 독립서점,브랜드,60.0,percent,58,5
2026-02-05,s0131,popup,팝업,연남동 독립서점,브랜드,60.0,percent,99,5
2026-02-06,s0131,popup,팝업,연남동 독립서점,브랜드,60.0,percent,119,7
2026-02-07,s0131,popup,팝업,연남동 독립서점,브랜드,60.0,percent,83,7
2026-02-08,s0131,popup,팝업,연남동 독립서점,브랜드,60.0,percent,110,6
2026-02-09,s0131,popup,팝업,연남동 독립서점,브랜드,60.0,percent,59,4
2026-02-10,s0131,popup,팝업,연남동 독립서점,브랜드,60.0,percent,32,2
2026-02-11,s0131,popup,팝업,연남동 독립서점,브랜드,60.0,percent,77,6
2026-02-12,s0131,popup,팝업,연남동 독립서점,브랜드,60.0,percent,34,2
2026-02-13,s0131,popup,팝업,연남동 독립서점,브랜드,60.0,percent,54,5
2026-02-14,s0131,popup,팝업,연남동 독립서점,브랜드,60.0,percent,61,5
2026-02-15,s0131,popup,팝업,연남동 독립서점,브랜드,60.0,percent,52,4
2026-02-16,s0131,popup,팝업,연남동 독립서점,브랜드,60.0,percent,22,2
2026-02-03,s0132,stay,스테이,Hotels.com,브랜드,70.0,percent,133,5
2026-02-04,s0132,stay,스테이,Hotels.com,브랜드,70.0,percent,33,1
2026-02-05,s0132,stay,스테이,Hotels.com,브랜드,70.0,percent,93,4
2026-02-06,s0132,stay,스테이,Hotels.com,브랜드,70.0,percent,45,1
2026-02-07,s0132,stay,스테이,Hotels.com,브랜드,70.0,percent,52,2
2026-02-08,s0132,stay,스테이,Hotels.com,브랜드,70.0,percent,86,3
2026-02-09,s0132,stay,스테이,Hotels.com,브랜드,70.0,percent,42,2
2026-02-10,s0132,stay,스테이,Hotels.com,브랜드,70.0,percent,20,1
2026-02-11,s0132,stay,스테이,Hotels.com,브랜드,70.0,percent,20,1
2026-02-12,s0132,stay,스테이,Hotels.com,브랜드,70.0,percent,36,2
2026-02-13,s0132,stay,스테이,Hotels.com,브랜드,70.0,percent,26,1
2026-02-14,s0132,stay,스테이,Hotels.com,브랜드,70.0,percent,52,2
2026-02-15,s0132,stay,스테이,Hotels.com,브랜드,70.0,percent,48,2
2026-02-16,s0132,stay,스테이,Hotels.com,브랜드,70.0,percent,21,1
2026-02-17,s0132,stay,스테이,Hotels.com,브랜드,70.0,percent,22,1
2026-02-18,s0132,stay,스테이,Hotels.com,브랜드,70.0,percent,30,1
2026-02-19,s0132,stay,스테이,Hotels.com,브랜드,70.0,percent,21,1
2026-02-20,s0132,stay,스테이,Hotels.com,브랜드,70.0,percent,35,1
2026-02-21,s0132,stay,스테이,Hotels.com,브랜드,70.0,percent,91,3
2026-02-22,s0132,stay,스테이,Hotels.com,브랜드,70.0,percent,42,1
2026-02-23,s0132,stay,스테이,Hotels.com,브랜드,70.0,percent,23,1
2026-02-24,s0132,stay,스테이,Hotels.com,브랜드,70.0,percent,52,2
2026-02-25,s0132,stay,스테이,Hotels.com,브랜드,70.0,percent,35,1
2026-02-26,s0132,stay,스테이,Hotels.com,브랜드,70.0,percent,19,1
2026-02-27,s0132,stay,스테이,Hotels.com,브랜드,70.0,percent,25,1
2026-02-28,s0132,stay,스테이,Hotels.com,브랜드,70.0,percent,22,1
2026-02-04,s0133,popup,팝업,탬버린즈,소상공인,15.0,percent,67,5
2026-02-05,s0133,popup,팝업,탬버린즈,소상공인,15.0,percent,27,2
2026-02-06,s0133,popup,팝업,탬버린즈,소상공인,15.0,percent,122,8
2026-02-07,s0133,popup,팝업,탬버린즈,소상공인,15.0,percent,55,3
2026-02-08,s0133,popup,팝업,탬버린즈,소상공인,15.0,percent,69,4
2026-02-09,s0133,popup,팝업,탬버린즈,소상공인,15.0,percent,29,2
2026-02-10,s0133,popup,팝업,탬버린즈,소상공인,15.0,percent,32,3
2026-02-11,s0133,popup,팝업,탬버린즈,소상공인,15.0,percent,28,2
2026-02-12,s0133,popup,팝업,탬버린즈,소상공인,15.0,percent,30,2
2026-02-13,s0133,popup,팝업,탬버린즈,소상공인,15.0,percent,51,4
2026-02-14,s0133,popup,팝업,탬버린즈,소상공인,15.0,percent,70,5
2026-02-04,s0134,delivery,딜리버리,동네줌,브랜드,40.0,percent,130,7
2026-02-05,s0134,delivery,딜리버리,동네줌,브랜드,40.0,percent,210,8
2026-02-06,s0134,delivery,딜리버리,동네줌,브랜드,40.0,percent,56,3
2026-02-07,s0134,delivery,딜리버리,동네줌,브랜드,40.0,percent,85,5
2026-02-08,s0134,delivery,딜리버리,동네줌,브랜드,40.0,percent,49,3
2026-02-09,s0134,delivery,딜리버리,동네줌,브랜드,40.0,percent,61,4
2026-02-10,s0134,delivery,딜리버리,동네줌,브랜드,40.0,percent,25,1
2026-02-11,s0134,delivery,딜리버리,동네줌,브랜드,40.0,percent,54,2
2026-02-12,s0134,delivery,딜리버리,동네줌,브랜드,40.0,percent,38,1
2026-02-13,s0134,delivery,딜리버리,동네줌,브랜드,40.0,percent,40,2
2026-02-14,s0134,delivery,딜리버리,동네줌,브랜드,40.0,percent,47,2
2026-02-15,s0134,delivery,딜리버리,동네줌,브랜드,40.0,percent,28,1
2026-02-16,s0134,delivery,딜리버리,동네줌,브랜드,40.0,percent,20,1
2026-02-17,s0134,delivery,딜리버리,동네줌,브랜드,40.0,percent,30,2
2026-02-18,s0134,delivery,딜리버리,동네줌,브랜드,40.0,percent,31,2
2026-02-19,s0134,delivery,딜리버리,동네줌,브랜드,40.0,percent,24,1
2026-02-20,s0134,delivery,딜리버리,동네줌,브랜드,40.0,percent,33,1
2026-02-21,s0134,delivery,딜리버리,동네줌,브랜드,40.0,percent,50,3
2026-02-22,s0134,delivery,딜리버리,동네줌,브랜드,40.0,percent,29,1
2026-02-23,s0134,delivery,딜리버리,동네줌,브랜드,40.0,percent,15,1
2026-02-24,s0134,delivery,딜리버리,동네줌,브랜드,40.0,percent,44,2
2026-02-25,s0134,delivery,딜리버리,동네줌,브랜드,40.0,percent,30,2
2026-02-26,s0134,delivery,딜리버리,동네줌,브랜드,40.0,percent,25,1
2026-02-27,s0134,delivery,딜리버리,동네줌,브랜드,40.0,percent,28,1
2026-02-28,s0134,delivery,딜리버리,동네줌,브랜드,40.0,percent,31,1
2026-03-01,s0134,delivery,딜리버리,동네줌,브랜드,40.0,percent,57,3
2026-03-02,s0134,delivery,딜리버리,동네줌,브랜드,40.0,percent,17,1
2026-03-03,s0134,delivery,딜리버리,동네줌,브랜드,40.0,percent,30,2
2026-03-04,s0134,delivery,딜리버리,동네줌,브랜드,40.0,percent,31,2
2026-03-05,s0134,delivery,딜리버리,동네줌,브랜드,40.0,percent,38,2
2026-03-06,s0134,delivery,딜리버리,동네줌,브랜드,40.0,percent,31,1
2026-02-05,s0135,food,푸드,A Twosome Place,브랜드,55.0,percent,188,17
2026-02-06,s0135,food,푸드,A Twosome Place,브랜드,55.0,percent,158,10
2026-02-07,s0135,food,푸드,A Twosome Place,브랜드,55.0,percent,106,9
2026-02-08,s0135,food,푸드,A Twosome Place,브랜드,55.0,percent,78,5
2026-02-09,s0135,food,푸드,A Twosome Place,브랜드,55.0,percent,62,5
2026-02-10,s0135,food,푸드,A Twosome Place,브랜드,55.0,percent,48,3
2026-02-11,s0135,food,푸드,A Twosome Place,브랜드,55.0,percent,41,2
2026-02-12,s0135,food,푸드,A Twosome Place,브랜드,55.0,percent,56,3
2026-02-13,s0135,food,푸드,A Twosome Place,브랜드,55.0,percent,58,5
2026-02-14,s0135,food,푸드,A Twosome Place,브랜드,55.0,percent,128,7
2026-02-15,s0135,food,푸드,A Twosome Place,브랜드,55.0,percent,55,4
2026-02-05,s0136,food,푸드,Tous les Jours,브랜드,30.0,percent,71,7
2026-02-06,s0136,food,푸드,Tous les Jours,브랜드,30.0,percent,96,9
2026-02-07,s0136,food,푸드,Tous les Jours,브랜드,30.0,percent,107,7
2026-02-08,s0136,food,푸드,Tous les Jours,브랜드,30.0,percent,91,8
2026-02-09,s0136,food,푸드,Tous les Jours,브랜드,30.0,percent,59,4
2026-02-10,s0136,food,푸드,Tous les Jours,브랜드,30.0,percent,46,2
2026-02-11,s0136,food,푸드,Tous les Jours,브랜드,30.0,percent,44,3
2026-02-12,s0136,food,푸드,Tous les Jours,브랜드,30.0,percent,55,3
2026-02-13,s0136,food,푸드,Tous les Jours,브랜드,30.0,percent,36,2
2026-02-14,s0136,food,푸드,Tous les Jours,브랜드,30.0,percent,44,3
2026-02-15,s0136,food,푸드,Tous les Jours,브랜드,30.0,percent,30,2
2026-02-16,s0136,food,푸드,Tous les Jours,브랜드,30.0,percent,26,1
2026-02-17,s0136,food,푸드,Tous les Jours,브랜드,30.0,percent,48,4
2026-02-18,s0136,food,푸드,Tous les Jours,브랜드,30.0,percent,42,3
2026-02-19,s0136,food,푸드,Tous les Jours,브랜드,30.0,percent,68,5
2026-02-20,s0136,food,푸드,Tous les Jours,브랜드,30.0,percent,73,5
2026-02-09,s0137,tech,테크,Anker,브랜드,40.0,percent,72,3
2026-02-10,s0137,tech,테크,Anker,브랜드,40.0,percent,50,2
2026-02-11,s0137,tech,테크,Anker,브랜드,40.0,percent,45,3
2026-02-12,s0137,tech,테크,Anker,브랜드,40.0,percent,20,1
2026-02-13,s0137,tech,테크,Anker,브랜드,40.0,percent,44,2
2026-02-14,s0137,tech,테크,Anker,브랜드,40.0,percent,40,1
2026-02-15,s0137,tech,테크,Anker,브랜드,40.0,percent,31,2
2026-02-16,s0137,tech,테크,Anker,브랜드,40.0,percent,33,2
2026-02-17,s0137,tech,테크,Anker,브랜드,40.0,percent,24,1
2026-02-18,s0137,tech,테크,Anker,브랜드,40.0,percent,26,1
2026-02-19,s0137,tech,테크,Anker,브랜드,40.0,percent,18,1
2026-02-20,s0137,tech,테크,Anker,브랜드,40.0,percent,41,2
2026-02-21,s0137,tech,테크,Anker,브랜드,40.0,percent,30,2
2026-02-22,s0137,tech,테크,Anker,브랜드,40.0,percent,36,1
2026-02-23,s0137,tech,테크,Anker,브랜드,40.0,percent,20,1
2026-02-24,s0137,tech,테크,Anker,브랜드,40.0,percent,10,0
2026-02-25,s0137,tech,테크,Anker,브랜드,40.0,percent,26,1
2026-02-10,s0139,popup,팝업,아디다스 오리지널스,브랜드,15.0,percent,64,3
2026-02-11,s0139,popup,팝업,아디다스 오리지널스,브랜드,15.0,percent,35,3
2026-02-12,s0139,popup,팝업,아디다스 오리지널스,브랜드,15.0,percent,38,2
2026-02-13,s0139,popup,팝업,아디다스 오리지널스,브랜드,15.0,percent,82,7
2026-02-14,s0139,popup,팝업,아디다스 오리지널스,브랜드,15.0,percent,38,3
2026-02-15,s0139,popup,팝업,아디다스 오리지널스,브랜드,15.0,percent,46,3
2026-02-16,s0139,popup,팝업,아디다스 오리지널스,브랜드,15.0,percent,72,4
2026-02-17,s0139,popup,팝업,아디다스 오리지널스,브랜드,15.0,percent,38,2
2026-02-18,s0139,popup,팝업,아디다스 오리지널스,브랜드,15.0,percent,42,3
2026-02-19,s0139,popup,팝업,아디다스 오리지널스,브랜드,15.0,percent,30,3
2026-02-20,s0139,popup,팝업,아디다스 오리지널스,브랜드,15.0,percent,22,1
2026-02-21,s0139,popup,팝업,아디다스 오리지널스,브랜드,15.0,percent,47,3
2026-02-22,s0139,popup,팝업,아디다스 오리지널스,브랜드,15.0,percent,27,2
2026-02-23,s0139,popup,팝업,아디다스 오리지널스,브랜드,15.0,percent,19,2
2026-02-24,s0139,popup,팝업,아디다스 오리지널스,브랜드,15.0,percent,27,2
2026-02-25,s0139,popup,팝업,아디다스 오리지널스,브랜드,15.0,percent,19,1
2026-02-26,s0139,popup,팝업,아디다스 오리지널스,브랜드,15.0,percent,28,2
2026-02-10,s0138,popup,팝업,합정 빈티지숍,브랜드,30.0,percent,62,4
2026-02-11,s0138,popup,팝업,합정 빈티지숍,브랜드,30.0,percent,70,4
2026-02-12,s0138,popup,팝업,합정 빈티지숍,브랜드,30.0,percent,55,4
2026-02-13,s0138,popup,팝업,합정 빈티지숍,브랜드,30.0,percent,70,4
2026-02-14,s0138,popup,팝업,합정 빈티지숍,브랜드,30.0,percent,124,8
2026-02-15,s0138,popup,팝업,합정 빈티지숍,브랜드,30.0,percent,83,5
2026-02-16,s0138,popup,팝업,합정 빈티지숍,브랜드,30.0,percent,40,2
2026-02-11,s0140,tech,테크,Apple,브랜드,20.0,percent,74,3
2026-02-12,s0140,tech,테크,Apple,브랜드,20.0,percent,50,3
2026-02-13,s0140,tech,테크,Apple,브랜드,20.0,percent,69,3
2026-02-14,s0140,tech,테크,Apple,브랜드,20.0,percent,29,1
2026-02-15,s0140,tech,테크,Apple,브랜드,20.0,percent,28,1
2026-02-16,s0140,tech,테크,Apple,브랜드,20.0,percent,28,1
2026-02-17,s0140,tech,테크,Apple,브랜드,20.0,percent,22,1
2026-02-18,s0140,tech,테크,Apple,브랜드,20.0,percent,23,1
2026-02-19,s0140,tech,테크,Apple,브랜드,20.0,percent,28,2
2026-02-20,s0140,tech,테크,Apple,브랜드,20.0,percent,29,1
2026-02-21,s0140,tech,테크,Apple,브랜드,20.0,percent,41,1
2026-02-22,s0140,tech,테크,Apple,브랜드,20.0,percent,37,2
2026-02-23,s0140,tech,테크,Apple,브랜드,20.0,percent,14,1
2026-02-24,s0140,tech,테크,Apple,브랜드,20.0,percent,8,0
2026-02-25,s0140,tech,테크,Apple,브랜드,20.0,percent,13,1
2026-02-26,s0140,tech,테크,Apple,브랜드,20.0,percent,13,1
2026-02-12,s0141,delivery,딜리버리,요기요,브랜드,35.0,percent,75,4
2026-02-13,s0141,delivery,딜리버리,요기요,브랜드,35.0,percent,77,4
2026-02-14,s0141,delivery,딜리버리,요기요,브랜드,35.0,percent,73,4
2026-02-15,s0141,delivery,딜리버리,요기요,브랜드,35.0,percent,75,4
2026-02-16,s0141,delivery,딜리버리,요기요,브랜드,35.0,percent,100,4
2026-02-17,s0141,delivery,딜리버리,요기요,브랜드,35.0,percent,33,2
2026-02-18,s0141,delivery,딜리버리,요기요,브랜드,35.0,percent,39,2
2026-02-19,s0141,delivery,딜리버리,요기요,브랜드,35.0,percent,35,1
2026-02-20,s0141,delivery,딜리버리,요기요,브랜드,35.0,percent,33,2
2026-02-21,s0141,delivery,딜리버리,요기요,브랜드,35.0,percent,55,3
2026-02-22,s0141,delivery,딜리버리,요기요,브랜드,35.0,percent,37,2
2026-02-23,s0141,delivery,딜리버리,요기요,브랜드,35.0,percent,22,1
2026-02-24,s0141,delivery,딜리버리,요기요,브랜드,35.0,percent,20,1
2026-02-25,s0141,delivery,딜리버리,요기요,브랜드,35.0,percent,38,1
2026-02-26,s0141,delivery,딜리버리,요기요,브랜드,35.0,percent,35,2
2026-02-27,s0141,delivery,딜리버리,요기요,브랜드,35.0,percent,29,2
2026-02-28,s0141,delivery,딜리버리,요기요,브랜드,35.0,percent,46,3
2026-03-01,s0141,delivery,딜리버리,요기요,브랜드,35.0,percent,36,2
2026-03-02,s0141,delivery,딜리버리,요기요,브랜드,35.0,percent,29,2
2026-03-03,s0141,delivery,딜리버리,요기요,브랜드,35.0,percent,20,1
2026-03-04,s0141,delivery,딜리버리,요기요,브랜드,35.0,percent,18,1
2026-03-05,s0141,delivery,딜리버리,요기요,브랜드,35.0,percent,25,2
2026-03-06,s0141,delivery,딜리버리,요기요,브랜드,35.0,percent,24,1
2026-03-07,s0141,delivery,딜리버리,요기요,브랜드,35.0,percent,28,1
2026-03-08,s0141,delivery,딜리버리,요기요,브랜드,35.0,percent,22,1
2026-03-09,s0141,delivery,딜리버리,요기요,브랜드,35.0,percent,12,1
2026-03-10,s0141,delivery,딜리버리,요기요,브랜드,35.0,percent,21,1
2026-03-11,s0141,delivery,딜리버리,요기요,브랜드,35.0,percent,38,2
2026-03-12,s0141,delivery,딜리버리,요기요,브랜드,35.0,percent,36,2
2026-03-13,s0141,delivery,딜리버리,요기요,브랜드,35.0,percent,58,3
2026-03-14,s0141,delivery,딜리버리,요기요,브랜드,35.0,percent,27,1
2026-02-12,s0142,food,푸드,CU,브랜드,30.0,percent,113,7
2026-02-13,s0142,food,푸드,CU,브랜드,30.0,percent,90,7
2026-02-14,s0142,food,푸드,CU,브랜드,30.0,percent,75,6
2026-02-15,s0142,food,푸드,CU,브랜드,30.0,percent,113,11
2026-02-16,s0142,food,푸드,CU,브랜드,30.0,percent,49,5
2026-02-17,s0142,food,푸드,CU,브랜드,30.0,percent,25,2
2026-02-18,s0142,food,푸드,CU,브랜드,30.0,percent,58,4
2026-02-19,s0142,food,푸드,CU,브랜드,30.0,percent,49,3
2026-02-20,s0142,food,푸드,CU,브랜드,30.0,percent,52,4
2026-02-21,s0142,food,푸드,CU,브랜드,30.0,percent,38,2
2026-02-22,s0142,food,푸드,CU,브랜드,30.0,percent,54,3
2026-02-12,s0143,fashion,패션,반스,브랜드,55.0,percent,160,10
2026-02-13,s0143,fashion,패션,반스,브랜드,55.0,percent,112,5
2026-02-14,s0143,fashion,패션,반스,브랜드,55.0,percent,61,2
2026-02-15,s0143,fashion,패션,반스,브랜드,55.0,percent,97,4
2026-02-16,s0143,fashion,패션,반스,브랜드,55.0,percent,61,4
2026-02-17,s0143,fashion,패션,반스,브랜드,55.0,percent,61,3
2026-02-18,s0143,fashion,패션,반스,브랜드,55.0,percent,52,3
2026-02-19,s0143,fashion,패션,반스,브랜드,55.0,percent,33,2
2026-02-20,s0143,fashion,패션,반스,브랜드,55.0,percent,54,2
2026-02-21,s0143,fashion,패션,반스,브랜드,55.0,percent,54,4
2026-02-22,s0143,fashion,패션,반스,브랜드,55.0,percent,57,2
2026-02-23,s0143,fashion,패션,반스,브랜드,55.0,percent,53,2
2026-02-24,s0143,fashion,패션,반스,브랜드,55.0,percent,27,2
2026-02-25,s0143,fashion,패션,반스,브랜드,55.0,percent,68,3
2026-02-26,s0143,fashion,패션,반스,브랜드,55.0,percent,43,2
2026-02-27,s0143,fashion,패션,반스,브랜드,55.0,percent,60,3
2026-02-28,s0143,fashion,패션,반스,브랜드,55.0,percent,66,3
2026-03-01,s0143,fashion,패션,반스,브랜드,55.0,percent,54,3
2026-03-02,s0143,fashion,패션,반스,브랜드,55.0,percent,41,2
2026-03-03,s0143,fashion,패션,반스,브랜드,55.0,percent,11,0
2026-03-04,s0143,fashion,패션,반스,브랜드,55.0,percent,43,3
2026-02-12,s0144,fashion,패션,GUESS,브랜드,15.0,percent,48,2
2026-02-13,s0144,fashion,패션,GUESS,브랜드,15.0,percent,66,4
2026-02-14,s0144,fashion,패션,GUESS,브랜드,15.0,percent,79,4
2026-02-15,s0144,fashion,패션,GUESS,브랜드,15.0,percent,84,5
2026-02-16,s0144,fashion,패션,GUESS,브랜드,15.0,percent,27,1
2026-02-17,s0144,fashion,패션,GUESS,브랜드,15.0,percent,28,2
2026-02-18,s0144,fashion,패션,GUESS,브랜드,15.0,percent,28,2
2026-02-19,s0144,fashion,패션,GUESS,브랜드,15.0,percent,33,2
2026-02-20,s0144,fashion,패션,GUESS,브랜드,15.0,percent,33,2
2026-02-21,s0144,fashion,패션,GUESS,브랜드,15.0,percent,49,3
2026-02-22,s0144,fashion,패션,GUESS,브랜드,15.0,percent,20,1
2026-02-23,s0144,fashion,패션,GUESS,브랜드,15.0,percent,24,1
2026-02-24,s0144,fashion,패션,GUESS,브랜드,15.0,percent,41,2
2026-02-25,s0144,fashion,패션,GUESS,브랜드,15.0,percent,22,1
2026-02-26,s0144,fashion,패션,GUESS,브랜드,15.0,percent,29,1
2026-02-27,s0144,fashion,패션,GUESS,브랜드,15.0,percent,42,3
2026-02-28,s0144,fashion,패션,GUESS,브랜드,15.0,percent,40,2
2026-03-01,s0144,fashion,패션,GUESS,브랜드,15.0,percent,64,4
2026-03-02,s0144,fashion,패션,GUESS,브랜드,15.0,percent,24,1
2026-03-03,s0144,fashion,패션,GUESS,브랜드,15.0,percent,27,2
2026-03-04,s0144,fashion,패션,GUESS,브랜드,15.0,percent,25,1
2026-03-05,s0144,fashion,패션,GUESS,브랜드,15.0,percent,39,2
2026-03-06,s0144,fashion,패션,GUESS,브랜드,15.0,percent,26,1
2026-03-07,s0144,fashion,패션,GUESS,브랜드,15.0,percent,70,4
2026-03-08,s0144,fashion,패션,GUESS,브랜드,15.0,percent,26,2
2026-03-09,s0144,fashion,패션,GUESS,브랜드,15.0,percent,41,2
2026-02-12,s0145,beauty,뷰티,3CE,브랜드,35.0,percent,60,4
2026-02-13,s0145,beauty,뷰티,3CE,브랜드,35.0,percent,109,5
2026-02-14,s0145,beauty,뷰티,3CE,브랜드,35.0,percent,90,6
2026-02-15,s0145,beauty,뷰티,3CE,브랜드,35.0,percent,101,5
2026-02-16,s0145,beauty,뷰티,3CE,브랜드,35.0,percent,56,3
2026-02-17,s0145,beauty,뷰티,3CE,브랜드,35.0,percent,55,3
2026-02-18,s0145,beauty,뷰티,3CE,브랜드,35.0,percent,29,2
2026-02-19,s0145,beauty,뷰티,3CE,브랜드,35.0,percent,24,1
2026-02-20,s0145,beauty,뷰티,3CE,브랜드,35.0,percent,31,2
2026-02-21,s0145,beauty,뷰티,3CE,브랜드,35.0,percent,35,2
2026-02-22,s0145,beauty,뷰티,3CE,브랜드,35.0,percent,33,2
2026-02-23,s0145,beauty,뷰티,3CE,브랜드,35.0,percent,27,2
2026-02-24,s0145,beauty,뷰티,3CE,브랜드,35.0,percent,25,2
2026-02-25,s0145,beauty,뷰티,3CE,브랜드,35.0,percent,32,2
2026-02-26,s0145,beauty,뷰티,3CE,브랜드,35.0,percent,25,2
2026-02-27,s0145,beauty,뷰티,3CE,브랜드,35.0,percent,30,2
2026-02-28,s0145,beauty,뷰티,3CE,브랜드,35.0,percent,43,3
2026-03-01,s0145,beauty,뷰티,3CE,브랜드,35.0,percent,60,4
2026-03-02,s0145,beauty,뷰티,3CE,브랜드,35.0,percent,26,2
2026-03-03,s0145,beauty,뷰티,3CE,브랜드,35.0,percent,28,2
2026-03-04,s0145,beauty,뷰티,3CE,브랜드,35.0,percent,31,2
2026-03-05,s0145,beauty,뷰티,3CE,브랜드,35.0,percent,23,1
2026-03-06,s0145,beauty,뷰티,3CE,브랜드,35.0,percent,34,2
2026-03-07,s0145,beauty,뷰티,3CE,브랜드,35.0,percent,35,3
2026-03-08,s0145,beauty,뷰티,3CE,브랜드,35.0,percent,57,4
2026-03-09,s0145,beauty,뷰티,3CE,브랜드,35.0,percent,40,3
2026-02-13,s0146,food,푸드,이마트에브리데이,브랜드,50.0,percent,101,9
2026-02-14,s0146,food,푸드,이마트에브리데이,브랜드,50.0,percent,130,11
2026-02-15,s0146,food,푸드,이마트에브리데이,브랜드,50.0,percent,132,7
2026-02-16,s0146,food,푸드,이마트에브리데이,브랜드,50.0,percent,77,7
2026-02-17,s0146,food,푸드,이마트에브리데이,브랜드,50.0,percent,68,4
2026-02-18,s0146,food,푸드,이마트에브리데이,브랜드,50.0,percent,41,3
2026-02-19,s0146,food,푸드,이마트에브리데이,브랜드,50.0,percent,99,9
2026-02-20,s0146,food,푸드,이마트에브리데이,브랜드,50.0,percent,51,3
2026-02-21,s0146,food,푸드,이마트에브리데이,브랜드,50.0,percent,57,4
2026-02-22,s0146,food,푸드,이마트에브리데이,브랜드,50.0,percent,40,3
2026-02-23,s0146,food,푸드,이마트에브리데이,브랜드,50.0,percent,41,3
2026-02-24,s0146,food,푸드,이마트에브리데이,브랜드,50.0,percent,60,5
2026-02-25,s0146,food,푸드,이마트에브리데이,브랜드,50.0,percent,46,4
2026-02-26,s0146,food,푸드,이마트에브리데이,브랜드,50.0,percent,42,4
2026-02-27,s0146,food,푸드,이마트에브리데이,브랜드,50.0,percent,67,4
2026-02-28,s0146,food,푸드,이마트에브리데이,브랜드,50.0,percent,88,7
2026-03-01,s0146,food,푸드,이마트에브리데이,브랜드,50.0,percent,73,6
2026-02-13,s0147,fashion,패션,ZARA,브랜드,35.0,percent,52,2
2026-02-14,s0147,fashion,패션,ZARA,브랜드,35.0,percent,128,8
2026-02-15,s0147,fashion,패션,ZARA,브랜드,35.0,percent,93,5
2026-02-16,s0147,fashion,패션,ZARA,브랜드,35.0,percent,39,2
2026-02-17,s0147,fashion,패션,ZARA,브랜드,35.0,percent,51,3
2026-02-18,s0147,fashion,패션,ZARA,브랜드,35.0,percent,63,3
2026-02-19,s0147,fashion,패션,ZARA,브랜드,35.0,percent,34,2
2026-02-20,s0147,fashion,패션,ZARA,브랜드,35.0,percent,64,4
2026-02-21,s0147,fashion,패션,ZARA,브랜드,35.0,percent,58,2
2026-02-22,s0147,fashion,패션,ZARA,브랜드,35.0,percent,18,1
2026-02-23,s0147,fashion,패션,ZARA,브랜드,35.0,percent,32,2
2026-02-24,s0147,fashion,패션,ZARA,브랜드,35.0,percent,33,2
2026-02-25,s0147,fashion,패션,ZARA,브랜드,35.0,percent,28,1
2026-02-26,s0147,fashion,패션,ZARA,브랜드,35.0,percent,36,2
2026-02-27,s0147,fashion,패션,ZARA,브랜드,35.0,percent,36,2
2026-02-16,s0148,popup,팝업,을지로 인쇄골목 팝업,브랜드,65.0,percent,247,20
2026-02-17,s0148,popup,팝업,을지로 인쇄골목 팝업,브랜드,65.0,percent,80,4
2026-02-18,s0148,popup,팝업,을지로 인쇄골목 팝업,브랜드,65.0,percent,65,6
2026-02-19,s0148,popup,팝업,을지로 인쇄골목 팝업,브랜드,65.0,percent,106,8
2026-02-20,s0148,popup,팝업,을지로 인쇄골목 팝업,브랜드,65.0,percent,79,5
2026-02-21,s0148,popup,팝업,을지로 인쇄골목 팝업,브랜드,65.0,percent,90,8
2026-02-22,s0148,popup,팝업,을지로 인쇄골목 팝업,브랜드,65.0,percent,75,6
2026-02-23,s0148,popup,팝업,을지로 인쇄골목 팝업,브랜드,65.0,percent,70,4
2026-02-24,s0148,popup,팝업,을지로 인쇄골목 팝업,브랜드,65.0,percent,34,2
2026-02-25,s0148,popup,팝업,을지로 인쇄골목 팝업,브랜드,65.0,percent,67,5
2026-02-26,s0148,popup,팝업,을지로 인쇄골목 팝업,브랜드,65.0,percent,60,4
2026-02-27,s0148,popup,팝업,을지로 인쇄골목 팝업,브랜드,65.0,percent,111,8
2026-02-28,s0148,popup,팝업,을지로 인쇄골목 팝업,브랜드,65.0,percent,72,5
2026-03-01,s0148,popup,팝업,을지로 인쇄골목 팝업,브랜드,65.0,percent,44,3
2026-03-02,s0148,popup,팝업,을지로 인쇄골목 팝업,브랜드,65.0,percent,47,3
2026-03-03,s0148,popup,팝업,을지로 인쇄골목 팝업,브랜드,65.0,percent,46,3
2026-03-04,s0148,popup,팝업,을지로 인쇄골목 팝업,브랜드,65.0,percent,66,4
2026-02-17,s0149,stay,스테이,Hotels.com,브랜드,25.0,percent,32,2
2026-02-18,s0149,stay,스테이,Hotels.com,브랜드,25.0,percent,24,1
2026-02-19,s0149,stay,스테이,Hotels.com,브랜드,25.0,percent,41,2
2026-02-20,s0149,stay,스테이,Hotels.com,브랜드,25.0,percent,77,3
2026-02-21,s0149,stay,스테이,Hotels.com,브랜드,25.0,percent,54,2
2026-02-22,s0149,stay,스테이,Hotels.com,브랜드,25.0,percent,47,2
2026-02-23,s0149,stay,스테이,Hotels.com,브랜드,25.0,percent,15,1
2026-02-24,s0149,stay,스테이,Hotels.com,브랜드,25.0,percent,22,1
2026-02-25,s0149,stay,스테이,Hotels.com,브랜드,25.0,percent,33,1
2026-02-26,s0149,stay,스테이,Hotels.com,브랜드,25.0,percent,24,1
2026-02-27,s0149,stay,스테이,Hotels.com,브랜드,25.0,percent,15,1
2026-02-28,s0149,stay,스테이,Hotels.com,브랜드,25.0,percent,29,1
2026-03-01,s0149,stay,스테이,Hotels.com,브랜드,25.0,percent,33,1
2026-03-02,s0149,stay,스테이,Hotels.com,브랜드,25.0,percent,6,0
2026-03-03,s0149,stay,스테이,Hotels.com,브랜드,25.0,percent,17,1
2026-03-04,s0149,stay,스테이,Hotels.com,브랜드,25.0,percent,13,1
2026-03-05,s0149,stay,스테이,Hotels.com,브랜드,25.0,percent,26,1
2026-03-06,s0149,stay,스테이,Hotels.com,브랜드,25.0,percent,20,1
2026-03-07,s0149,stay,스테이,Hotels.com,브랜드,25.0,percent,31,1
2026-03-08,s0149,stay,스테이,Hotels.com,브랜드,25.0,percent,25,1
2026-03-09,s0149,stay,스테이,Hotels.com,브랜드,25.0,percent,15,0
2026-03-10,s0149,stay,스테이,Hotels.com,브랜드,25.0,percent,34,2
2026-03-11,s0149,stay,스테이,Hotels.com,브랜드,25.0,percent,15,1
2026-03-12,s0149,stay,스테이,Hotels.com,브랜드,25.0,percent,19,1
2026-03-13,s0149,stay,스테이,Hotels.com,브랜드,25.0,percent,22,1
2026-03-14,s0149,stay,스테이,Hotels.com,브랜드,25.0,percent,28,1
2026-03-15,s0149,stay,스테이,Hotels.com,브랜드,25.0,percent,47,2
2026-03-16,s0149,stay,스테이,Hotels.com,브랜드,25.0,percent,22,1
2026-03-17,s0149,stay,스테이,Hotels.com,브랜드,25.0,percent,14,1
2026-03-18,s0149,stay,스테이,Hotels.com,브랜드,25.0,percent,30,1
2026-03-19,s0149,stay,스테이,Hotels.com,브랜드,25.0,percent,24,1
2026-02-18,s0150,tech,테크,필립스,브랜드,30.0,percent,46,2
2026-02-19,s0150,tech,테크,필립스,브랜드,30.0,percent,76,3
2026-02-20,s0150,tech,테크,필립스,브랜드,30.0,percent,32,1
2026-02-21,s0150,tech,테크,필립스,브랜드,30.0,percent,37,1
2026-02-22,s0150,tech,테크,필립스,브랜드,30.0,percent,25,1
2026-02-23,s0150,tech,테크,필립스,브랜드,30.0,percent,15,1
2026-02-24,s0150,tech,테크,필립스,브랜드,30.0,percent,39,1
2026-02-25,s0150,tech,테크,필립스,브랜드,30.0,percent,27,1
2026-02-26,s0150,tech,테크,필립스,브랜드,30.0,percent,15,1
2026-02-27,s0150,tech,테크,필립스,브랜드,30.0,percent,29,1
2026-02-28,s0150,tech,테크,필립스,브랜드,30.0,percent,46,1
2026-03-01,s0150,tech,테크,필립스,브랜드,30.0,percent,24,1
2026-03-02,s0150,tech,테크,필립스,브랜드,30.0,percent,19,1
2026-03-03,s0150,tech,테크,필립스,브랜드,30.0,percent,41,2
2026-03-04,s0150,tech,테크,필립스,브랜드,30.0,percent,19,1
2026-02-19,s0152,living,리빙,한샘,브랜드,55.0,percent,45,2
2026-02-20,s0152,living,리빙,한샘,브랜드,55.0,percent,65,4
2026-02-21,s0152,living,리빙,한샘,브랜드,55.0,percent,46,2
2026-02-22,s0152,living,리빙,한샘,브랜드,55.0,percent,83,3
2026-02-23,s0152,living,리빙,한샘,브랜드,55.0,percent,32,2
2026-02-24,s0152,living,리빙,한샘,브랜드,55.0,percent,27,2
2026-02-25,s0152,living,리빙,한샘,브랜드,55.0,percent,77,2
2026-02-26,s0152,living,리빙,한샘,브랜드,55.0,percent,24,1
2026-02-27,s0152,living,리빙,한샘,브랜드,55.0,percent,26,1
2026-02-28,s0152,living,리빙,한샘,브랜드,55.0,percent,32,1
2026-03-01,s0152,living,리빙,한샘,브랜드,55.0,percent,58,2
2026-03-02,s0152,living,리빙,한샘,브랜드,55.0,percent,35,1
2026-03-03,s0152,living,리빙,한샘,브랜드,55.0,percent,22,1
2026-03-04,s0152,living,리빙,한샘,브랜드,55.0,percent,22,1
2026-03-05,s0152,living,리빙,한샘,브랜드,55.0,percent,34,2
2026-02-19,s0151,stay,스테이,한화리조트,브랜드,55.0,percent,72,3
2026-02-20,s0151,stay,스테이,한화리조트,브랜드,55.0,percent,65,2
2026-02-21,s0151,stay,스테이,한화리조트,브랜드,55.0,percent,86,3
2026-02-22,s0151,stay,스테이,한화리조트,브랜드,55.0,percent,40,1
2026-02-23,s0151,stay,스테이,한화리조트,브랜드,55.0,percent,28,1
2026-02-24,s0151,stay,스테이,한화리조트,브랜드,55.0,percent,40,2
2026-02-25,s0151,stay,스테이,한화리조트,브랜드,55.0,percent,36,2
2026-02-26,s0151,stay,스테이,한화리조트,브랜드,55.0,percent,15,1
2026-02-27,s0151,stay,스테이,한화리조트,브랜드,55.0,percent,37,2
2026-02-28,s0151,stay,스테이,한화리조트,브랜드,55.0,percent,86,3
2026-03-01,s0151,stay,스테이,한화리조트,브랜드,55.0,percent,48,2
2026-02-20,s0153,tech,테크,보스,브랜드,,other,57,2
2026-02-21,s0153,tech,테크,보스,브랜드,,other,53,2
2026-02-22,s0153,tech,테크,보스,브랜드,,other,63,3
2026-02-23,s0153,tech,테크,보스,브랜드,,other,54,3
2026-02-24,s0153,tech,테크,보스,브랜드,,other,17,1
2026-02-25,s0153,tech,테크,보스,브랜드,,other,32,1
2026-02-26,s0153,tech,테크,보스,브랜드,,other,26,1
2026-02-27,s0153,tech,테크,보스,브랜드,,other,35,1
2026-02-28,s0153,tech,테크,보스,브랜드,,other,22,1
2026-03-01,s0153,tech,테크,보스,브랜드,,other,49,2
2026-03-02,s0153,tech,테크,보스,브랜드,,other,38,1
2026-03-03,s0153,tech,테크,보스,브랜드,,other,26,1
2026-03-04,s0153,tech,테크,보스,브랜드,,other,39,2
2026-03-05,s0153,tech,테크,보스,브랜드,,other,19,1
2026-03-06,s0153,tech,테크,보스,브랜드,,other,29,1
2026-03-07,s0153,tech,테크,보스,브랜드,,other,39,1
2026-03-08,s0153,tech,테크,보스,브랜드,,other,32,1
2026-02-21,s0154,beauty,뷰티,Laneige,브랜드,50.0,percent,126,10
2026-02-22,s0154,beauty,뷰티,Laneige,브랜드,50.0,percent,104,7
2026-02-23,s0154,beauty,뷰티,Laneige,브랜드,50.0,percent,113,6
2026-02-24,s0154,beauty,뷰티,Laneige,브랜드,50.0,percent,58,3
2026-02-25,s0154,beauty,뷰티,Laneige,브랜드,50.0,percent,82,5
2026-02-26,s0154,beauty,뷰티,Laneige,브랜드,50.0,percent,52,4
2026-02-27,s0154,beauty,뷰티,Laneige,브랜드,50.0,percent,89,6
2026-02-28,s0154,beauty,뷰티,Laneige,브랜드,50.0,percent,68,4
2026-03-01,s0154,beauty,뷰티,Laneige,브랜드,50.0,percent,72,4
2026-03-02,s0154,beauty,뷰티,Laneige,브랜드,50.0,percent,32,2
2026-03-03,s0154,beauty,뷰티,Laneige,브랜드,50.0,percent,40,3
2026-03-04,s0154,beauty,뷰티,Laneige,브랜드,50.0,percent,30,2
2026-03-05,s0154,beauty,뷰티,Laneige,브랜드,50.0,percent,34,3
2026-03-06,s0154,beauty,뷰티,Laneige,브랜드,50.0,percent,41,3
2026-03-07,s0154,beauty,뷰티,Laneige,브랜드,50.0,percent,51,3
2026-03-08,s0154,beauty,뷰티,Laneige,브랜드,50.0,percent,70,6
2026-03-09,s0154,beauty,뷰티,Laneige,브랜드,50.0,percent,30,2
2026-03-10,s0154,beauty,뷰티,Laneige,브랜드,50.0,percent,35,3
2026-03-11,s0154,beauty,뷰티,Laneige,브랜드,50.0,percent,52,4
2026-03-12,s0154,beauty,뷰티,Laneige,브랜드,50.0,percent,45,2
2026-03-13,s0154,beauty,뷰티,Laneige,브랜드,50.0,percent,24,2
2026-03-14,s0154,beauty,뷰티,Laneige,브랜드,50.0,percent,31,2
2026-03-15,s0154,beauty,뷰티,Laneige,브랜드,50.0,percent,55,4
2026-03-16,s0154,beauty,뷰티,Laneige,브랜드,50.0,percent,29,2
2026-03-17,s0154,beauty,뷰티,Laneige,브랜드,50.0,percent,19,1
2026-03-18,s0154,beauty,뷰티,Laneige,브랜드,50.0,percent,28,1
2026-02-21,s0155,beauty,뷰티,아누아,브랜드,45.0,percent,154,11
2026-02-22,s0155,beauty,뷰티,아누아,브랜드,45.0,percent,94,4
2026-02-23,s0155,beauty,뷰티,아누아,브랜드,45.0,percent,68,5
2026-02-24,s0155,beauty,뷰티,아누아,브랜드,45.0,percent,51,3
2026-02-25,s0155,beauty,뷰티,아누아,브랜드,45.0,percent,42,3
2026-02-26,s0155,beauty,뷰티,아누아,브랜드,45.0,percent,56,4
2026-02-27,s0155,beauty,뷰티,아누아,브랜드,45.0,percent,32,3
2026-02-28,s0155,beauty,뷰티,아누아,브랜드,45.0,percent,48,3
2026-03-01,s0155,beauty,뷰티,아누아,브랜드,45.0,percent,73,4
2026-03-02,s0155,beauty,뷰티,아누아,브랜드,45.0,percent,24,2
2026-03-03,s0155,beauty,뷰티,아누아,브랜드,45.0,percent,35,2
2026-03-04,s0155,beauty,뷰티,아누아,브랜드,45.0,percent,31,2
2026-03-05,s0155,beauty,뷰티,아누아,브랜드,45.0,percent,31,2
2026-03-06,s0155,beauty,뷰티,아누아,브랜드,45.0,percent,61,4
2026-03-07,s0155,beauty,뷰티,아누아,브랜드,45.0,percent,76,4
2026-03-08,s0155,beauty,뷰티,아누아,브랜드,45.0,percent,33,3
2026-03-09,s0155,beauty,뷰티,아누아,브랜드,45.0,percent,13,1
2026-03-10,s0155,beauty,뷰티,아누아,브랜드,45.0,percent,30,2
2026-03-11,s0155,beauty,뷰티,아누아,브랜드,45.0,percent,17,1
2026-03-12,s0155,beauty,뷰티,아누아,브랜드,45.0,percent,47,2
2026-03-13,s0155,beauty,뷰티,아누아,브랜드,45.0,percent,42,2
2026-03-14,s0155,beauty,뷰티,아누아,브랜드,45.0,percent,30,2
2026-03-15,s0155,beauty,뷰티,아누아,브랜드,45.0,percent,35,3
2026-03-16,s0155,beauty,뷰티,아누아,브랜드,45.0,percent,22,1
2026-03-17,s0155,beauty,뷰티,아누아,브랜드,45.0,percent,23,2
2026-03-18,s0155,beauty,뷰티,아누아,브랜드,45.0,percent,17,1
2026-03-19,s0155,beauty,뷰티,아누아,브랜드,45.0,percent,56,3
2026-03-20,s0155,beauty,뷰티,아누아,브랜드,45.0,percent,29,2
2026-03-21,s0155,beauty,뷰티,아누아,브랜드,45.0,percent,49,4
2026-03-22,s0155,beauty,뷰티,아누아,브랜드,45.0,percent,53,3
2026-03-23,s0155,beauty,뷰티,아누아,브랜드,45.0,percent,48,3
2026-02-21,s0156,delivery,딜리버리,먹깨비,브랜드,,bundle,101,5
2026-02-22,s0156,delivery,딜리버리,먹깨비,브랜드,,bundle,73,4
2026-02-23,s0156,delivery,딜리버리,먹깨비,브랜드,,bundle,52,2
2026-02-24,s0156,delivery,딜리버리,먹깨비,브랜드,,bundle,29,1
2026-02-25,s0156,delivery,딜리버리,먹깨비,브랜드,,bundle,29,1
2026-02-26,s0156,delivery,딜리버리,먹깨비,브랜드,,bundle,35,2
2026-02-27,s0156,delivery,딜리버리,먹깨비,브랜드,,bundle,21,1
2026-02-28,s0156,delivery,딜리버리,먹깨비,브랜드,,bundle,38,1
2026-03-01,s0156,delivery,딜리버리,먹깨비,브랜드,,bundle,36,2
2026-03-02,s0156,delivery,딜리버리,먹깨비,브랜드,,bundle,57,3
2026-03-03,s0156,delivery,딜리버리,먹깨비,브랜드,,bundle,41,2
2026-03-04,s0156,delivery,딜리버리,먹깨비,브랜드,,bundle,32,1
2026-03-05,s0156,delivery,딜리버리,먹깨비,브랜드,,bundle,38,2
2026-03-06,s0156,delivery,딜리버리,먹깨비,브랜드,,bundle,24,1
2026-03-07,s0156,delivery,딜리버리,먹깨비,브랜드,,bundle,40,1
2026-03-08,s0156,delivery,딜리버리,먹깨비,브랜드,,bundle,46,2
2026-03-09,s0156,delivery,딜리버리,먹깨비,브랜드,,bundle,18,1
2026-02-23,s0157,food,푸드,Ediya Coffee,브랜드,,bundle,53,5
2026-02-24,s0157,food,푸드,Ediya Coffee,브랜드,,bundle,79,6
2026-02-25,s0157,food,푸드,Ediya Coffee,브랜드,,bundle,41,3
2026-02-26,s0157,food,푸드,Ediya Coffee,브랜드,,bundle,73,5
2026-02-27,s0157,food,푸드,Ediya Coffee,브랜드,,bundle,97,6
2026-02-28,s0157,food,푸드,Ediya Coffee,브랜드,,bundle,52,3
2026-03-01,s0157,food,푸드,Ediya Coffee,브랜드,,bundle,45,3
2026-03-02,s0157,food,푸드,Ediya Coffee,브랜드,,bundle,60,4
2026-03-03,s0157,food,푸드,Ediya Coffee,브랜드,,bundle,38,2
2026-03-04,s0157,food,푸드,Ediya Coffee,브랜드,,bundle,52,5
2026-03-05,s0157,food,푸드,Ediya Coffee,브랜드,,bundle,35,2
2026-02-23,s0158,stay,스테이,Hilton,브랜드,75.0,percent,68,3
2026-02-24,s0158,stay,스테이,Hilton,브랜드,75.0,percent,59,2
2026-02-25,s0158,stay,스테이,Hilton,브랜드,75.0,percent,97,4
2026-02-26,s0158,stay,스테이,Hilton,브랜드,75.0,percent,68,2
2026-02-27,s0158,stay,스테이,Hilton,브랜드,75.0,percent,44,2
2026-02-28,s0158,stay,스테이,Hilton,브랜드,75.0,percent,64,2
2026-03-01,s0158,stay,스테이,Hilton,브랜드,75.0,percent,46,2
2026-03-02,s0158,stay,스테이,Hilton,브랜드,75.0,percent,29,1
2026-03-03,s0158,stay,스테이,Hilton,브랜드,75.0,percent,37,1
2026-03-04,s0158,stay,스테이,Hilton,브랜드,75.0,percent,35,1
2026-03-05,s0158,stay,스테이,Hilton,브랜드,75.0,percent,23,1
2026-03-06,s0158,stay,스테이,Hilton,브랜드,75.0,percent,38,2
2026-03-07,s0158,stay,스테이,Hilton,브랜드,75.0,percent,36,1
2026-03-08,s0158,stay,스테이,Hilton,브랜드,75.0,percent,46,2
2026-03-09,s0158,stay,스테이,Hilton,브랜드,75.0,percent,23,1
2026-03-10,s0158,stay,스테이,Hilton,브랜드,75.0,percent,25,1
2026-03-11,s0158,stay,스테이,Hilton,브랜드,75.0,percent,23,1
2026-02-24,s0159,stay,스테이,Booking.com,브랜드,55.0,percent,33,2
2026-02-25,s0159,stay,스테이,Booking.com,브랜드,55.0,percent,94,5
2026-02-26,s0159,stay,스테이,Booking.com,브랜드,55.0,percent,50,2
2026-02-27,s0159,stay,스테이,Booking.com,브랜드,55.0,percent,94,3
2026-02-28,s0159,stay,스테이,Booking.com,브랜드,55.0,percent,58,2
2026-03-01,s0159,stay,스테이,Booking.com,브랜드,55.0,percent,60,2
2026-03-02,s0159,stay,스테이,Booking.com,브랜드,55.0,percent,26,1
2026-03-03,s0159,stay,스테이,Booking.com,브랜드,55.0,percent,23,1
2026-03-04,s0159,stay,스테이,Booking.com,브랜드,55.0,percent,28,1
2026-03-05,s0159,stay,스테이,Booking.com,브랜드,55.0,percent,51,2
2026-03-06,s0159,stay,스테이,Booking.com,브랜드,55.0,percent,25,1
2026-03-07,s0159,stay,스테이,Booking.com,브랜드,55.0,percent,20,1
2026-03-08,s0159,stay,스테이,Booking.com,브랜드,55.0,percent,50,2
2026-03-09,s0159,stay,스테이,Booking.com,브랜드,55.0,percent,32,1
2026-03-10,s0159,stay,스테이,Booking.com,브랜드,55.0,percent,20,1
2026-03-11,s0159,stay,스테이,Booking.com,브랜드,55.0,percent,50,2
2026-02-26,s0160,beauty,뷰티,3CE,브랜드,20.0,percent,153,10
2026-02-27,s0160,beauty,뷰티,3CE,브랜드,20.0,percent,41,3
2026-02-28,s0160,beauty,뷰티,3CE,브랜드,20.0,percent,62,3
2026-03-01,s0160,beauty,뷰티,3CE,브랜드,20.0,percent,63,5
2026-03-02,s0160,beauty,뷰티,3CE,브랜드,20.0,percent,48,3
2026-03-03,s0160,beauty,뷰티,3CE,브랜드,20.0,percent,39,2
2026-03-04,s0160,beauty,뷰티,3CE,브랜드,20.0,percent,35,2
2026-03-05,s0160,beauty,뷰티,3CE,브랜드,20.0,percent,24,1
2026-03-06,s0160,beauty,뷰티,3CE,브랜드,20.0,percent,48,4
2026-03-07,s0160,beauty,뷰티,3CE,브랜드,20.0,percent,55,3
2026-03-08,s0160,beauty,뷰티,3CE,브랜드,20.0,percent,56,4
2026-03-09,s0160,beauty,뷰티,3CE,브랜드,20.0,percent,19,1
2026-03-10,s0160,beauty,뷰티,3CE,브랜드,20.0,percent,24,1
2026-03-11,s0160,beauty,뷰티,3CE,브랜드,20.0,percent,23,2
2026-03-12,s0160,beauty,뷰티,3CE,브랜드,20.0,percent,19,1
2026-03-13,s0160,beauty,뷰티,3CE,브랜드,20.0,percent,31,2
2026-03-14,s0160,beauty,뷰티,3CE,브랜드,20.0,percent,28,1
2026-02-26,s0161,beauty,뷰티,Laneige,브랜드,25.0,percent,48,4
2026-02-27,s0161,beauty,뷰티,Laneige,브랜드,25.0,percent,104,7
2026-02-28,s0161,beauty,뷰티,Laneige,브랜드,25.0,percent,71,4
2026-03-01,s0161,beauty,뷰티,Laneige,브랜드,25.0,percent,53,2
2026-03-02,s0161,beauty,뷰티,Laneige,브랜드,25.0,percent,67,5
2026-03-03,s0161,beauty,뷰티,Laneige,브랜드,25.0,percent,47,2
2026-03-04,s0161,beauty,뷰티,Laneige,브랜드,25.0,percent,19,1
2026-03-05,s0161,beauty,뷰티,Laneige,브랜드,25.0,percent,42,2
2026-03-06,s0161,beauty,뷰티,Laneige,브랜드,25.0,percent,49,4
2026-03-07,s0161,beauty,뷰티,Laneige,브랜드,25.0,percent,43,3
2026-03-08,s0161,beauty,뷰티,Laneige,브랜드,25.0,percent,38,3
2026-03-09,s0161,beauty,뷰티,Laneige,브랜드,25.0,percent,17,1
2026-03-10,s0161,beauty,뷰티,Laneige,브랜드,25.0,percent,57,4
2026-03-11,s0161,beauty,뷰티,Laneige,브랜드,25.0,percent,27,1
2026-03-12,s0161,beauty,뷰티,Laneige,브랜드,25.0,percent,34,3
2026-03-13,s0161,beauty,뷰티,Laneige,브랜드,25.0,percent,34,3
2026-03-14,s0161,beauty,뷰티,Laneige,브랜드,25.0,percent,33,3
2026-03-15,s0161,beauty,뷰티,Laneige,브랜드,25.0,percent,51,3
2026-03-16,s0161,beauty,뷰티,Laneige,브랜드,25.0,percent,29,2
2026-03-17,s0161,beauty,뷰티,Laneige,브랜드,25.0,percent,24,2
2026-03-18,s0161,beauty,뷰티,Laneige,브랜드,25.0,percent,31,2
2026-02-27,s0162,food,푸드,Domino's Pizza,브랜드,,other,107,9
2026-02-28,s0162,food,푸드,Domino's Pizza,브랜드,,other,204,18
2026-03-01,s0162,food,푸드,Domino's Pizza,브랜드,,other,119,10
2026-03-02,s0162,food,푸드,Domino's Pizza,브랜드,,other,69,4
2026-03-03,s0162,food,푸드,Domino's Pizza,브랜드,,other,29,3
2026-03-04,s0162,food,푸드,Domino's Pizza,브랜드,,other,57,3
2026-03-05,s0162,food,푸드,Domino's Pizza,브랜드,,other,56,5
2026-03-06,s0162,food,푸드,Domino's Pizza,브랜드,,other,38,3
2026-03-07,s0162,food,푸드,Domino's Pizza,브랜드,,other,35,3
2026-03-08,s0162,food,푸드,Domino's Pizza,브랜드,,other,68,5
2026-03-09,s0162,food,푸드,Domino's Pizza,브랜드,,other,50,3
2026-02-28,s0163,fashion,패션,커버낫,브랜드,45.0,percent,102,4
2026-03-01,s0163,fashion,패션,커버낫,브랜드,45.0,percent,80,4
2026-03-02,s0163,fashion,패션,커버낫,브랜드,45.0,percent,66,3
2026-03-03,s0163,fashion,패션,커버낫,브랜드,45.0,percent,46,3
2026-03-04,s0163,fashion,패션,커버낫,브랜드,45.0,percent,30,1
2026-03-05,s0163,fashion,패션,커버낫,브랜드,45.0,percent,35,2
2026-03-06,s0163,fashion,패션,커버낫,브랜드,45.0,percent,61,4
2026-03-07,s0163,fashion,패션,커버낫,브랜드,45.0,percent,44,2
2026-03-08,s0163,fashion,패션,커버낫,브랜드,45.0,percent,74,4
2026-03-09,s0163,fashion,패션,커버낫,브랜드,45.0,percent,44,3
2026-03-10,s0163,fashion,패션,커버낫,브랜드,45.0,percent,38,2
2026-03-11,s0163,fashion,패션,커버낫,브랜드,45.0,percent,36,2
2026-03-12,s0163,fashion,패션,커버낫,브랜드,45.0,percent,28,1
2026-03-13,s0163,fashion,패션,커버낫,브랜드,45.0,percent,53,3
2026-03-14,s0163,fashion,패션,커버낫,브랜드,45.0,percent,38,2
2026-03-15,s0163,fashion,패션,커버낫,브랜드,45.0,percent,64,4
2026-03-16,s0163,fashion,패션,커버낫,브랜드,45.0,percent,55,3
2026-03-17,s0163,fashion,패션,커버낫,브랜드,45.0,percent,32,2
2026-03-18,s0163,fashion,패션,커버낫,브랜드,45.0,percent,51,2
2026-03-19,s0163,fashion,패션,커버낫,브랜드,45.0,percent,24,1
2026-03-20,s0163,fashion,패션,커버낫,브랜드,45.0,percent,48,2
2026-03-02,s0165,beauty,뷰티,아누아,브랜드,50.0,percent,91,7
2026-03-03,s0165,beauty,뷰티,아누아,브랜드,50.0,percent,98,7
2026-03-04,s0165,beauty,뷰티,아누아,브랜드,50.0,percent,35,2
2026-03-05,s0165,beauty,뷰티,아누아,브랜드,50.0,percent,83,5
2026-03-06,s0165,beauty,뷰티,아누아,브랜드,50.0,percent,56,4
2026-03-07,s0165,beauty,뷰티,아누아,브랜드,50.0,percent,77,5
2026-03-08,s0165,beauty,뷰티,아누아,브랜드,50.0,percent,133,7
2026-03-09,s0165,beauty,뷰티,아누아,브랜드,50.0,percent,53,4
2026-03-10,s0165,beauty,뷰티,아누아,브랜드,50.0,percent,45,3
2026-03-11,s0165,beauty,뷰티,아누아,브랜드,50.0,percent,45,2
2026-03-12,s0165,beauty,뷰티,아누아,브랜드,50.0,percent,60,3
2026-03-13,s0165,beauty,뷰티,아누아,브랜드,50.0,percent,64,5
2026-03-14,s0165,beauty,뷰티,아누아,브랜드,50.0,percent,62,5
2026-03-15,s0165,beauty,뷰티,아누아,브랜드,50.0,percent,54,3
2026-03-16,s0165,beauty,뷰티,아누아,브랜드,50.0,percent,37,2
2026-03-17,s0165,beauty,뷰티,아누아,브랜드,50.0,percent,33,2
2026-03-02,s0164,living,리빙,Tempur,브랜드,40.0,percent,41,2
2026-03-03,s0164,living,리빙,Tempur,브랜드,40.0,percent,61,2
2026-03-04,s0164,living,리빙,Tempur,브랜드,40.0,percent,39,2
2026-03-05,s0164,living,리빙,Tempur,브랜드,40.0,percent,62,4
2026-03-06,s0164,living,리빙,Tempur,브랜드,40.0,percent,45,1
2026-03-07,s0164,living,리빙,Tempur,브랜드,40.0,percent,70,3
2026-03-08,s0164,living,리빙,Tempur,브랜드,40.0,percent,43,2
2026-03-09,s0164,living,리빙,Tempur,브랜드,40.0,percent,29,1
2026-03-10,s0164,living,리빙,Tempur,브랜드,40.0,percent,28,1
2026-03-11,s0164,living,리빙,Tempur,브랜드,40.0,percent,24,1
2026-03-12,s0164,living,리빙,Tempur,브랜드,40.0,percent,56,2
2026-03-03,s0166,beauty,뷰티,Innisfree,브랜드,,amount,137,8
2026-03-04,s0166,beauty,뷰티,Innisfree,브랜드,,amount,123,7
2026-03-05,s0166,beauty,뷰티,Innisfree,브랜드,,amount,68,4
2026-03-06,s0166,beauty,뷰티,Innisfree,브랜드,,amount,53,3
2026-03-07,s0166,beauty,뷰티,Innisfree,브랜드,,amount,95,7
2026-03-08,s0166,beauty,뷰티,Innisfree,브랜드,,amount,53,3
2026-03-09,s0166,beauty,뷰티,Innisfree,브랜드,,amount,56,4
2026-03-10,s0166,beauty,뷰티,Innisfree,브랜드,,amount,28,2
2026-03-11,s0166,beauty,뷰티,Innisfree,브랜드,,amount,40,2
2026-03-12,s0166,beauty,뷰티,Innisfree,브랜드,,amount,53,4
2026-03-13,s0166,beauty,뷰티,Innisfree,브랜드,,amount,38,2
2026-03-03,s0167,fashion,패션,챔피온,브랜드,50.0,percent,76,4
2026-03-04,s0167,fashion,패션,챔피온,브랜드,50.0,percent,46,2
2026-03-05,s0167,fashion,패션,챔피온,브랜드,50.0,percent,56,3
2026-03-06,s0167,fashion,패션,챔피온,브랜드,50.0,percent,83,6
2026-03-07,s0167,fashion,패션,챔피온,브랜드,50.0,percent,93,4
2026-03-08,s0167,fashion,패션,챔피온,브랜드,50.0,percent,83,5
2026-03-09,s0167,fashion,패션,챔피온,브랜드,50.0,percent,24,2
2026-03-10,s0167,fashion,패션,챔피온,브랜드,50.0,percent,36,2
2026-03-11,s0167,fashion,패션,챔피온,브랜드,50.0,percent,25,2
2026-03-12,s0167,fashion,패션,챔피온,브랜드,50.0,percent,44,3
2026-03-13,s0167,fashion,패션,챔피온,브랜드,50.0,percent,27,1
2026-03-14,s0167,fashion,패션,챔피온,브랜드,50.0,percent,37,2
2026-03-15,s0167,fashion,패션,챔피온,브랜드,50.0,percent,65,4
2026-03-16,s0167,fashion,패션,챔피온,브랜드,50.0,percent,29,1
2026-03-17,s0167,fashion,패션,챔피온,브랜드,50.0,percent,52,3
2026-03-05,s0168,food,푸드,Paris Baguette,브랜드,,other,114,8
2026-03-06,s0168,food,푸드,Paris Baguette,브랜드,,other,87,5
2026-03-07,s0168,food,푸드,Paris Baguette,브랜드,,other,136,8
2026-03-08,s0168,food,푸드,Paris Baguette,브랜드,,other,76,7
2026-03-09,s0168,food,푸드,Paris Baguette,브랜드,,other,67,5
2026-03-10,s0168,food,푸드,Paris Baguette,브랜드,,other,36,2
2026-03-11,s0168,food,푸드,Paris Baguette,브랜드,,other,63,4
2026-03-12,s0168,food,푸드,Paris Baguette,브랜드,,other,26,2
2026-03-13,s0168,food,푸드,Paris Baguette,브랜드,,other,35,2
2026-03-14,s0168,food,푸드,Paris Baguette,브랜드,,other,41,2
2026-03-15,s0168,food,푸드,Paris Baguette,브랜드,,other,41,4
2026-03-06,s0169,food,푸드,GS25,브랜드,30.0,percent,124,7
2026-03-07,s0169,food,푸드,GS25,브랜드,30.0,percent,112,10
2026-03-08,s0169,food,푸드,GS25,브랜드,30.0,percent,117,7
2026-03-09,s0169,food,푸드,GS25,브랜드,30.0,percent,87,7
2026-03-10,s0169,food,푸드,GS25,브랜드,30.0,percent,28,2
2026-03-11,s0169,food,푸드,GS25,브랜드,30.0,percent,75,5
2026-03-12,s0169,food,푸드,GS25,브랜드,30.0,percent,44,4
2026-03-13,s0169,food,푸드,GS25,브랜드,30.0,percent,99,9
2026-03-14,s0169,food,푸드,GS25,브랜드,30.0,percent,46,3
2026-03-15,s0169,food,푸드,GS25,브랜드,30.0,percent,28,2
2026-03-16,s0169,food,푸드,GS25,브랜드,30.0,percent,46,4
2026-03-17,s0169,food,푸드,GS25,브랜드,30.0,percent,41,2
2026-03-18,s0169,food,푸드,GS25,브랜드,30.0,percent,24,2
2026-03-19,s0169,food,푸드,GS25,브랜드,30.0,percent,26,2
2026-03-20,s0169,food,푸드,GS25,브랜드,30.0,percent,57,4
2026-03-21,s0169,food,푸드,GS25,브랜드,30.0,percent,57,3
2026-03-06,s0170,living,리빙,자주,브랜드,15.0,percent,56,3
2026-03-07,s0170,living,리빙,자주,브랜드,15.0,percent,74,3
2026-03-08,s0170,living,리빙,자주,브랜드,15.0,percent,55,3
2026-03-09,s0170,living,리빙,자주,브랜드,15.0,percent,24,1
2026-03-10,s0170,living,리빙,자주,브랜드,15.0,percent,37,2
2026-03-11,s0170,living,리빙,자주,브랜드,15.0,percent,34,2
2026-03-12,s0170,living,리빙,자주,브랜드,15.0,percent,26,1
2026-03-13,s0170,living,리빙,자주,브랜드,15.0,percent,39,2
2026-03-14,s0170,living,리빙,자주,브랜드,15.0,percent,64,2
2026-03-15,s0170,living,리빙,자주,브랜드,15.0,percent,21,1
2026-03-16,s0170,living,리빙,자주,브랜드,15.0,percent,19,1
2026-03-17,s0170,living,리빙,자주,브랜드,15.0,percent,17,1
2026-03-18,s0170,living,리빙,자주,브랜드,15.0,percent,26,1
2026-03-19,s0170,living,리빙,자주,브랜드,15.0,percent,16,1
2026-03-20,s0170,living,리빙,자주,브랜드,15.0,percent,31,1
2026-03-08,s0171,stay,스테이,야놀자,소상공인,20.0,percent,45,1
2026-03-09,s0171,stay,스테이,야놀자,소상공인,20.0,percent,23,1
2026-03-10,s0171,stay,스테이,야놀자,소상공인,20.0,percent,28,1
2026-03-11,s0171,stay,스테이,야놀자,소상공인,20.0,percent,21,1
2026-03-12,s0171,stay,스테이,야놀자,소상공인,20.0,percent,26,1
2026-03-13,s0171,stay,스테이,야놀자,소상공인,20.0,percent,31,1
2026-03-14,s0171,stay,스테이,야놀자,소상공인,20.0,percent,17,1
2026-03-15,s0171,stay,스테이,야놀자,소상공인,20.0,percent,22,1
2026-03-16,s0171,stay,스테이,야놀자,소상공인,20.0,percent,18,1
2026-03-17,s0171,stay,스테이,야놀자,소상공인,20.0,percent,21,1
2026-03-18,s0171,stay,스테이,야놀자,소상공인,20.0,percent,21,1
2026-03-19,s0171,stay,스테이,야놀자,소상공인,20.0,percent,13,1
2026-03-20,s0171,stay,스테이,야놀자,소상공인,20.0,percent,19,1
2026-03-21,s0171,stay,스테이,야놀자,소상공인,20.0,percent,27,1
2026-03-22,s0171,stay,스테이,야놀자,소상공인,20.0,percent,19,1
2026-03-23,s0171,stay,스테이,야놀자,소상공인,20.0,percent,11,0
2026-03-24,s0171,stay,스테이,야놀자,소상공인,20.0,percent,14,1
2026-03-25,s0171,stay,스테이,야놀자,소상공인,20.0,percent,16,1
2026-03-26,s0171,stay,스테이,야놀자,소상공인,20.0,percent,11,1
2026-03-27,s0171,stay,스테이,야놀자,소상공인,20.0,percent,22,1
2026-03-28,s0171,stay,스테이,야놀자,소상공인,20.0,percent,23,1
2026-03-29,s0171,stay,스테이,야놀자,소상공인,20.0,percent,25,1
2026-03-30,s0171,stay,스테이,야놀자,소상공인,20.0,percent,14,1
2026-03-31,s0171,stay,스테이,야놀자,소상공인,20.0,percent,25,1
2026-04-01,s0171,stay,스테이,야놀자,소상공인,20.0,percent,16,1
2026-04-02,s0171,stay,스테이,야놀자,소상공인,20.0,percent,19,1
2026-03-08,s0172,beauty,뷰티,닥터자르트,브랜드,50.0,percent,156,8
2026-03-09,s0172,beauty,뷰티,닥터자르트,브랜드,50.0,percent,75,6
2026-03-10,s0172,beauty,뷰티,닥터자르트,브랜드,50.0,percent,71,4
2026-03-11,s0172,beauty,뷰티,닥터자르트,브랜드,50.0,percent,50,4
2026-03-12,s0172,beauty,뷰티,닥터자르트,브랜드,50.0,percent,103,5
2026-03-13,s0172,beauty,뷰티,닥터자르트,브랜드,50.0,percent,76,6
2026-03-14,s0172,beauty,뷰티,닥터자르트,브랜드,50.0,percent,54,4
2026-03-15,s0172,beauty,뷰티,닥터자르트,브랜드,50.0,percent,98,5
2026-03-16,s0172,beauty,뷰티,닥터자르트,브랜드,50.0,percent,40,3
2026-03-17,s0172,beauty,뷰티,닥터자르트,브랜드,50.0,percent,51,4
2026-03-18,s0172,beauty,뷰티,닥터자르트,브랜드,50.0,percent,23,1
2026-03-19,s0172,beauty,뷰티,닥터자르트,브랜드,50.0,percent,59,4
2026-03-20,s0172,beauty,뷰티,닥터자르트,브랜드,50.0,percent,55,5
2026-03-21,s0172,beauty,뷰티,닥터자르트,브랜드,50.0,percent,41,2
2026-03-22,s0172,beauty,뷰티,닥터자르트,브랜드,50.0,percent,57,4
2026-03-09,s0173,popup,팝업,성수 로컬 소품샵,브랜드,20.0,percent,127,7
2026-03-10,s0173,popup,팝업,성수 로컬 소품샵,브랜드,20.0,percent,50,4
2026-03-11,s0173,popup,팝업,성수 로컬 소품샵,브랜드,20.0,percent,46,2
2026-03-12,s0173,popup,팝업,성수 로컬 소품샵,브랜드,20.0,percent,50,4
2026-03-13,s0173,popup,팝업,성수 로컬 소품샵,브랜드,20.0,percent,59,5
2026-03-14,s0173,popup,팝업,성수 로컬 소품샵,브랜드,20.0,percent,86,7
2026-03-15,s0173,popup,팝업,성수 로컬 소품샵,브랜드,20.0,percent,63,4
2026-03-16,s0173,popup,팝업,성수 로컬 소품샵,브랜드,20.0,percent,34,3
2026-03-17,s0173,popup,팝업,성수 로컬 소품샵,브랜드,20.0,percent,36,2
2026-03-18,s0173,popup,팝업,성수 로컬 소품샵,브랜드,20.0,percent,59,4
2026-03-19,s0173,popup,팝업,성수 로컬 소품샵,브랜드,20.0,percent,42,4
2026-03-20,s0173,popup,팝업,성수 로컬 소품샵,브랜드,20.0,percent,38,3
2026-03-21,s0173,popup,팝업,성수 로컬 소품샵,브랜드,20.0,percent,42,3
2026-03-22,s0173,popup,팝업,성수 로컬 소품샵,브랜드,20.0,percent,45,3
2026-03-23,s0173,popup,팝업,성수 로컬 소품샵,브랜드,20.0,percent,40,2
2026-03-24,s0173,popup,팝업,성수 로컬 소품샵,브랜드,20.0,percent,22,2
2026-03-09,s0174,food,푸드,Compose Coffee,소상공인,,other,97,5
2026-03-10,s0174,food,푸드,Compose Coffee,소상공인,,other,58,5
2026-03-11,s0174,food,푸드,Compose Coffee,소상공인,,other,56,3
2026-03-12,s0174,food,푸드,Compose Coffee,소상공인,,other,126,7
2026-03-13,s0174,food,푸드,Compose Coffee,소상공인,,other,72,5
2026-03-14,s0174,food,푸드,Compose Coffee,소상공인,,other,51,3
2026-03-15,s0174,food,푸드,Compose Coffee,소상공인,,other,60,5
2026-03-16,s0174,food,푸드,Compose Coffee,소상공인,,other,50,4
2026-03-17,s0174,food,푸드,Compose Coffee,소상공인,,other,40,3
2026-03-18,s0174,food,푸드,Compose Coffee,소상공인,,other,16,1
2026-03-19,s0174,food,푸드,Compose Coffee,소상공인,,other,12,1
2026-03-20,s0174,food,푸드,Compose Coffee,소상공인,,other,39,2
2026-03-21,s0174,food,푸드,Compose Coffee,소상공인,,other,52,3
2026-03-22,s0174,food,푸드,Compose Coffee,소상공인,,other,46,4
2026-03-23,s0174,food,푸드,Compose Coffee,소상공인,,other,25,2
2026-03-24,s0174,food,푸드,Compose Coffee,소상공인,,other,34,3
2026-03-10,s0176,delivery,딜리버리,교촌치킨,브랜드,10.0,percent,75,4
2026-03-11,s0176,delivery,딜리버리,교촌치킨,브랜드,10.0,percent,27,1
2026-03-12,s0176,delivery,딜리버리,교촌치킨,브랜드,10.0,percent,24,1
2026-03-13,s0176,delivery,딜리버리,교촌치킨,브랜드,10.0,percent,52,3
2026-03-14,s0176,delivery,딜리버리,교촌치킨,브랜드,10.0,percent,63,4
2026-03-15,s0176,delivery,딜리버리,교촌치킨,브랜드,10.0,percent,34,1
2026-03-16,s0176,delivery,딜리버리,교촌치킨,브랜드,10.0,percent,14,1
2026-03-17,s0176,delivery,딜리버리,교촌치킨,브랜드,10.0,percent,24,1
2026-03-18,s0176,delivery,딜리버리,교촌치킨,브랜드,10.0,percent,28,2
2026-03-19,s0176,delivery,딜리버리,교촌치킨,브랜드,10.0,percent,22,1
2026-03-20,s0176,delivery,딜리버리,교촌치킨,브랜드,10.0,percent,41,2
2026-03-21,s0176,delivery,딜리버리,교촌치킨,브랜드,10.0,percent,37,2
2026-03-22,s0176,delivery,딜리버리,교촌치킨,브랜드,10.0,percent,24,1
2026-03-23,s0176,delivery,딜리버리,교촌치킨,브랜드,10.0,percent,17,1
2026-03-24,s0176,delivery,딜리버리,교촌치킨,브랜드,10.0,percent,20,1
2026-03-25,s0176,delivery,딜리버리,교촌치킨,브랜드,10.0,percent,18,1
2026-03-10,s0175,tech,테크,보스,브랜드,50.0,percent,34,2
2026-03-11,s0175,tech,테크,보스,브랜드,50.0,percent,60,2
2026-03-12,s0175,tech,테크,보스,브랜드,50.0,percent,42,2
2026-03-13,s0175,tech,테크,보스,브랜드,50.0,percent,48,2
2026-03-14,s0175,tech,테크,보스,브랜드,50.0,percent,41,2
2026-03-15,s0175,tech,테크,보스,브랜드,50.0,percent,84,3
2026-03-16,s0175,tech,테크,보스,브랜드,50.0,percent,40,2
2026-03-17,s0175,tech,테크,보스,브랜드,50.0,percent,55,3
2026-03-18,s0175,tech,테크,보스,브랜드,50.0,percent,27,1
2026-03-19,s0175,tech,테크,보스,브랜드,50.0,percent,37,1
2026-03-20,s0175,tech,테크,보스,브랜드,50.0,percent,38,2
2026-03-21,s0175,tech,테크,보스,브랜드,50.0,percent,32,2
2026-03-22,s0175,tech,테크,보스,브랜드,50.0,percent,32,1
2026-03-23,s0175,tech,테크,보스,브랜드,50.0,percent,31,1
2026-03-24,s0175,tech,테크,보스,브랜드,50.0,percent,17,1
2026-03-25,s0175,tech,테크,보스,브랜드,50.0,percent,35,2
2026-03-11,s0177,stay,스테이,신라스테이,브랜드,40.0,percent,58,3
2026-03-12,s0177,stay,스테이,신라스테이,브랜드,40.0,percent,68,2
2026-03-13,s0177,stay,스테이,신라스테이,브랜드,40.0,percent,61,3
2026-03-14,s0177,stay,스테이,신라스테이,브랜드,40.0,percent,33,1
2026-03-15,s0177,stay,스테이,신라스테이,브랜드,40.0,percent,46,1
2026-03-16,s0177,stay,스테이,신라스테이,브랜드,40.0,percent,44,2
2026-03-17,s0177,stay,스테이,신라스테이,브랜드,40.0,percent,28,1
2026-03-18,s0177,stay,스테이,신라스테이,브랜드,40.0,percent,27,1
2026-03-19,s0177,stay,스테이,신라스테이,브랜드,40.0,percent,28,1
2026-03-20,s0177,stay,스테이,신라스테이,브랜드,40.0,percent,17,1
2026-03-21,s0177,stay,스테이,신라스테이,브랜드,40.0,percent,52,2
2026-03-11,s0178,beauty,뷰티,Tonymoly,브랜드,40.0,percent,40,2
2026-03-12,s0178,beauty,뷰티,Tonymoly,브랜드,40.0,percent,124,9
2026-03-13,s0178,beauty,뷰티,Tonymoly,브랜드,40.0,percent,72,4
2026-03-14,s0178,beauty,뷰티,Tonymoly,브랜드,40.0,percent,99,5
2026-03-15,s0178,beauty,뷰티,Tonymoly,브랜드,40.0,percent,38,3
2026-03-16,s0178,beauty,뷰티,Tonymoly,브랜드,40.0,percent,61,4
2026-03-17,s0178,beauty,뷰티,Tonymoly,브랜드,40.0,percent,50,3
2026-03-18,s0178,beauty,뷰티,Tonymoly,브랜드,40.0,percent,49,4
2026-03-19,s0178,beauty,뷰티,Tonymoly,브랜드,40.0,percent,22,1
2026-03-20,s0178,beauty,뷰티,Tonymoly,브랜드,40.0,percent,36,2
2026-03-21,s0178,beauty,뷰티,Tonymoly,브랜드,40.0,percent,61,5
2026-03-13,s0179,stay,스테이,조선호텔,소상공인,55.0,percent,101,5
2026-03-14,s0179,stay,스테이,조선호텔,소상공인,55.0,percent,51,2
2026-03-15,s0179,stay,스테이,조선호텔,소상공인,55.0,percent,41,1
2026-03-16,s0179,stay,스테이,조선호텔,소상공인,55.0,percent,40,1
2026-03-17,s0179,stay,스테이,조선호텔,소상공인,55.0,percent,70,3
2026-03-18,s0179,stay,스테이,조선호텔,소상공인,55.0,percent,24,1
2026-03-19,s0179,stay,스테이,조선호텔,소상공인,55.0,percent,25,1
2026-03-20,s0179,stay,스테이,조선호텔,소상공인,55.0,percent,28,1
2026-03-21,s0179,stay,스테이,조선호텔,소상공인,55.0,percent,35,2
2026-03-22,s0179,stay,스테이,조선호텔,소상공인,55.0,percent,49,2
2026-03-23,s0179,stay,스테이,조선호텔,소상공인,55.0,percent,22,1
2026-03-24,s0179,stay,스테이,조선호텔,소상공인,55.0,percent,50,2
2026-03-25,s0179,stay,스테이,조선호텔,소상공인,55.0,percent,22,1
2026-03-26,s0179,stay,스테이,조선호텔,소상공인,55.0,percent,35,2
2026-03-27,s0179,stay,스테이,조선호텔,소상공인,55.0,percent,24,1
2026-03-28,s0179,stay,스테이,조선호텔,소상공인,55.0,percent,20,1
2026-03-13,s0180,tech,테크,Anker,브랜드,40.0,percent,74,4
2026-03-14,s0180,tech,테크,Anker,브랜드,40.0,percent,92,4
2026-03-15,s0180,tech,테크,Anker,브랜드,40.0,percent,48,3
2026-03-16,s0180,tech,테크,Anker,브랜드,40.0,percent,58,3
2026-03-17,s0180,tech,테크,Anker,브랜드,40.0,percent,29,2
2026-03-18,s0180,tech,테크,Anker,브랜드,40.0,percent,23,1
2026-03-19,s0180,tech,테크,Anker,브랜드,40.0,percent,70,3
2026-03-20,s0180,tech,테크,Anker,브랜드,40.0,percent,27,1
2026-03-21,s0180,tech,테크,Anker,브랜드,40.0,percent,34,2
2026-03-22,s0180,tech,테크,Anker,브랜드,40.0,percent,46,2
2026-03-23,s0180,tech,테크,Anker,브랜드,40.0,percent,22,1
2026-03-24,s0180,tech,테크,Anker,브랜드,40.0,percent,16,1
2026-03-25,s0180,tech,테크,Anker,브랜드,40.0,percent,19,1
2026-03-26,s0180,tech,테크,Anker,브랜드,40.0,percent,48,2
2026-03-27,s0180,tech,테크,Anker,브랜드,40.0,percent,36,2
2026-03-28,s0180,tech,테크,Anker,브랜드,40.0,percent,45,1
2026-03-14,s0181,stay,스테이,Expedia,소상공인,45.0,percent,81,4
2026-03-15,s0181,stay,스테이,Expedia,소상공인,45.0,percent,68,2
2026-03-16,s0181,stay,스테이,Expedia,소상공인,45.0,percent,32,1
2026-03-17,s0181,stay,스테이,Expedia,소상공인,45.0,percent,33,1
2026-03-18,s0181,stay,스테이,Expedia,소상공인,45.0,percent,15,1
2026-03-19,s0181,stay,스테이,Expedia,소상공인,45.0,percent,40,1
2026-03-20,s0181,stay,스테이,Expedia,소상공인,45.0,percent,28,1
2026-03-21,s0181,stay,스테이,Expedia,소상공인,45.0,percent,24,1
2026-03-22,s0181,stay,스테이,Expedia,소상공인,45.0,percent,33,1
2026-03-23,s0181,stay,스테이,Expedia,소상공인,45.0,percent,20,1
2026-03-24,s0181,stay,스테이,Expedia,소상공인,45.0,percent,27,1
2026-03-25,s0181,stay,스테이,Expedia,소상공인,45.0,percent,20,1
2026-03-26,s0181,stay,스테이,Expedia,소상공인,45.0,percent,17,1
2026-03-27,s0181,stay,스테이,Expedia,소상공인,45.0,percent,25,1
2026-03-28,s0181,stay,스테이,Expedia,소상공인,45.0,percent,47,2
2026-03-29,s0181,stay,스테이,Expedia,소상공인,45.0,percent,37,1
2026-03-30,s0181,stay,스테이,Expedia,소상공인,45.0,percent,23,1
2026-03-31,s0181,stay,스테이,Expedia,소상공인,45.0,percent,25,1
2026-04-01,s0181,stay,스테이,Expedia,소상공인,45.0,percent,23,1
2026-04-02,s0181,stay,스테이,Expedia,소상공인,45.0,percent,14,1
2026-04-03,s0181,stay,스테이,Expedia,소상공인,45.0,percent,31,1
2026-03-14,s0182,food,푸드,GS25,브랜드,65.0,percent,262,23
2026-03-15,s0182,food,푸드,GS25,브랜드,65.0,percent,213,19
2026-03-16,s0182,food,푸드,GS25,브랜드,65.0,percent,61,4
2026-03-17,s0182,food,푸드,GS25,브랜드,65.0,percent,63,4
2026-03-18,s0182,food,푸드,GS25,브랜드,65.0,percent,57,4
2026-03-19,s0182,food,푸드,GS25,브랜드,65.0,percent,62,6
2026-03-20,s0182,food,푸드,GS25,브랜드,65.0,percent,90,8
2026-03-21,s0182,food,푸드,GS25,브랜드,65.0,percent,90,8
2026-03-22,s0182,food,푸드,GS25,브랜드,65.0,percent,79,6
2026-03-23,s0182,food,푸드,GS25,브랜드,65.0,percent,33,2
2026-03-24,s0182,food,푸드,GS25,브랜드,65.0,percent,39,3
2026-03-25,s0182,food,푸드,GS25,브랜드,65.0,percent,75,7
2026-03-26,s0182,food,푸드,GS25,브랜드,65.0,percent,74,7
2026-03-27,s0182,food,푸드,GS25,브랜드,65.0,percent,58,5
2026-03-28,s0182,food,푸드,GS25,브랜드,65.0,percent,90,8
2026-03-29,s0182,food,푸드,GS25,브랜드,65.0,percent,71,4
2026-03-30,s0182,food,푸드,GS25,브랜드,65.0,percent,61,4
2026-03-31,s0182,food,푸드,GS25,브랜드,65.0,percent,56,4
2026-04-01,s0182,food,푸드,GS25,브랜드,65.0,percent,89,9
2026-04-02,s0182,food,푸드,GS25,브랜드,65.0,percent,47,4
2026-04-03,s0182,food,푸드,GS25,브랜드,65.0,percent,69,4
2026-04-04,s0182,food,푸드,GS25,브랜드,65.0,percent,77,6
2026-04-05,s0182,food,푸드,GS25,브랜드,65.0,percent,62,5
2026-04-06,s0182,food,푸드,GS25,브랜드,65.0,percent,41,3
2026-04-07,s0182,food,푸드,GS25,브랜드,65.0,percent,75,5
2026-04-08,s0182,food,푸드,GS25,브랜드,65.0,percent,44,3
2026-04-09,s0182,food,푸드,GS25,브랜드,65.0,percent,59,5
2026-04-10,s0182,food,푸드,GS25,브랜드,65.0,percent,98,5
2026-04-11,s0182,food,푸드,GS25,브랜드,65.0,percent,80,5
2026-04-12,s0182,food,푸드,GS25,브랜드,65.0,percent,73,6
2026-04-13,s0182,food,푸드,GS25,브랜드,65.0,percent,44,4
2026-03-14,s0183,food,푸드,세븐일레븐,브랜드,,bundle,153,9
2026-03-15,s0183,food,푸드,세븐일레븐,브랜드,,bundle,95,6
2026-03-16,s0183,food,푸드,세븐일레븐,브랜드,,bundle,169,13
2026-03-17,s0183,food,푸드,세븐일레븐,브랜드,,bundle,35,2
2026-03-18,s0183,food,푸드,세븐일레븐,브랜드,,bundle,50,5
2026-03-19,s0183,food,푸드,세븐일레븐,브랜드,,bundle,62,3
2026-03-20,s0183,food,푸드,세븐일레븐,브랜드,,bundle,68,6
2026-03-21,s0183,food,푸드,세븐일레븐,브랜드,,bundle,57,5
2026-03-22,s0183,food,푸드,세븐일레븐,브랜드,,bundle,32,2
2026-03-23,s0183,food,푸드,세븐일레븐,브랜드,,bundle,26,2
2026-03-24,s0183,food,푸드,세븐일레븐,브랜드,,bundle,38,3
2026-03-25,s0183,food,푸드,세븐일레븐,브랜드,,bundle,19,1
2026-03-26,s0183,food,푸드,세븐일레븐,브랜드,,bundle,46,3
2026-03-27,s0183,food,푸드,세븐일레븐,브랜드,,bundle,67,5
2026-03-28,s0183,food,푸드,세븐일레븐,브랜드,,bundle,68,4
2026-03-29,s0183,food,푸드,세븐일레븐,브랜드,,bundle,67,5
2026-03-15,s0184,stay,스테이,소노벨,브랜드,40.0,percent,35,2
2026-03-16,s0184,stay,스테이,소노벨,브랜드,40.0,percent,25,1
2026-03-17,s0184,stay,스테이,소노벨,브랜드,40.0,percent,36,1
2026-03-18,s0184,stay,스테이,소노벨,브랜드,40.0,percent,27,1
2026-03-19,s0184,stay,스테이,소노벨,브랜드,40.0,percent,21,1
2026-03-20,s0184,stay,스테이,소노벨,브랜드,40.0,percent,34,2
2026-03-21,s0184,stay,스테이,소노벨,브랜드,40.0,percent,74,2
2026-03-22,s0184,stay,스테이,소노벨,브랜드,40.0,percent,72,3
2026-03-23,s0184,stay,스테이,소노벨,브랜드,40.0,percent,19,1
2026-03-24,s0184,stay,스테이,소노벨,브랜드,40.0,percent,24,1
2026-03-25,s0184,stay,스테이,소노벨,브랜드,40.0,percent,27,1
2026-03-26,s0184,stay,스테이,소노벨,브랜드,40.0,percent,22,1
2026-03-27,s0184,stay,스테이,소노벨,브랜드,40.0,percent,45,1
2026-03-28,s0184,stay,스테이,소노벨,브랜드,40.0,percent,28,1
2026-03-29,s0184,stay,스테이,소노벨,브랜드,40.0,percent,25,1
2026-03-30,s0184,stay,스테이,소노벨,브랜드,40.0,percent,16,1
2026-03-31,s0184,stay,스테이,소노벨,브랜드,40.0,percent,18,1
2026-04-01,s0184,stay,스테이,소노벨,브랜드,40.0,percent,9,0
2026-04-02,s0184,stay,스테이,소노벨,브랜드,40.0,percent,21,1
2026-04-03,s0184,stay,스테이,소노벨,브랜드,40.0,percent,28,1
2026-04-04,s0184,stay,스테이,소노벨,브랜드,40.0,percent,15,1
2026-04-05,s0184,stay,스테이,소노벨,브랜드,40.0,percent,31,1
2026-04-06,s0184,stay,스테이,소노벨,브랜드,40.0,percent,15,0
2026-04-07,s0184,stay,스테이,소노벨,브랜드,40.0,percent,21,1
2026-04-08,s0184,stay,스테이,소노벨,브랜드,40.0,percent,22,1
2026-04-09,s0184,stay,스테이,소노벨,브랜드,40.0,percent,23,1
2026-03-16,s0185,stay,스테이,Hotels.com,브랜드,30.0,percent,68,3
2026-03-17,s0185,stay,스테이,Hotels.com,브랜드,30.0,percent,14,1
2026-03-18,s0185,stay,스테이,Hotels.com,브랜드,30.0,percent,27,1
2026-03-19,s0185,stay,스테이,Hotels.com,브랜드,30.0,percent,33,1
2026-03-20,s0185,stay,스테이,Hotels.com,브랜드,30.0,percent,22,1
2026-03-21,s0185,stay,스테이,Hotels.com,브랜드,30.0,percent,54,2
2026-03-22,s0185,stay,스테이,Hotels.com,브랜드,30.0,percent,26,1
2026-03-23,s0185,stay,스테이,Hotels.com,브랜드,30.0,percent,34,1
2026-03-24,s0185,stay,스테이,Hotels.com,브랜드,30.0,percent,31,2
2026-03-25,s0185,stay,스테이,Hotels.com,브랜드,30.0,percent,21,1
2026-03-26,s0185,stay,스테이,Hotels.com,브랜드,30.0,percent,21,1
2026-03-27,s0185,stay,스테이,Hotels.com,브랜드,30.0,percent,16,1
2026-03-28,s0185,stay,스테이,Hotels.com,브랜드,30.0,percent,31,1
2026-03-29,s0185,stay,스테이,Hotels.com,브랜드,30.0,percent,37,2
2026-03-30,s0185,stay,스테이,Hotels.com,브랜드,30.0,percent,22,1
2026-03-17,s0186,living,리빙,IKEA,브랜드,30.0,percent,89,4
2026-03-18,s0186,living,리빙,IKEA,브랜드,30.0,percent,44,2
2026-03-19,s0186,living,리빙,IKEA,브랜드,30.0,percent,41,2
2026-03-20,s0186,living,리빙,IKEA,브랜드,30.0,percent,37,2
2026-03-21,s0186,living,리빙,IKEA,브랜드,30.0,percent,108,4
2026-03-22,s0186,living,리빙,IKEA,브랜드,30.0,percent,27,1
2026-03-23,s0186,living,리빙,IKEA,브랜드,30.0,percent,38,1
2026-03-24,s0186,living,리빙,IKEA,브랜드,30.0,percent,35,2
2026-03-25,s0186,living,리빙,IKEA,브랜드,30.0,percent,35,1
2026-03-26,s0186,living,리빙,IKEA,브랜드,30.0,percent,20,1
2026-03-27,s0186,living,리빙,IKEA,브랜드,30.0,percent,20,1
2026-03-28,s0186,living,리빙,IKEA,브랜드,30.0,percent,34,2
2026-03-29,s0186,living,리빙,IKEA,브랜드,30.0,percent,39,1
2026-03-30,s0186,living,리빙,IKEA,브랜드,30.0,percent,19,1
2026-03-31,s0186,living,리빙,IKEA,브랜드,30.0,percent,19,1
2026-04-01,s0186,living,리빙,IKEA,브랜드,30.0,percent,18,1
2026-04-02,s0186,living,리빙,IKEA,브랜드,30.0,percent,24,1
2026-03-18,s0190,delivery,딜리버리,쿠팡이츠,브랜드,65.0,percent,93,5
2026-03-19,s0190,delivery,딜리버리,쿠팡이츠,브랜드,65.0,percent,146,6
2026-03-20,s0190,delivery,딜리버리,쿠팡이츠,브랜드,65.0,percent,109,6
2026-03-21,s0190,delivery,딜리버리,쿠팡이츠,브랜드,65.0,percent,60,3
2026-03-22,s0190,delivery,딜리버리,쿠팡이츠,브랜드,65.0,percent,52,2
2026-03-23,s0190,delivery,딜리버리,쿠팡이츠,브랜드,65.0,percent,66,3
2026-03-24,s0190,delivery,딜리버리,쿠팡이츠,브랜드,65.0,percent,45,2
2026-03-25,s0190,delivery,딜리버리,쿠팡이츠,브랜드,65.0,percent,89,4
2026-03-26,s0190,delivery,딜리버리,쿠팡이츠,브랜드,65.0,percent,89,4
2026-03-27,s0190,delivery,딜리버리,쿠팡이츠,브랜드,65.0,percent,38,2
2026-03-28,s0190,delivery,딜리버리,쿠팡이츠,브랜드,65.0,percent,65,3
2026-03-29,s0190,delivery,딜리버리,쿠팡이츠,브랜드,65.0,percent,35,1
2026-03-30,s0190,delivery,딜리버리,쿠팡이츠,브랜드,65.0,percent,48,3
2026-03-31,s0190,delivery,딜리버리,쿠팡이츠,브랜드,65.0,percent,63,3
2026-04-01,s0190,delivery,딜리버리,쿠팡이츠,브랜드,65.0,percent,38,2
2026-04-02,s0190,delivery,딜리버리,쿠팡이츠,브랜드,65.0,percent,33,2
2026-04-03,s0190,delivery,딜리버리,쿠팡이츠,브랜드,65.0,percent,52,2
2026-04-04,s0190,delivery,딜리버리,쿠팡이츠,브랜드,65.0,percent,73,5
2026-04-05,s0190,delivery,딜리버리,쿠팡이츠,브랜드,65.0,percent,67,3
2026-04-06,s0190,delivery,딜리버리,쿠팡이츠,브랜드,65.0,percent,30,1
2026-04-07,s0190,delivery,딜리버리,쿠팡이츠,브랜드,65.0,percent,26,1
2026-04-08,s0190,delivery,딜리버리,쿠팡이츠,브랜드,65.0,percent,38,2
2026-04-09,s0190,delivery,딜리버리,쿠팡이츠,브랜드,65.0,percent,32,1
2026-04-10,s0190,delivery,딜리버리,쿠팡이츠,브랜드,65.0,percent,68,3
2026-04-11,s0190,delivery,딜리버리,쿠팡이츠,브랜드,65.0,percent,46,2
2026-04-12,s0190,delivery,딜리버리,쿠팡이츠,브랜드,65.0,percent,49,3
2026-04-13,s0190,delivery,딜리버리,쿠팡이츠,브랜드,65.0,percent,39,2
2026-04-14,s0190,delivery,딜리버리,쿠팡이츠,브랜드,65.0,percent,20,1
2026-04-15,s0190,delivery,딜리버리,쿠팡이츠,브랜드,65.0,percent,28,1
2026-04-16,s0190,delivery,딜리버리,쿠팡이츠,브랜드,65.0,percent,71,3
2026-04-17,s0190,delivery,딜리버리,쿠팡이츠,브랜드,65.0,percent,59,2
2026-03-18,s0189,delivery,딜리버리,각지역 소상공인 배달,브랜드,30.0,percent,60,3
2026-03-19,s0189,delivery,딜리버리,각지역 소상공인 배달,브랜드,30.0,percent,80,4
2026-03-20,s0189,delivery,딜리버리,각지역 소상공인 배달,브랜드,30.0,percent,101,6
2026-03-21,s0189,delivery,딜리버리,각지역 소상공인 배달,브랜드,30.0,percent,64,3
2026-03-22,s0189,delivery,딜리버리,각지역 소상공인 배달,브랜드,30.0,percent,76,5
2026-03-23,s0189,delivery,딜리버리,각지역 소상공인 배달,브랜드,30.0,percent,48,2
2026-03-24,s0189,delivery,딜리버리,각지역 소상공인 배달,브랜드,30.0,percent,22,1
2026-03-25,s0189,delivery,딜리버리,각지역 소상공인 배달,브랜드,30.0,percent,31,2
2026-03-26,s0189,delivery,딜리버리,각지역 소상공인 배달,브랜드,30.0,percent,58,4
2026-03-27,s0189,delivery,딜리버리,각지역 소상공인 배달,브랜드,30.0,percent,74,3
2026-03-28,s0189,delivery,딜리버리,각지역 소상공인 배달,브랜드,30.0,percent,59,3
2026-03-29,s0189,delivery,딜리버리,각지역 소상공인 배달,브랜드,30.0,percent,32,1
2026-03-30,s0189,delivery,딜리버리,각지역 소상공인 배달,브랜드,30.0,percent,13,1
2026-03-31,s0189,delivery,딜리버리,각지역 소상공인 배달,브랜드,30.0,percent,20,1
2026-04-01,s0189,delivery,딜리버리,각지역 소상공인 배달,브랜드,30.0,percent,17,1
2026-04-02,s0189,delivery,딜리버리,각지역 소상공인 배달,브랜드,30.0,percent,50,2
2026-03-18,s0187,stay,스테이,아고다,브랜드,40.0,percent,31,1
2026-03-19,s0187,stay,스테이,아고다,브랜드,40.0,percent,35,2
2026-03-20,s0187,stay,스테이,아고다,브랜드,40.0,percent,59,3
2026-03-21,s0187,stay,스테이,아고다,브랜드,40.0,percent,57,2
2026-03-22,s0187,stay,스테이,아고다,브랜드,40.0,percent,81,3
2026-03-23,s0187,stay,스테이,아고다,브랜드,40.0,percent,38,1
2026-03-24,s0187,stay,스테이,아고다,브랜드,40.0,percent,26,1
2026-03-25,s0187,stay,스테이,아고다,브랜드,40.0,percent,42,2
2026-03-26,s0187,stay,스테이,아고다,브랜드,40.0,percent,24,1
2026-03-27,s0187,stay,스테이,아고다,브랜드,40.0,percent,56,2
2026-03-28,s0187,stay,스테이,아고다,브랜드,40.0,percent,27,1
2026-03-29,s0187,stay,스테이,아고다,브랜드,40.0,percent,13,1
2026-03-30,s0187,stay,스테이,아고다,브랜드,40.0,percent,22,1
2026-03-31,s0187,stay,스테이,아고다,브랜드,40.0,percent,10,0
2026-04-01,s0187,stay,스테이,아고다,브랜드,40.0,percent,31,2
2026-04-02,s0187,stay,스테이,아고다,브랜드,40.0,percent,24,1
2026-04-03,s0187,stay,스테이,아고다,브랜드,40.0,percent,49,2
2026-04-04,s0187,stay,스테이,아고다,브랜드,40.0,percent,30,2
2026-04-05,s0187,stay,스테이,아고다,브랜드,40.0,percent,18,1
2026-04-06,s0187,stay,스테이,아고다,브랜드,40.0,percent,25,1
2026-04-07,s0187,stay,스테이,아고다,브랜드,40.0,percent,17,1
2026-03-18,s0188,popup,팝업,젠틀몬스터,소상공인,,other,96,6
2026-03-19,s0188,popup,팝업,젠틀몬스터,소상공인,,other,50,4
2026-03-20,s0188,popup,팝업,젠틀몬스터,소상공인,,other,115,7
2026-03-21,s0188,popup,팝업,젠틀몬스터,소상공인,,other,75,5
2026-03-22,s0188,popup,팝업,젠틀몬스터,소상공인,,other,58,5
2026-03-23,s0188,popup,팝업,젠틀몬스터,소상공인,,other,64,4
2026-03-24,s0188,popup,팝업,젠틀몬스터,소상공인,,other,49,4
2026-03-25,s0188,popup,팝업,젠틀몬스터,소상공인,,other,27,2
2026-03-26,s0188,popup,팝업,젠틀몬스터,소상공인,,other,48,3
2026-03-27,s0188,popup,팝업,젠틀몬스터,소상공인,,other,52,3
2026-03-28,s0188,popup,팝업,젠틀몬스터,소상공인,,other,45,3
2026-03-19,s0191,delivery,딜리버리,위메프오,소상공인,45.0,percent,95,5
2026-03-20,s0191,delivery,딜리버리,위메프오,소상공인,45.0,percent,121,7
2026-03-21,s0191,delivery,딜리버리,위메프오,소상공인,45.0,percent,74,3
2026-03-22,s0191,delivery,딜리버리,위메프오,소상공인,45.0,percent,61,3
2026-03-23,s0191,delivery,딜리버리,위메프오,소상공인,45.0,percent,39,3
2026-03-24,s0191,delivery,딜리버리,위메프오,소상공인,45.0,percent,27,1
2026-03-25,s0191,delivery,딜리버리,위메프오,소상공인,45.0,percent,33,1
2026-03-26,s0191,delivery,딜리버리,위메프오,소상공인,45.0,percent,32,2
2026-03-27,s0191,delivery,딜리버리,위메프오,소상공인,45.0,percent,36,2
2026-03-28,s0191,delivery,딜리버리,위메프오,소상공인,45.0,percent,40,2
2026-03-29,s0191,delivery,딜리버리,위메프오,소상공인,45.0,percent,27,1
2026-03-21,s0192,living,리빙,Nitori,브랜드,60.0,percent,165,5
2026-03-22,s0192,living,리빙,Nitori,브랜드,60.0,percent,75,3
2026-03-23,s0192,living,리빙,Nitori,브랜드,60.0,percent,96,6
2026-03-24,s0192,living,리빙,Nitori,브랜드,60.0,percent,35,2
2026-03-25,s0192,living,리빙,Nitori,브랜드,60.0,percent,84,3
2026-03-26,s0192,living,리빙,Nitori,브랜드,60.0,percent,39,2
2026-03-27,s0192,living,리빙,Nitori,브랜드,60.0,percent,69,3
2026-03-28,s0192,living,리빙,Nitori,브랜드,60.0,percent,57,2
2026-03-29,s0192,living,리빙,Nitori,브랜드,60.0,percent,31,2
2026-03-30,s0192,living,리빙,Nitori,브랜드,60.0,percent,22,1
2026-03-31,s0192,living,리빙,Nitori,브랜드,60.0,percent,24,1
2026-03-22,s0193,beauty,뷰티,Missha,브랜드,30.0,percent,95,5
2026-03-23,s0193,beauty,뷰티,Missha,브랜드,30.0,percent,67,3
2026-03-24,s0193,beauty,뷰티,Missha,브랜드,30.0,percent,63,4
2026-03-25,s0193,beauty,뷰티,Missha,브랜드,30.0,percent,50,3
2026-03-26,s0193,beauty,뷰티,Missha,브랜드,30.0,percent,56,3
2026-03-27,s0193,beauty,뷰티,Missha,브랜드,30.0,percent,65,4
2026-03-28,s0193,beauty,뷰티,Missha,브랜드,30.0,percent,56,4
2026-03-29,s0193,beauty,뷰티,Missha,브랜드,30.0,percent,66,5
2026-03-30,s0193,beauty,뷰티,Missha,브랜드,30.0,percent,49,3
2026-03-31,s0193,beauty,뷰티,Missha,브랜드,30.0,percent,39,3
2026-04-01,s0193,beauty,뷰티,Missha,브랜드,30.0,percent,40,2
2026-04-02,s0193,beauty,뷰티,Missha,브랜드,30.0,percent,37,3
2026-04-03,s0193,beauty,뷰티,Missha,브랜드,30.0,percent,61,4
2026-04-04,s0193,beauty,뷰티,Missha,브랜드,30.0,percent,47,3
2026-04-05,s0193,beauty,뷰티,Missha,브랜드,30.0,percent,34,2
2026-03-22,s0194,popup,팝업,아디다스 오리지널스,브랜드,25.0,percent,114,9
2026-03-23,s0194,popup,팝업,아디다스 오리지널스,브랜드,25.0,percent,46,3
2026-03-24,s0194,popup,팝업,아디다스 오리지널스,브랜드,25.0,percent,36,3
2026-03-25,s0194,popup,팝업,아디다스 오리지널스,브랜드,25.0,percent,75,4
2026-03-26,s0194,popup,팝업,아디다스 오리지널스,브랜드,25.0,percent,87,7
2026-03-27,s0194,popup,팝업,아디다스 오리지널스,브랜드,25.0,percent,51,4
2026-03-28,s0194,popup,팝업,아디다스 오리지널스,브랜드,25.0,percent,86,5
2026-03-29,s0194,popup,팝업,아디다스 오리지널스,브랜드,25.0,percent,30,3
2026-03-30,s0194,popup,팝업,아디다스 오리지널스,브랜드,25.0,percent,20,1
2026-03-31,s0194,popup,팝업,아디다스 오리지널스,브랜드,25.0,percent,51,5
2026-04-01,s0194,popup,팝업,아디다스 오리지널스,브랜드,25.0,percent,41,2
2026-04-02,s0194,popup,팝업,아디다스 오리지널스,브랜드,25.0,percent,35,2
2026-04-03,s0194,popup,팝업,아디다스 오리지널스,브랜드,25.0,percent,75,5
2026-04-04,s0194,popup,팝업,아디다스 오리지널스,브랜드,25.0,percent,46,3
2026-04-05,s0194,popup,팝업,아디다스 오리지널스,브랜드,25.0,percent,31,2
2026-04-06,s0194,popup,팝업,아디다스 오리지널스,브랜드,25.0,percent,19,2
2026-03-22,s0195,tech,테크,Samsung,브랜드,,other,77,4
2026-03-23,s0195,tech,테크,Samsung,브랜드,,other,51,3
2026-03-24,s0195,tech,테크,Samsung,브랜드,,other,36,2
2026-03-25,s0195,tech,테크,Samsung,브랜드,,other,51,2
2026-03-26,s0195,tech,테크,Samsung,브랜드,,other,56,2
2026-03-27,s0195,tech,테크,Samsung,브랜드,,other,34,2
2026-03-28,s0195,tech,테크,Samsung,브랜드,,other,23,1
2026-03-29,s0195,tech,테크,Samsung,브랜드,,other,41,2
2026-03-30,s0195,tech,테크,Samsung,브랜드,,other,38,2
2026-03-31,s0195,tech,테크,Samsung,브랜드,,other,20,1
2026-04-01,s0195,tech,테크,Samsung,브랜드,,other,28,1
2026-04-02,s0195,tech,테크,Samsung,브랜드,,other,16,1
2026-04-03,s0195,tech,테크,Samsung,브랜드,,other,31,1
2026-04-04,s0195,tech,테크,Samsung,브랜드,,other,40,2
2026-04-05,s0195,tech,테크,Samsung,브랜드,,other,33,1
2026-04-06,s0195,tech,테크,Samsung,브랜드,,other,43,2
2026-04-07,s0195,tech,테크,Samsung,브랜드,,other,33,1
2026-04-08,s0195,tech,테크,Samsung,브랜드,,other,27,1
2026-04-09,s0195,tech,테크,Samsung,브랜드,,other,32,1
2026-04-10,s0195,tech,테크,Samsung,브랜드,,other,37,2
2026-04-11,s0195,tech,테크,Samsung,브랜드,,other,34,1
2026-03-23,s0196,fashion,패션,MANGO,브랜드,25.0,percent,71,3
2026-03-24,s0196,fashion,패션,MANGO,브랜드,25.0,percent,50,4
2026-03-25,s0196,fashion,패션,MANGO,브랜드,25.0,percent,37,1
2026-03-26,s0196,fashion,패션,MANGO,브랜드,25.0,percent,87,4
2026-03-27,s0196,fashion,패션,MANGO,브랜드,25.0,percent,113,7
2026-03-28,s0196,fashion,패션,MANGO,브랜드,25.0,percent,60,4
2026-03-29,s0196,fashion,패션,MANGO,브랜드,25.0,percent,52,2
2026-03-30,s0196,fashion,패션,MANGO,브랜드,25.0,percent,43,2
2026-03-31,s0196,fashion,패션,MANGO,브랜드,25.0,percent,29,2
2026-04-01,s0196,fashion,패션,MANGO,브랜드,25.0,percent,22,1
2026-04-02,s0196,fashion,패션,MANGO,브랜드,25.0,percent,21,1
2026-03-24,s0197,fashion,패션,커버낫,브랜드,,bundle,143,7
2026-03-25,s0197,fashion,패션,커버낫,브랜드,,bundle,37,2
2026-03-26,s0197,fashion,패션,커버낫,브랜드,,bundle,68,3
2026-03-27,s0197,fashion,패션,커버낫,브랜드,,bundle,38,2
2026-03-28,s0197,fashion,패션,커버낫,브랜드,,bundle,66,3
2026-03-29,s0197,fashion,패션,커버낫,브랜드,,bundle,51,3
2026-03-30,s0197,fashion,패션,커버낫,브랜드,,bundle,24,2
2026-03-31,s0197,fashion,패션,커버낫,브랜드,,bundle,43,3
2026-04-01,s0197,fashion,패션,커버낫,브랜드,,bundle,24,1
2026-04-02,s0197,fashion,패션,커버낫,브랜드,,bundle,21,1
2026-04-03,s0197,fashion,패션,커버낫,브랜드,,bundle,53,3
2026-04-04,s0197,fashion,패션,커버낫,브랜드,,bundle,41,2
2026-04-05,s0197,fashion,패션,커버낫,브랜드,,bundle,33,2
2026-04-06,s0197,fashion,패션,커버낫,브랜드,,bundle,40,3
2026-04-07,s0197,fashion,패션,커버낫,브랜드,,bundle,19,1
2026-03-26,s0198,fashion,패션,반스,브랜드,15.0,percent,38,2
2026-03-27,s0198,fashion,패션,반스,브랜드,15.0,percent,111,5
2026-03-28,s0198,fashion,패션,반스,브랜드,15.0,percent,137,6
2026-03-29,s0198,fashion,패션,반스,브랜드,15.0,percent,57,4
2026-03-30,s0198,fashion,패션,반스,브랜드,15.0,percent,15,1
2026-03-31,s0198,fashion,패션,반스,브랜드,15.0,percent,32,2
2026-04-01,s0198,fashion,패션,반스,브랜드,15.0,percent,45,3
2026-04-02,s0198,fashion,패션,반스,브랜드,15.0,percent,49,2
2026-04-03,s0198,fashion,패션,반스,브랜드,15.0,percent,27,1
2026-04-04,s0198,fashion,패션,반스,브랜드,15.0,percent,38,2
2026-04-05,s0198,fashion,패션,반스,브랜드,15.0,percent,41,2
2026-04-06,s0198,fashion,패션,반스,브랜드,15.0,percent,35,1
2026-04-07,s0198,fashion,패션,반스,브랜드,15.0,percent,31,1
2026-04-08,s0198,fashion,패션,반스,브랜드,15.0,percent,31,1
2026-04-09,s0198,fashion,패션,반스,브랜드,15.0,percent,40,2
2026-04-10,s0198,fashion,패션,반스,브랜드,15.0,percent,31,1
2026-04-11,s0198,fashion,패션,반스,브랜드,15.0,percent,63,3
2026-04-12,s0198,fashion,패션,반스,브랜드,15.0,percent,28,2
2026-04-13,s0198,fashion,패션,반스,브랜드,15.0,percent,31,1
2026-04-14,s0198,fashion,패션,반스,브랜드,15.0,percent,20,1
2026-04-15,s0198,fashion,패션,반스,브랜드,15.0,percent,23,1
2026-03-27,s0203,popup,팝업,다이슨,소상공인,,other,95,8
2026-03-28,s0203,popup,팝업,다이슨,소상공인,,other,80,6
2026-03-29,s0203,popup,팝업,다이슨,소상공인,,other,116,9
2026-03-30,s0203,popup,팝업,다이슨,소상공인,,other,43,2
2026-03-31,s0203,popup,팝업,다이슨,소상공인,,other,41,3
2026-04-01,s0203,popup,팝업,다이슨,소상공인,,other,49,3
2026-04-02,s0203,popup,팝업,다이슨,소상공인,,other,95,7
2026-04-03,s0203,popup,팝업,다이슨,소상공인,,other,56,4
2026-04-04,s0203,popup,팝업,다이슨,소상공인,,other,51,4
2026-04-05,s0203,popup,팝업,다이슨,소상공인,,other,23,1
2026-04-06,s0203,popup,팝업,다이슨,소상공인,,other,29,2
2026-03-27,s0204,stay,스테이,조선호텔,소상공인,35.0,percent,47,1
2026-03-28,s0204,stay,스테이,조선호텔,소상공인,35.0,percent,54,2
2026-03-29,s0204,stay,스테이,조선호텔,소상공인,35.0,percent,41,2
2026-03-30,s0204,stay,스테이,조선호텔,소상공인,35.0,percent,38,2
2026-03-31,s0204,stay,스테이,조선호텔,소상공인,35.0,percent,25,1
2026-04-01,s0204,stay,스테이,조선호텔,소상공인,35.0,percent,19,1
2026-04-02,s0204,stay,스테이,조선호텔,소상공인,35.0,percent,34,1
2026-04-03,s0204,stay,스테이,조선호텔,소상공인,35.0,percent,19,1
2026-04-04,s0204,stay,스테이,조선호텔,소상공인,35.0,percent,32,2
2026-04-05,s0204,stay,스테이,조선호텔,소상공인,35.0,percent,27,1
2026-04-06,s0204,stay,스테이,조선호텔,소상공인,35.0,percent,22,1
2026-04-07,s0204,stay,스테이,조선호텔,소상공인,35.0,percent,27,1
2026-04-08,s0204,stay,스테이,조선호텔,소상공인,35.0,percent,48,2
2026-04-09,s0204,stay,스테이,조선호텔,소상공인,35.0,percent,20,1
2026-04-10,s0204,stay,스테이,조선호텔,소상공인,35.0,percent,18,1
2026-04-11,s0204,stay,스테이,조선호텔,소상공인,35.0,percent,21,1
2026-04-12,s0204,stay,스테이,조선호텔,소상공인,35.0,percent,19,1
2026-03-27,s0202,delivery,딜리버리,쿠팡이츠,브랜드,25.0,percent,94,6
2026-03-28,s0202,delivery,딜리버리,쿠팡이츠,브랜드,25.0,percent,42,3
2026-03-29,s0202,delivery,딜리버리,쿠팡이츠,브랜드,25.0,percent,44,2
2026-03-30,s0202,delivery,딜리버리,쿠팡이츠,브랜드,25.0,percent,49,3
2026-03-31,s0202,delivery,딜리버리,쿠팡이츠,브랜드,25.0,percent,52,3
2026-04-01,s0202,delivery,딜리버리,쿠팡이츠,브랜드,25.0,percent,51,2
2026-04-02,s0202,delivery,딜리버리,쿠팡이츠,브랜드,25.0,percent,37,2
2026-04-03,s0202,delivery,딜리버리,쿠팡이츠,브랜드,25.0,percent,54,2
2026-04-04,s0202,delivery,딜리버리,쿠팡이츠,브랜드,25.0,percent,68,3
2026-04-05,s0202,delivery,딜리버리,쿠팡이츠,브랜드,25.0,percent,35,2
2026-04-06,s0202,delivery,딜리버리,쿠팡이츠,브랜드,25.0,percent,40,2
2026-04-07,s0202,delivery,딜리버리,쿠팡이츠,브랜드,25.0,percent,15,1
2026-04-08,s0202,delivery,딜리버리,쿠팡이츠,브랜드,25.0,percent,17,1
2026-04-09,s0202,delivery,딜리버리,쿠팡이츠,브랜드,25.0,percent,24,1
2026-04-10,s0202,delivery,딜리버리,쿠팡이츠,브랜드,25.0,percent,18,1
2026-04-11,s0202,delivery,딜리버리,쿠팡이츠,브랜드,25.0,percent,47,3
2026-04-12,s0202,delivery,딜리버리,쿠팡이츠,브랜드,25.0,percent,29,2
2026-04-13,s0202,delivery,딜리버리,쿠팡이츠,브랜드,25.0,percent,24,1
2026-04-14,s0202,delivery,딜리버리,쿠팡이츠,브랜드,25.0,percent,8,0
2026-04-15,s0202,delivery,딜리버리,쿠팡이츠,브랜드,25.0,percent,24,1
2026-04-16,s0202,delivery,딜리버리,쿠팡이츠,브랜드,25.0,percent,23,1
2026-04-17,s0202,delivery,딜리버리,쿠팡이츠,브랜드,25.0,percent,24,1
2026-04-18,s0202,delivery,딜리버리,쿠팡이츠,브랜드,25.0,percent,44,2
2026-04-19,s0202,delivery,딜리버리,쿠팡이츠,브랜드,25.0,percent,28,1
2026-04-20,s0202,delivery,딜리버리,쿠팡이츠,브랜드,25.0,percent,24,1
2026-04-21,s0202,delivery,딜리버리,쿠팡이츠,브랜드,25.0,percent,26,1
2026-04-22,s0202,delivery,딜리버리,쿠팡이츠,브랜드,25.0,percent,37,2
2026-04-23,s0202,delivery,딜리버리,쿠팡이츠,브랜드,25.0,percent,37,2
2026-04-24,s0202,delivery,딜리버리,쿠팡이츠,브랜드,25.0,percent,26,1
2026-04-25,s0202,delivery,딜리버리,쿠팡이츠,브랜드,25.0,percent,28,1
2026-04-26,s0202,delivery,딜리버리,쿠팡이츠,브랜드,25.0,percent,55,3
2026-03-27,s0201,beauty,뷰티,Nature Republic,브랜드,60.0,percent,109,5
2026-03-28,s0201,beauty,뷰티,Nature Republic,브랜드,60.0,percent,158,8
2026-03-29,s0201,beauty,뷰티,Nature Republic,브랜드,60.0,percent,60,4
2026-03-30,s0201,beauty,뷰티,Nature Republic,브랜드,60.0,percent,34,2
2026-03-31,s0201,beauty,뷰티,Nature Republic,브랜드,60.0,percent,60,3
2026-04-01,s0201,beauty,뷰티,Nature Republic,브랜드,60.0,percent,52,4
2026-04-02,s0201,beauty,뷰티,Nature Republic,브랜드,60.0,percent,72,4
2026-04-03,s0201,beauty,뷰티,Nature Republic,브랜드,60.0,percent,49,4
2026-04-04,s0201,beauty,뷰티,Nature Republic,브랜드,60.0,percent,78,4
2026-04-05,s0201,beauty,뷰티,Nature Republic,브랜드,60.0,percent,80,5
2026-04-06,s0201,beauty,뷰티,Nature Republic,브랜드,60.0,percent,34,2
2026-03-27,s0200,fashion,패션,반스,브랜드,50.0,percent,104,6
2026-03-28,s0200,fashion,패션,반스,브랜드,50.0,percent,80,4
2026-03-29,s0200,fashion,패션,반스,브랜드,50.0,percent,126,6
2026-03-30,s0200,fashion,패션,반스,브랜드,50.0,percent,74,4
2026-03-31,s0200,fashion,패션,반스,브랜드,50.0,percent,65,5
2026-04-01,s0200,fashion,패션,반스,브랜드,50.0,percent,46,2
2026-04-02,s0200,fashion,패션,반스,브랜드,50.0,percent,59,3
2026-04-03,s0200,fashion,패션,반스,브랜드,50.0,percent,23,1
2026-04-04,s0200,fashion,패션,반스,브랜드,50.0,percent,59,3
2026-04-05,s0200,fashion,패션,반스,브랜드,50.0,percent,96,4
2026-04-06,s0200,fashion,패션,반스,브랜드,50.0,percent,38,2
2026-04-07,s0200,fashion,패션,반스,브랜드,50.0,percent,50,3
2026-04-08,s0200,fashion,패션,반스,브랜드,50.0,percent,34,2
2026-04-09,s0200,fashion,패션,반스,브랜드,50.0,percent,60,4
2026-04-10,s0200,fashion,패션,반스,브랜드,50.0,percent,34,2
2026-04-11,s0200,fashion,패션,반스,브랜드,50.0,percent,61,4
2026-04-12,s0200,fashion,패션,반스,브랜드,50.0,percent,39,2
2026-03-27,s0199,delivery,딜리버리,전주맛배달,소상공인,30.0,percent,82,4
2026-03-28,s0199,delivery,딜리버리,전주맛배달,소상공인,30.0,percent,63,3
2026-03-29,s0199,delivery,딜리버리,전주맛배달,소상공인,30.0,percent,61,4
2026-03-30,s0199,delivery,딜리버리,전주맛배달,소상공인,30.0,percent,34,2
2026-03-31,s0199,delivery,딜리버리,전주맛배달,소상공인,30.0,percent,42,2
2026-04-01,s0199,delivery,딜리버리,전주맛배달,소상공인,30.0,percent,38,2
2026-04-02,s0199,delivery,딜리버리,전주맛배달,소상공인,30.0,percent,25,1
2026-04-03,s0199,delivery,딜리버리,전주맛배달,소상공인,30.0,percent,28,1
2026-04-04,s0199,delivery,딜리버리,전주맛배달,소상공인,30.0,percent,29,2
2026-04-05,s0199,delivery,딜리버리,전주맛배달,소상공인,30.0,percent,25,1
2026-04-06,s0199,delivery,딜리버리,전주맛배달,소상공인,30.0,percent,32,2
2026-03-28,s0205,popup,팝업,여의도 러닝 팝업,브랜드,45.0,percent,107,7
2026-03-29,s0205,popup,팝업,여의도 러닝 팝업,브랜드,45.0,percent,133,10
2026-03-30,s0205,popup,팝업,여의도 러닝 팝업,브랜드,45.0,percent,63,3
2026-03-31,s0205,popup,팝업,여의도 러닝 팝업,브랜드,45.0,percent,88,7
2026-04-01,s0205,popup,팝업,여의도 러닝 팝업,브랜드,45.0,percent,115,8
2026-04-02,s0205,popup,팝업,여의도 러닝 팝업,브랜드,45.0,percent,22,1
2026-04-03,s0205,popup,팝업,여의도 러닝 팝업,브랜드,45.0,percent,49,3
2026-04-04,s0205,popup,팝업,여의도 러닝 팝업,브랜드,45.0,percent,60,3
2026-04-05,s0205,popup,팝업,여의도 러닝 팝업,브랜드,45.0,percent,58,5
2026-04-06,s0205,popup,팝업,여의도 러닝 팝업,브랜드,45.0,percent,39,3
2026-04-07,s0205,popup,팝업,여의도 러닝 팝업,브랜드,45.0,percent,25,2
2026-03-28,s0206,food,푸드,Compose Coffee,브랜드,35.0,percent,275,22
2026-03-29,s0206,food,푸드,Compose Coffee,브랜드,35.0,percent,104,7
2026-03-30,s0206,food,푸드,Compose Coffee,브랜드,35.0,percent,83,8
2026-03-31,s0206,food,푸드,Compose Coffee,브랜드,35.0,percent,70,5
2026-04-01,s0206,food,푸드,Compose Coffee,브랜드,35.0,percent,34,2
2026-04-02,s0206,food,푸드,Compose Coffee,브랜드,35.0,percent,48,3
2026-04-03,s0206,food,푸드,Compose Coffee,브랜드,35.0,percent,79,5
2026-04-04,s0206,food,푸드,Compose Coffee,브랜드,35.0,percent,111,6
2026-04-05,s0206,food,푸드,Compose Coffee,브랜드,35.0,percent,53,5
2026-04-06,s0206,food,푸드,Compose Coffee,브랜드,35.0,percent,26,2
2026-04-07,s0206,food,푸드,Compose Coffee,브랜드,35.0,percent,31,2
2026-04-08,s0206,food,푸드,Compose Coffee,브랜드,35.0,percent,34,2
2026-04-09,s0206,food,푸드,Compose Coffee,브랜드,35.0,percent,35,3
2026-04-10,s0206,food,푸드,Compose Coffee,브랜드,35.0,percent,35,3
2026-04-11,s0206,food,푸드,Compose Coffee,브랜드,35.0,percent,34,2
2026-04-12,s0206,food,푸드,Compose Coffee,브랜드,35.0,percent,34,3
2026-03-28,s0207,fashion,패션,MANGO,브랜드,,bundle,93,5
2026-03-29,s0207,fashion,패션,MANGO,브랜드,,bundle,116,5
2026-03-30,s0207,fashion,패션,MANGO,브랜드,,bundle,84,5
2026-03-31,s0207,fashion,패션,MANGO,브랜드,,bundle,49,3
2026-04-01,s0207,fashion,패션,MANGO,브랜드,,bundle,31,2
2026-04-02,s0207,fashion,패션,MANGO,브랜드,,bundle,37,2
2026-04-03,s0207,fashion,패션,MANGO,브랜드,,bundle,25,1
2026-04-04,s0207,fashion,패션,MANGO,브랜드,,bundle,90,4
2026-04-05,s0207,fashion,패션,MANGO,브랜드,,bundle,38,2
2026-04-06,s0207,fashion,패션,MANGO,브랜드,,bundle,38,2
2026-04-07,s0207,fashion,패션,MANGO,브랜드,,bundle,43,2
2026-04-08,s0207,fashion,패션,MANGO,브랜드,,bundle,57,4
2026-04-09,s0207,fashion,패션,MANGO,브랜드,,bundle,43,2
2026-04-10,s0207,fashion,패션,MANGO,브랜드,,bundle,33,2
2026-04-11,s0207,fashion,패션,MANGO,브랜드,,bundle,53,3
2026-03-30,s0208,stay,스테이,부킹닷컴,브랜드,40.0,percent,103,5
2026-03-31,s0208,stay,스테이,부킹닷컴,브랜드,40.0,percent,36,1
2026-04-01,s0208,stay,스테이,부킹닷컴,브랜드,40.0,percent,26,1
2026-04-02,s0208,stay,스테이,부킹닷컴,브랜드,40.0,percent,30,1
2026-04-03,s0208,stay,스테이,부킹닷컴,브랜드,40.0,percent,51,2
2026-04-04,s0208,stay,스테이,부킹닷컴,브랜드,40.0,percent,41,2
2026-04-05,s0208,stay,스테이,부킹닷컴,브랜드,40.0,percent,39,2
2026-04-06,s0208,stay,스테이,부킹닷컴,브랜드,40.0,percent,34,1
2026-04-07,s0208,stay,스테이,부킹닷컴,브랜드,40.0,percent,18,1
2026-04-08,s0208,stay,스테이,부킹닷컴,브랜드,40.0,percent,24,1
2026-04-09,s0208,stay,스테이,부킹닷컴,브랜드,40.0,percent,21,1
2026-03-30,s0209,living,리빙,현대리바트,브랜드,65.0,percent,141,7
2026-03-31,s0209,living,리빙,현대리바트,브랜드,65.0,percent,85,4
2026-04-01,s0209,living,리빙,현대리바트,브랜드,65.0,percent,52,3
2026-04-02,s0209,living,리빙,현대리바트,브랜드,65.0,percent,48,2
2026-04-03,s0209,living,리빙,현대리바트,브랜드,65.0,percent,114,4
2026-04-04,s0209,living,리빙,현대리바트,브랜드,65.0,percent,118,5
2026-04-05,s0209,living,리빙,현대리바트,브랜드,65.0,percent,65,3
2026-04-06,s0209,living,리빙,현대리바트,브랜드,65.0,percent,37,2
2026-04-07,s0209,living,리빙,현대리바트,브랜드,65.0,percent,22,1
2026-04-08,s0209,living,리빙,현대리바트,브랜드,65.0,percent,26,1
2026-04-09,s0209,living,리빙,현대리바트,브랜드,65.0,percent,22,1
2026-03-31,s0210,tech,테크,LG전자,소상공인,50.0,percent,77,4
2026-04-01,s0210,tech,테크,LG전자,소상공인,50.0,percent,31,1
2026-04-02,s0210,tech,테크,LG전자,소상공인,50.0,percent,38,2
2026-04-03,s0210,tech,테크,LG전자,소상공인,50.0,percent,25,1
2026-04-04,s0210,tech,테크,LG전자,소상공인,50.0,percent,30,1
2026-04-05,s0210,tech,테크,LG전자,소상공인,50.0,percent,54,2
2026-04-06,s0210,tech,테크,LG전자,소상공인,50.0,percent,32,1
2026-04-07,s0210,tech,테크,LG전자,소상공인,50.0,percent,25,1
2026-04-08,s0210,tech,테크,LG전자,소상공인,50.0,percent,22,1
2026-04-09,s0210,tech,테크,LG전자,소상공인,50.0,percent,15,1
2026-04-10,s0210,tech,테크,LG전자,소상공인,50.0,percent,25,1
2026-04-11,s0210,tech,테크,LG전자,소상공인,50.0,percent,32,2
2026-04-12,s0210,tech,테크,LG전자,소상공인,50.0,percent,38,2
2026-04-13,s0210,tech,테크,LG전자,소상공인,50.0,percent,32,2
2026-04-14,s0210,tech,테크,LG전자,소상공인,50.0,percent,26,1
2026-03-31,s0211,stay,스테이,아고다,브랜드,40.0,percent,59,2
2026-04-01,s0211,stay,스테이,아고다,브랜드,40.0,percent,48,2
2026-04-02,s0211,stay,스테이,아고다,브랜드,40.0,percent,48,1
2026-04-03,s0211,stay,스테이,아고다,브랜드,40.0,percent,39,1
2026-04-04,s0211,stay,스테이,아고다,브랜드,40.0,percent,52,3
2026-04-05,s0211,stay,스테이,아고다,브랜드,40.0,percent,40,2
2026-04-06,s0211,stay,스테이,아고다,브랜드,40.0,percent,64,3
2026-04-07,s0211,stay,스테이,아고다,브랜드,40.0,percent,27,1
2026-04-08,s0211,stay,스테이,아고다,브랜드,40.0,percent,13,1
2026-04-09,s0211,stay,스테이,아고다,브랜드,40.0,percent,22,1
2026-04-10,s0211,stay,스테이,아고다,브랜드,40.0,percent,27,1
2026-04-11,s0211,stay,스테이,아고다,브랜드,40.0,percent,47,2
2026-04-12,s0211,stay,스테이,아고다,브랜드,40.0,percent,35,1
2026-04-13,s0211,stay,스테이,아고다,브랜드,40.0,percent,25,1
2026-04-14,s0211,stay,스테이,아고다,브랜드,40.0,percent,33,1
2026-04-15,s0211,stay,스테이,아고다,브랜드,40.0,percent,40,1
2026-04-01,s0212,popup,팝업,이태원 글로벌 푸드팝업,브랜드,,other,108,7
2026-04-02,s0212,popup,팝업,이태원 글로벌 푸드팝업,브랜드,,other,68,3
2026-04-03,s0212,popup,팝업,이태원 글로벌 푸드팝업,브랜드,,other,72,7
2026-04-04,s0212,popup,팝업,이태원 글로벌 푸드팝업,브랜드,,other,29,2
2026-04-05,s0212,popup,팝업,이태원 글로벌 푸드팝업,브랜드,,other,107,6
2026-04-06,s0212,popup,팝업,이태원 글로벌 푸드팝업,브랜드,,other,41,3
2026-04-07,s0212,popup,팝업,이태원 글로벌 푸드팝업,브랜드,,other,40,3
2026-04-08,s0212,popup,팝업,이태원 글로벌 푸드팝업,브랜드,,other,35,2
2026-04-09,s0212,popup,팝업,이태원 글로벌 푸드팝업,브랜드,,other,28,2
2026-04-10,s0212,popup,팝업,이태원 글로벌 푸드팝업,브랜드,,other,102,6
2026-04-11,s0212,popup,팝업,이태원 글로벌 푸드팝업,브랜드,,other,53,3
2026-04-12,s0212,popup,팝업,이태원 글로벌 푸드팝업,브랜드,,other,82,7
2026-04-13,s0212,popup,팝업,이태원 글로벌 푸드팝업,브랜드,,other,30,2
2026-04-14,s0212,popup,팝업,이태원 글로벌 푸드팝업,브랜드,,other,25,1
2026-04-15,s0212,popup,팝업,이태원 글로벌 푸드팝업,브랜드,,other,41,4
2026-04-16,s0212,popup,팝업,이태원 글로벌 푸드팝업,브랜드,,other,50,3
2026-04-01,s0213,tech,테크,필립스,브랜드,70.0,percent,112,5
2026-04-02,s0213,tech,테크,필립스,브랜드,70.0,percent,65,4
2026-04-03,s0213,tech,테크,필립스,브랜드,70.0,percent,94,4
2026-04-04,s0213,tech,테크,필립스,브랜드,70.0,percent,63,2
2026-04-05,s0213,tech,테크,필립스,브랜드,70.0,percent,65,4
2026-04-06,s0213,tech,테크,필립스,브랜드,70.0,percent,38,2
2026-04-07,s0213,tech,테크,필립스,브랜드,70.0,percent,32,1
2026-04-08,s0213,tech,테크,필립스,브랜드,70.0,percent,38,1
2026-04-09,s0213,tech,테크,필립스,브랜드,70.0,percent,25,1
2026-04-10,s0213,tech,테크,필립스,브랜드,70.0,percent,59,3
2026-04-11,s0213,tech,테크,필립스,브랜드,70.0,percent,42,2
2026-04-03,s0215,beauty,뷰티,Clio,브랜드,40.0,percent,150,11
2026-04-04,s0215,beauty,뷰티,Clio,브랜드,40.0,percent,81,5
2026-04-05,s0215,beauty,뷰티,Clio,브랜드,40.0,percent,77,6
2026-04-06,s0215,beauty,뷰티,Clio,브랜드,40.0,percent,39,2
2026-04-07,s0215,beauty,뷰티,Clio,브랜드,40.0,percent,33,2
2026-04-08,s0215,beauty,뷰티,Clio,브랜드,40.0,percent,36,3
2026-04-09,s0215,beauty,뷰티,Clio,브랜드,40.0,percent,34,3
2026-04-10,s0215,beauty,뷰티,Clio,브랜드,40.0,percent,36,3
2026-04-11,s0215,beauty,뷰티,Clio,브랜드,40.0,percent,59,4
2026-04-12,s0215,beauty,뷰티,Clio,브랜드,40.0,percent,64,3
2026-04-13,s0215,beauty,뷰티,Clio,브랜드,40.0,percent,45,3
2026-04-14,s0215,beauty,뷰티,Clio,브랜드,40.0,percent,19,1
2026-04-15,s0215,beauty,뷰티,Clio,브랜드,40.0,percent,31,2
2026-04-16,s0215,beauty,뷰티,Clio,브랜드,40.0,percent,31,2
2026-04-17,s0215,beauty,뷰티,Clio,브랜드,40.0,percent,69,4
2026-04-18,s0215,beauty,뷰티,Clio,브랜드,40.0,percent,46,3
2026-04-03,s0214,beauty,뷰티,아누아,브랜드,25.0,percent,92,6
2026-04-04,s0214,beauty,뷰티,아누아,브랜드,25.0,percent,59,3
2026-04-05,s0214,beauty,뷰티,아누아,브랜드,25.0,percent,59,4
2026-04-06,s0214,beauty,뷰티,아누아,브랜드,25.0,percent,30,2
2026-04-07,s0214,beauty,뷰티,아누아,브랜드,25.0,percent,43,4
2026-04-08,s0214,beauty,뷰티,아누아,브랜드,25.0,percent,67,5
2026-04-09,s0214,beauty,뷰티,아누아,브랜드,25.0,percent,31,2
2026-04-10,s0214,beauty,뷰티,아누아,브랜드,25.0,percent,42,3
2026-04-11,s0214,beauty,뷰티,아누아,브랜드,25.0,percent,37,2
2026-04-12,s0214,beauty,뷰티,아누아,브랜드,25.0,percent,36,2
2026-04-13,s0214,beauty,뷰티,아누아,브랜드,25.0,percent,32,3
2026-04-14,s0214,beauty,뷰티,아누아,브랜드,25.0,percent,56,3
2026-04-15,s0214,beauty,뷰티,아누아,브랜드,25.0,percent,48,3
2026-04-16,s0214,beauty,뷰티,아누아,브랜드,25.0,percent,55,4
2026-04-17,s0214,beauty,뷰티,아누아,브랜드,25.0,percent,51,3
2026-04-18,s0214,beauty,뷰티,아누아,브랜드,25.0,percent,39,2
2026-04-19,s0214,beauty,뷰티,아누아,브랜드,25.0,percent,34,2
2026-04-20,s0214,beauty,뷰티,아누아,브랜드,25.0,percent,22,1
2026-04-21,s0214,beauty,뷰티,아누아,브랜드,25.0,percent,11,1
2026-04-22,s0214,beauty,뷰티,아누아,브랜드,25.0,percent,25,2
2026-04-23,s0214,beauty,뷰티,아누아,브랜드,25.0,percent,48,4
2026-04-24,s0214,beauty,뷰티,아누아,브랜드,25.0,percent,58,5
2026-04-25,s0214,beauty,뷰티,아누아,브랜드,25.0,percent,95,6
2026-04-26,s0214,beauty,뷰티,아누아,브랜드,25.0,percent,41,3
2026-04-27,s0214,beauty,뷰티,아누아,브랜드,25.0,percent,18,1
2026-04-28,s0214,beauty,뷰티,아누아,브랜드,25.0,percent,42,4
2026-04-29,s0214,beauty,뷰티,아누아,브랜드,25.0,percent,33,3
2026-04-30,s0214,beauty,뷰티,아누아,브랜드,25.0,percent,57,4
2026-05-01,s0214,beauty,뷰티,아누아,브랜드,25.0,percent,61,3
2026-05-02,s0214,beauty,뷰티,아누아,브랜드,25.0,percent,35,2
2026-05-03,s0214,beauty,뷰티,아누아,브랜드,25.0,percent,26,2
2026-04-04,s0216,delivery,딜리버리,굽네치킨,소상공인,30.0,percent,58,4
2026-04-05,s0216,delivery,딜리버리,굽네치킨,소상공인,30.0,percent,54,3
2026-04-06,s0216,delivery,딜리버리,굽네치킨,소상공인,30.0,percent,36,2
2026-04-07,s0216,delivery,딜리버리,굽네치킨,소상공인,30.0,percent,33,2
2026-04-08,s0216,delivery,딜리버리,굽네치킨,소상공인,30.0,percent,44,3
2026-04-09,s0216,delivery,딜리버리,굽네치킨,소상공인,30.0,percent,30,1
2026-04-10,s0216,delivery,딜리버리,굽네치킨,소상공인,30.0,percent,38,1
2026-04-11,s0216,delivery,딜리버리,굽네치킨,소상공인,30.0,percent,25,2
2026-04-12,s0216,delivery,딜리버리,굽네치킨,소상공인,30.0,percent,28,1
2026-04-13,s0216,delivery,딜리버리,굽네치킨,소상공인,30.0,percent,19,1
2026-04-14,s0216,delivery,딜리버리,굽네치킨,소상공인,30.0,percent,13,0
2026-04-05,s0217,tech,테크,Samsung,브랜드,15.0,percent,56,2
2026-04-06,s0217,tech,테크,Samsung,브랜드,15.0,percent,24,1
2026-04-07,s0217,tech,테크,Samsung,브랜드,15.0,percent,28,1
2026-04-08,s0217,tech,테크,Samsung,브랜드,15.0,percent,32,1
2026-04-09,s0217,tech,테크,Samsung,브랜드,15.0,percent,48,3
2026-04-10,s0217,tech,테크,Samsung,브랜드,15.0,percent,24,1
2026-04-11,s0217,tech,테크,Samsung,브랜드,15.0,percent,36,2
2026-04-12,s0217,tech,테크,Samsung,브랜드,15.0,percent,25,1
2026-04-13,s0217,tech,테크,Samsung,브랜드,15.0,percent,12,0
2026-04-14,s0217,tech,테크,Samsung,브랜드,15.0,percent,32,2
2026-04-15,s0217,tech,테크,Samsung,브랜드,15.0,percent,21,1
2026-04-16,s0217,tech,테크,Samsung,브랜드,15.0,percent,24,1
2026-04-17,s0217,tech,테크,Samsung,브랜드,15.0,percent,42,2
2026-04-18,s0217,tech,테크,Samsung,브랜드,15.0,percent,23,1
2026-04-19,s0217,tech,테크,Samsung,브랜드,15.0,percent,16,1
2026-04-20,s0217,tech,테크,Samsung,브랜드,15.0,percent,13,1
2026-04-05,s0218,living,리빙,코웨이,브랜드,55.0,percent,63,2
2026-04-06,s0218,living,리빙,코웨이,브랜드,55.0,percent,91,3
2026-04-07,s0218,living,리빙,코웨이,브랜드,55.0,percent,102,5
2026-04-08,s0218,living,리빙,코웨이,브랜드,55.0,percent,50,2
2026-04-09,s0218,living,리빙,코웨이,브랜드,55.0,percent,58,2
2026-04-10,s0218,living,리빙,코웨이,브랜드,55.0,percent,71,3
2026-04-11,s0218,living,리빙,코웨이,브랜드,55.0,percent,101,4
2026-04-12,s0218,living,리빙,코웨이,브랜드,55.0,percent,94,3
2026-04-13,s0218,living,리빙,코웨이,브랜드,55.0,percent,17,1
2026-04-14,s0218,living,리빙,코웨이,브랜드,55.0,percent,24,1
2026-04-15,s0218,living,리빙,코웨이,브랜드,55.0,percent,30,1
2026-04-16,s0218,living,리빙,코웨이,브랜드,55.0,percent,24,1
2026-04-17,s0218,living,리빙,코웨이,브랜드,55.0,percent,33,2
2026-04-18,s0218,living,리빙,코웨이,브랜드,55.0,percent,49,2
2026-04-19,s0218,living,리빙,코웨이,브랜드,55.0,percent,18,1
2026-04-06,s0219,beauty,뷰티,토니모리,브랜드,25.0,percent,84,6
2026-04-07,s0219,beauty,뷰티,토니모리,브랜드,25.0,percent,83,6
2026-04-08,s0219,beauty,뷰티,토니모리,브랜드,25.0,percent,56,4
2026-04-09,s0219,beauty,뷰티,토니모리,브랜드,25.0,percent,23,2
2026-04-10,s0219,beauty,뷰티,토니모리,브랜드,25.0,percent,50,3
2026-04-11,s0219,beauty,뷰티,토니모리,브랜드,25.0,percent,68,5
2026-04-12,s0219,beauty,뷰티,토니모리,브랜드,25.0,percent,75,6
2026-04-13,s0219,beauty,뷰티,토니모리,브랜드,25.0,percent,48,3
2026-04-14,s0219,beauty,뷰티,토니모리,브랜드,25.0,percent,30,2
2026-04-15,s0219,beauty,뷰티,토니모리,브랜드,25.0,percent,26,2
2026-04-16,s0219,beauty,뷰티,토니모리,브랜드,25.0,percent,32,3
2026-04-17,s0219,beauty,뷰티,토니모리,브랜드,25.0,percent,21,2
2026-04-18,s0219,beauty,뷰티,토니모리,브랜드,25.0,percent,36,2
2026-04-19,s0219,beauty,뷰티,토니모리,브랜드,25.0,percent,62,5
2026-04-20,s0219,beauty,뷰티,토니모리,브랜드,25.0,percent,28,2
2026-04-07,s0220,delivery,딜리버리,bhc치킨,소상공인,,bundle,61,3
2026-04-08,s0220,delivery,딜리버리,bhc치킨,소상공인,,bundle,31,2
2026-04-09,s0220,delivery,딜리버리,bhc치킨,소상공인,,bundle,65,3
2026-04-10,s0220,delivery,딜리버리,bhc치킨,소상공인,,bundle,46,3
2026-04-11,s0220,delivery,딜리버리,bhc치킨,소상공인,,bundle,58,3
2026-04-12,s0220,delivery,딜리버리,bhc치킨,소상공인,,bundle,53,3
2026-04-13,s0220,delivery,딜리버리,bhc치킨,소상공인,,bundle,41,2
2026-04-14,s0220,delivery,딜리버리,bhc치킨,소상공인,,bundle,27,2
2026-04-15,s0220,delivery,딜리버리,bhc치킨,소상공인,,bundle,25,1
2026-04-16,s0220,delivery,딜리버리,bhc치킨,소상공인,,bundle,18,1
2026-04-17,s0220,delivery,딜리버리,bhc치킨,소상공인,,bundle,19,1
2026-04-18,s0220,delivery,딜리버리,bhc치킨,소상공인,,bundle,37,2
2026-04-19,s0220,delivery,딜리버리,bhc치킨,소상공인,,bundle,36,2
2026-04-20,s0220,delivery,딜리버리,bhc치킨,소상공인,,bundle,27,1
2026-04-21,s0220,delivery,딜리버리,bhc치킨,소상공인,,bundle,16,1
2026-04-22,s0220,delivery,딜리버리,bhc치킨,소상공인,,bundle,18,1
2026-04-23,s0220,delivery,딜리버리,bhc치킨,소상공인,,bundle,24,1
2026-04-24,s0220,delivery,딜리버리,bhc치킨,소상공인,,bundle,24,1
2026-04-25,s0220,delivery,딜리버리,bhc치킨,소상공인,,bundle,77,3
2026-04-26,s0220,delivery,딜리버리,bhc치킨,소상공인,,bundle,24,1
2026-04-27,s0220,delivery,딜리버리,bhc치킨,소상공인,,bundle,25,1
2026-04-28,s0220,delivery,딜리버리,bhc치킨,소상공인,,bundle,27,1
2026-04-29,s0220,delivery,딜리버리,bhc치킨,소상공인,,bundle,29,1
2026-04-30,s0220,delivery,딜리버리,bhc치킨,소상공인,,bundle,19,1
2026-05-01,s0220,delivery,딜리버리,bhc치킨,소상공인,,bundle,33,2
2026-05-02,s0220,delivery,딜리버리,bhc치킨,소상공인,,bundle,37,2
2026-05-03,s0220,delivery,딜리버리,bhc치킨,소상공인,,bundle,36,1
2026-05-04,s0220,delivery,딜리버리,bhc치킨,소상공인,,bundle,22,1
2026-05-05,s0220,delivery,딜리버리,bhc치킨,소상공인,,bundle,27,1
2026-05-06,s0220,delivery,딜리버리,bhc치킨,소상공인,,bundle,23,1
2026-05-07,s0220,delivery,딜리버리,bhc치킨,소상공인,,bundle,14,1
2026-04-08,s0221,tech,테크,로지텍,브랜드,,other,58,3
2026-04-09,s0221,tech,테크,로지텍,브랜드,,other,55,3
2026-04-10,s0221,tech,테크,로지텍,브랜드,,other,67,3
2026-04-11,s0221,tech,테크,로지텍,브랜드,,other,57,2
2026-04-12,s0221,tech,테크,로지텍,브랜드,,other,84,3
2026-04-13,s0221,tech,테크,로지텍,브랜드,,other,29,1
2026-04-14,s0221,tech,테크,로지텍,브랜드,,other,22,1
2026-04-15,s0221,tech,테크,로지텍,브랜드,,other,42,2
2026-04-16,s0221,tech,테크,로지텍,브랜드,,other,25,1
2026-04-17,s0221,tech,테크,로지텍,브랜드,,other,31,1
2026-04-18,s0221,tech,테크,로지텍,브랜드,,other,38,2
2026-04-11,s0222,living,리빙,코웨이,브랜드,,bundle,93,5
2026-04-12,s0222,living,리빙,코웨이,브랜드,,bundle,84,3
2026-04-13,s0222,living,리빙,코웨이,브랜드,,bundle,55,2
2026-04-14,s0222,living,리빙,코웨이,브랜드,,bundle,29,2
2026-04-15,s0222,living,리빙,코웨이,브랜드,,bundle,23,1
2026-04-16,s0222,living,리빙,코웨이,브랜드,,bundle,24,1
2026-04-17,s0222,living,리빙,코웨이,브랜드,,bundle,58,3
2026-04-18,s0222,living,리빙,코웨이,브랜드,,bundle,38,1
2026-04-19,s0222,living,리빙,코웨이,브랜드,,bundle,48,2
2026-04-20,s0222,living,리빙,코웨이,브랜드,,bundle,32,1
2026-04-21,s0222,living,리빙,코웨이,브랜드,,bundle,23,1
2026-04-11,s0223,stay,스테이,Agoda,브랜드,30.0,percent,57,2
2026-04-12,s0223,stay,스테이,Agoda,브랜드,30.0,percent,78,3
2026-04-13,s0223,stay,스테이,Agoda,브랜드,30.0,percent,38,1
2026-04-14,s0223,stay,스테이,Agoda,브랜드,30.0,percent,21,1
2026-04-15,s0223,stay,스테이,Agoda,브랜드,30.0,percent,26,1
2026-04-16,s0223,stay,스테이,Agoda,브랜드,30.0,percent,17,1
2026-04-17,s0223,stay,스테이,Agoda,브랜드,30.0,percent,29,1
2026-04-18,s0223,stay,스테이,Agoda,브랜드,30.0,percent,27,1
2026-04-19,s0223,stay,스테이,Agoda,브랜드,30.0,percent,33,1
2026-04-20,s0223,stay,스테이,Agoda,브랜드,30.0,percent,21,1
2026-04-21,s0223,stay,스테이,Agoda,브랜드,30.0,percent,19,1
2026-04-11,s0224,stay,스테이,여기어때,브랜드,60.0,percent,102,5
2026-04-12,s0224,stay,스테이,여기어때,브랜드,60.0,percent,94,4
2026-04-13,s0224,stay,스테이,여기어때,브랜드,60.0,percent,68,3
2026-04-14,s0224,stay,스테이,여기어때,브랜드,60.0,percent,60,2
2026-04-15,s0224,stay,스테이,여기어때,브랜드,60.0,percent,31,1
2026-04-16,s0224,stay,스테이,여기어때,브랜드,60.0,percent,57,2
2026-04-17,s0224,stay,스테이,여기어때,브랜드,60.0,percent,43,2
2026-04-18,s0224,stay,스테이,여기어때,브랜드,60.0,percent,42,1
2026-04-19,s0224,stay,스테이,여기어때,브랜드,60.0,percent,30,1
2026-04-20,s0224,stay,스테이,여기어때,브랜드,60.0,percent,13,1
2026-04-21,s0224,stay,스테이,여기어때,브랜드,60.0,percent,31,2
2026-04-22,s0224,stay,스테이,여기어때,브랜드,60.0,percent,31,1
2026-04-23,s0224,stay,스테이,여기어때,브랜드,60.0,percent,23,1
2026-04-24,s0224,stay,스테이,여기어때,브랜드,60.0,percent,28,1
2026-04-25,s0224,stay,스테이,여기어때,브랜드,60.0,percent,37,1
2026-04-26,s0224,stay,스테이,여기어때,브랜드,60.0,percent,31,1
2026-04-27,s0224,stay,스테이,여기어때,브랜드,60.0,percent,19,1
2026-04-28,s0224,stay,스테이,여기어때,브랜드,60.0,percent,16,1
2026-04-29,s0224,stay,스테이,여기어때,브랜드,60.0,percent,37,2
2026-04-30,s0224,stay,스테이,여기어때,브랜드,60.0,percent,22,1
2026-05-01,s0224,stay,스테이,여기어때,브랜드,60.0,percent,36,2
2026-04-16,s0225,fashion,패션,스파오,브랜드,45.0,percent,111,5
2026-04-17,s0225,fashion,패션,스파오,브랜드,45.0,percent,110,6
2026-04-18,s0225,fashion,패션,스파오,브랜드,45.0,percent,121,8
2026-04-19,s0225,fashion,패션,스파오,브랜드,45.0,percent,92,6
2026-04-20,s0225,fashion,패션,스파오,브랜드,45.0,percent,41,2
2026-04-21,s0225,fashion,패션,스파오,브랜드,45.0,percent,40,2
2026-04-22,s0225,fashion,패션,스파오,브랜드,45.0,percent,65,3
2026-04-23,s0225,fashion,패션,스파오,브랜드,45.0,percent,37,3
2026-04-24,s0225,fashion,패션,스파오,브랜드,45.0,percent,50,2
2026-04-25,s0225,fashion,패션,스파오,브랜드,45.0,percent,67,4
2026-04-26,s0225,fashion,패션,스파오,브랜드,45.0,percent,85,4
2026-04-27,s0225,fashion,패션,스파오,브랜드,45.0,percent,50,3
2026-04-28,s0225,fashion,패션,스파오,브랜드,45.0,percent,24,1
2026-04-29,s0225,fashion,패션,스파오,브랜드,45.0,percent,38,2
2026-04-30,s0225,fashion,패션,스파오,브랜드,45.0,percent,38,2
2026-05-01,s0225,fashion,패션,스파오,브랜드,45.0,percent,38,2
2026-05-02,s0225,fashion,패션,스파오,브랜드,45.0,percent,50,3
2026-04-17,s0226,tech,테크,Logitech,소상공인,15.0,percent,40,2
2026-04-18,s0226,tech,테크,Logitech,소상공인,15.0,percent,48,2
2026-04-19,s0226,tech,테크,Logitech,소상공인,15.0,percent,35,1
2026-04-20,s0226,tech,테크,Logitech,소상공인,15.0,percent,14,1
2026-04-21,s0226,tech,테크,Logitech,소상공인,15.0,percent,23,1
2026-04-22,s0226,tech,테크,Logitech,소상공인,15.0,percent,19,1
2026-04-23,s0226,tech,테크,Logitech,소상공인,15.0,percent,37,2
2026-04-24,s0226,tech,테크,Logitech,소상공인,15.0,percent,25,1
2026-04-25,s0226,tech,테크,Logitech,소상공인,15.0,percent,26,1
2026-04-26,s0226,tech,테크,Logitech,소상공인,15.0,percent,22,1
2026-04-27,s0226,tech,테크,Logitech,소상공인,15.0,percent,15,1
2026-04-28,s0226,tech,테크,Logitech,소상공인,15.0,percent,10,1
2026-04-29,s0226,tech,테크,Logitech,소상공인,15.0,percent,21,1
2026-04-30,s0226,tech,테크,Logitech,소상공인,15.0,percent,26,1
2026-05-01,s0226,tech,테크,Logitech,소상공인,15.0,percent,16,1
2026-05-02,s0226,tech,테크,Logitech,소상공인,15.0,percent,33,1
2026-05-03,s0226,tech,테크,Logitech,소상공인,15.0,percent,49,2
2026-04-18,s0227,delivery,딜리버리,전주맛배달,브랜드,40.0,percent,220,8
2026-04-19,s0227,delivery,딜리버리,전주맛배달,브랜드,40.0,percent,140,6
2026-04-20,s0227,delivery,딜리버리,전주맛배달,브랜드,40.0,percent,39,2
2026-04-21,s0227,delivery,딜리버리,전주맛배달,브랜드,40.0,percent,32,1
2026-04-22,s0227,delivery,딜리버리,전주맛배달,브랜드,40.0,percent,56,3
2026-04-23,s0227,delivery,딜리버리,전주맛배달,브랜드,40.0,percent,44,2
2026-04-24,s0227,delivery,딜리버리,전주맛배달,브랜드,40.0,percent,25,1
2026-04-25,s0227,delivery,딜리버리,전주맛배달,브랜드,40.0,percent,47,2
2026-04-26,s0227,delivery,딜리버리,전주맛배달,브랜드,40.0,percent,58,4
2026-04-27,s0227,delivery,딜리버리,전주맛배달,브랜드,40.0,percent,31,2
2026-04-28,s0227,delivery,딜리버리,전주맛배달,브랜드,40.0,percent,30,1
2026-04-29,s0227,delivery,딜리버리,전주맛배달,브랜드,40.0,percent,21,1
2026-04-30,s0227,delivery,딜리버리,전주맛배달,브랜드,40.0,percent,27,2
2026-05-01,s0227,delivery,딜리버리,전주맛배달,브랜드,40.0,percent,47,2
2026-05-02,s0227,delivery,딜리버리,전주맛배달,브랜드,40.0,percent,37,1
2026-05-03,s0227,delivery,딜리버리,전주맛배달,브랜드,40.0,percent,61,2
2026-05-04,s0227,delivery,딜리버리,전주맛배달,브랜드,40.0,percent,29,2
2026-04-19,s0230,popup,팝업,무신사 스탠다드,브랜드,,bundle,136,8
2026-04-20,s0230,popup,팝업,무신사 스탠다드,브랜드,,bundle,90,8
2026-04-21,s0230,popup,팝업,무신사 스탠다드,브랜드,,bundle,73,5
2026-04-22,s0230,popup,팝업,무신사 스탠다드,브랜드,,bundle,41,4
2026-04-23,s0230,popup,팝업,무신사 스탠다드,브랜드,,bundle,41,3
2026-04-24,s0230,popup,팝업,무신사 스탠다드,브랜드,,bundle,31,2
2026-04-25,s0230,popup,팝업,무신사 스탠다드,브랜드,,bundle,59,5
2026-04-26,s0230,popup,팝업,무신사 스탠다드,브랜드,,bundle,42,3
2026-04-27,s0230,popup,팝업,무신사 스탠다드,브랜드,,bundle,33,3
2026-04-28,s0230,popup,팝업,무신사 스탠다드,브랜드,,bundle,33,3
2026-04-29,s0230,popup,팝업,무신사 스탠다드,브랜드,,bundle,38,2
2026-04-30,s0230,popup,팝업,무신사 스탠다드,브랜드,,bundle,35,3
2026-05-01,s0230,popup,팝업,무신사 스탠다드,브랜드,,bundle,41,2
2026-05-02,s0230,popup,팝업,무신사 스탠다드,브랜드,,bundle,57,4
2026-05-03,s0230,popup,팝업,무신사 스탠다드,브랜드,,bundle,45,3
2026-04-19,s0228,tech,테크,소니,브랜드,15.0,percent,87,4
2026-04-20,s0228,tech,테크,소니,브랜드,15.0,percent,39,1
2026-04-21,s0228,tech,테크,소니,브랜드,15.0,percent,55,3
2026-04-22,s0228,tech,테크,소니,브랜드,15.0,percent,22,1
2026-04-23,s0228,tech,테크,소니,브랜드,15.0,percent,26,1
2026-04-24,s0228,tech,테크,소니,브랜드,15.0,percent,26,1
2026-04-25,s0228,tech,테크,소니,브랜드,15.0,percent,38,2
2026-04-26,s0228,tech,테크,소니,브랜드,15.0,percent,22,1
2026-04-27,s0228,tech,테크,소니,브랜드,15.0,percent,29,2
2026-04-28,s0228,tech,테크,소니,브랜드,15.0,percent,12,1
2026-04-29,s0228,tech,테크,소니,브랜드,15.0,percent,15,1
2026-04-19,s0229,fashion,패션,챔피온,브랜드,50.0,percent,79,5
2026-04-20,s0229,fashion,패션,챔피온,브랜드,50.0,percent,72,4
2026-04-21,s0229,fashion,패션,챔피온,브랜드,50.0,percent,67,4
2026-04-22,s0229,fashion,패션,챔피온,브랜드,50.0,percent,36,2
2026-04-23,s0229,fashion,패션,챔피온,브랜드,50.0,percent,50,3
2026-04-24,s0229,fashion,패션,챔피온,브랜드,50.0,percent,90,4
2026-04-25,s0229,fashion,패션,챔피온,브랜드,50.0,percent,108,7
2026-04-26,s0229,fashion,패션,챔피온,브랜드,50.0,percent,76,4
2026-04-27,s0229,fashion,패션,챔피온,브랜드,50.0,percent,19,1
2026-04-28,s0229,fashion,패션,챔피온,브랜드,50.0,percent,38,2
2026-04-29,s0229,fashion,패션,챔피온,브랜드,50.0,percent,56,4
2026-04-30,s0229,fashion,패션,챔피온,브랜드,50.0,percent,33,1
2026-05-01,s0229,fashion,패션,챔피온,브랜드,50.0,percent,31,2
2026-05-02,s0229,fashion,패션,챔피온,브랜드,50.0,percent,76,5
2026-05-03,s0229,fashion,패션,챔피온,브랜드,50.0,percent,74,3
2026-04-20,s0231,beauty,뷰티,The Face Shop,브랜드,,bundle,77,5
2026-04-21,s0231,beauty,뷰티,The Face Shop,브랜드,,bundle,42,3
2026-04-22,s0231,beauty,뷰티,The Face Shop,브랜드,,bundle,34,2
2026-04-23,s0231,beauty,뷰티,The Face Shop,브랜드,,bundle,61,4
2026-04-24,s0231,beauty,뷰티,The Face Shop,브랜드,,bundle,48,3
2026-04-25,s0231,beauty,뷰티,The Face Shop,브랜드,,bundle,62,3
2026-04-26,s0231,beauty,뷰티,The Face Shop,브랜드,,bundle,52,3
2026-04-27,s0231,beauty,뷰티,The Face Shop,브랜드,,bundle,28,2
2026-04-28,s0231,beauty,뷰티,The Face Shop,브랜드,,bundle,19,1
2026-04-29,s0231,beauty,뷰티,The Face Shop,브랜드,,bundle,29,2
2026-04-30,s0231,beauty,뷰티,The Face Shop,브랜드,,bundle,36,3
2026-05-01,s0231,beauty,뷰티,The Face Shop,브랜드,,bundle,43,2
2026-05-02,s0231,beauty,뷰티,The Face Shop,브랜드,,bundle,37,2
2026-05-03,s0231,beauty,뷰티,The Face Shop,브랜드,,bundle,65,5
2026-05-04,s0231,beauty,뷰티,The Face Shop,브랜드,,bundle,21,1
2026-05-05,s0231,beauty,뷰티,The Face Shop,브랜드,,bundle,12,1
2026-05-06,s0231,beauty,뷰티,The Face Shop,브랜드,,bundle,41,3
2026-05-07,s0231,beauty,뷰티,The Face Shop,브랜드,,bundle,32,3
2026-05-08,s0231,beauty,뷰티,The Face Shop,브랜드,,bundle,32,3
2026-05-09,s0231,beauty,뷰티,The Face Shop,브랜드,,bundle,51,3
2026-05-10,s0231,beauty,뷰티,The Face Shop,브랜드,,bundle,37,2
2026-04-21,s0232,living,리빙,무인양품,브랜드,60.0,percent,44,2
2026-04-22,s0232,living,리빙,무인양품,브랜드,60.0,percent,41,2
2026-04-23,s0232,living,리빙,무인양품,브랜드,60.0,percent,40,2
2026-04-24,s0232,living,리빙,무인양품,브랜드,60.0,percent,57,2
2026-04-25,s0232,living,리빙,무인양품,브랜드,60.0,percent,56,3
2026-04-26,s0232,living,리빙,무인양품,브랜드,60.0,percent,78,3
2026-04-27,s0232,living,리빙,무인양품,브랜드,60.0,percent,31,1
2026-04-28,s0232,living,리빙,무인양품,브랜드,60.0,percent,27,1
2026-04-29,s0232,living,리빙,무인양품,브랜드,60.0,percent,26,1
2026-04-30,s0232,living,리빙,무인양품,브랜드,60.0,percent,26,1
2026-05-01,s0232,living,리빙,무인양품,브랜드,60.0,percent,30,1
2026-05-02,s0232,living,리빙,무인양품,브랜드,60.0,percent,30,1
2026-05-03,s0232,living,리빙,무인양품,브랜드,60.0,percent,44,2
2026-05-04,s0232,living,리빙,무인양품,브랜드,60.0,percent,28,1
2026-05-05,s0232,living,리빙,무인양품,브랜드,60.0,percent,26,1
2026-05-06,s0232,living,리빙,무인양품,브랜드,60.0,percent,17,1
2026-05-07,s0232,living,리빙,무인양품,브랜드,60.0,percent,34,1
2026-04-22,s0233,beauty,뷰티,아누아,브랜드,,bundle,91,6
2026-04-23,s0233,beauty,뷰티,아누아,브랜드,,bundle,118,7
2026-04-24,s0233,beauty,뷰티,아누아,브랜드,,bundle,86,6
2026-04-25,s0233,beauty,뷰티,아누아,브랜드,,bundle,140,11
2026-04-26,s0233,beauty,뷰티,아누아,브랜드,,bundle,51,3
2026-04-27,s0233,beauty,뷰티,아누아,브랜드,,bundle,73,3
2026-04-28,s0233,beauty,뷰티,아누아,브랜드,,bundle,43,3
2026-04-29,s0233,beauty,뷰티,아누아,브랜드,,bundle,41,2
2026-04-30,s0233,beauty,뷰티,아누아,브랜드,,bundle,35,2
2026-05-01,s0233,beauty,뷰티,아누아,브랜드,,bundle,37,3
2026-05-02,s0233,beauty,뷰티,아누아,브랜드,,bundle,40,2
2026-05-03,s0233,beauty,뷰티,아누아,브랜드,,bundle,77,6
2026-05-04,s0233,beauty,뷰티,아누아,브랜드,,bundle,29,2
2026-05-05,s0233,beauty,뷰티,아누아,브랜드,,bundle,34,2
2026-05-06,s0233,beauty,뷰티,아누아,브랜드,,bundle,38,2
2026-05-07,s0233,beauty,뷰티,아누아,브랜드,,bundle,40,3
2026-04-22,s0234,living,리빙,이케아,브랜드,45.0,percent,69,4
2026-04-23,s0234,living,리빙,이케아,브랜드,45.0,percent,101,5
2026-04-24,s0234,living,리빙,이케아,브랜드,45.0,percent,72,3
2026-04-25,s0234,living,리빙,이케아,브랜드,45.0,percent,53,3
2026-04-26,s0234,living,리빙,이케아,브랜드,45.0,percent,48,3
2026-04-27,s0234,living,리빙,이케아,브랜드,45.0,percent,22,1
2026-04-28,s0234,living,리빙,이케아,브랜드,45.0,percent,35,1
2026-04-29,s0234,living,리빙,이케아,브랜드,45.0,percent,38,2
2026-04-30,s0234,living,리빙,이케아,브랜드,45.0,percent,39,2
2026-05-01,s0234,living,리빙,이케아,브랜드,45.0,percent,43,2
2026-05-02,s0234,living,리빙,이케아,브랜드,45.0,percent,39,2
2026-05-03,s0234,living,리빙,이케아,브랜드,45.0,percent,37,2
2026-05-04,s0234,living,리빙,이케아,브랜드,45.0,percent,26,2
2026-05-05,s0234,living,리빙,이케아,브랜드,45.0,percent,34,1
2026-05-06,s0234,living,리빙,이케아,브랜드,45.0,percent,14,0
2026-05-07,s0234,living,리빙,이케아,브랜드,45.0,percent,23,1
2026-04-23,s0235,food,푸드,이마트에브리데이,브랜드,20.0,percent,59,4
2026-04-24,s0235,food,푸드,이마트에브리데이,브랜드,20.0,percent,172,11
2026-04-25,s0235,food,푸드,이마트에브리데이,브랜드,20.0,percent,132,11
2026-04-26,s0235,food,푸드,이마트에브리데이,브랜드,20.0,percent,63,5
2026-04-27,s0235,food,푸드,이마트에브리데이,브랜드,20.0,percent,30,2
2026-04-28,s0235,food,푸드,이마트에브리데이,브랜드,20.0,percent,28,2
2026-04-29,s0235,food,푸드,이마트에브리데이,브랜드,20.0,percent,55,4
2026-04-30,s0235,food,푸드,이마트에브리데이,브랜드,20.0,percent,24,2
2026-05-01,s0235,food,푸드,이마트에브리데이,브랜드,20.0,percent,45,3
2026-05-02,s0235,food,푸드,이마트에브리데이,브랜드,20.0,percent,67,5
2026-05-03,s0235,food,푸드,이마트에브리데이,브랜드,20.0,percent,30,2
2026-04-25,s0236,delivery,딜리버리,Mister Pizza,브랜드,25.0,percent,95,4
2026-04-26,s0236,delivery,딜리버리,Mister Pizza,브랜드,25.0,percent,66,3
2026-04-27,s0236,delivery,딜리버리,Mister Pizza,브랜드,25.0,percent,40,2
2026-04-28,s0236,delivery,딜리버리,Mister Pizza,브랜드,25.0,percent,32,1
2026-04-29,s0236,delivery,딜리버리,Mister Pizza,브랜드,25.0,percent,51,3
2026-04-30,s0236,delivery,딜리버리,Mister Pizza,브랜드,25.0,percent,60,4
2026-05-01,s0236,delivery,딜리버리,Mister Pizza,브랜드,25.0,percent,38,1
2026-05-02,s0236,delivery,딜리버리,Mister Pizza,브랜드,25.0,percent,51,3
2026-05-03,s0236,delivery,딜리버리,Mister Pizza,브랜드,25.0,percent,40,2
2026-05-04,s0236,delivery,딜리버리,Mister Pizza,브랜드,25.0,percent,15,1
2026-05-05,s0236,delivery,딜리버리,Mister Pizza,브랜드,25.0,percent,23,1
2026-05-06,s0236,delivery,딜리버리,Mister Pizza,브랜드,25.0,percent,14,1
2026-05-07,s0236,delivery,딜리버리,Mister Pizza,브랜드,25.0,percent,23,1
2026-05-08,s0236,delivery,딜리버리,Mister Pizza,브랜드,25.0,percent,32,2
2026-05-09,s0236,delivery,딜리버리,Mister Pizza,브랜드,25.0,percent,47,3
2026-05-10,s0236,delivery,딜리버리,Mister Pizza,브랜드,25.0,percent,37,2
2026-05-11,s0236,delivery,딜리버리,Mister Pizza,브랜드,25.0,percent,33,2
2026-04-25,s0237,stay,스테이,부킹닷컴,브랜드,35.0,percent,59,2
2026-04-26,s0237,stay,스테이,부킹닷컴,브랜드,35.0,percent,97,4
2026-04-27,s0237,stay,스테이,부킹닷컴,브랜드,35.0,percent,64,2
2026-04-28,s0237,stay,스테이,부킹닷컴,브랜드,35.0,percent,17,1
2026-04-29,s0237,stay,스테이,부킹닷컴,브랜드,35.0,percent,19,1
2026-04-30,s0237,stay,스테이,부킹닷컴,브랜드,35.0,percent,30,1
2026-05-01,s0237,stay,스테이,부킹닷컴,브랜드,35.0,percent,28,1
2026-05-02,s0237,stay,스테이,부킹닷컴,브랜드,35.0,percent,33,1
2026-05-03,s0237,stay,스테이,부킹닷컴,브랜드,35.0,percent,36,1
2026-05-04,s0237,stay,스테이,부킹닷컴,브랜드,35.0,percent,32,1
2026-05-05,s0237,stay,스테이,부킹닷컴,브랜드,35.0,percent,15,1
2026-05-06,s0237,stay,스테이,부킹닷컴,브랜드,35.0,percent,31,1
2026-05-07,s0237,stay,스테이,부킹닷컴,브랜드,35.0,percent,17,1
2026-05-08,s0237,stay,스테이,부킹닷컴,브랜드,35.0,percent,56,3
2026-05-09,s0237,stay,스테이,부킹닷컴,브랜드,35.0,percent,47,2
2026-05-10,s0237,stay,스테이,부킹닷컴,브랜드,35.0,percent,23,1
2026-04-27,s0238,fashion,패션,Nike,브랜드,30.0,percent,47,2
2026-04-28,s0238,fashion,패션,Nike,브랜드,30.0,percent,48,3
2026-04-29,s0238,fashion,패션,Nike,브랜드,30.0,percent,43,2
2026-04-30,s0238,fashion,패션,Nike,브랜드,30.0,percent,62,3
2026-05-01,s0238,fashion,패션,Nike,브랜드,30.0,percent,29,2
2026-05-02,s0238,fashion,패션,Nike,브랜드,30.0,percent,36,2
2026-05-03,s0238,fashion,패션,Nike,브랜드,30.0,percent,62,4
2026-05-04,s0238,fashion,패션,Nike,브랜드,30.0,percent,27,1
2026-05-05,s0238,fashion,패션,Nike,브랜드,30.0,percent,27,1
2026-05-06,s0238,fashion,패션,Nike,브랜드,30.0,percent,42,2
2026-05-07,s0238,fashion,패션,Nike,브랜드,30.0,percent,46,2
2026-05-08,s0238,fashion,패션,Nike,브랜드,30.0,percent,58,4
2026-05-09,s0238,fashion,패션,Nike,브랜드,30.0,percent,56,3
2026-05-10,s0238,fashion,패션,Nike,브랜드,30.0,percent,37,2
2026-05-11,s0238,fashion,패션,Nike,브랜드,30.0,percent,26,1
2026-05-12,s0238,fashion,패션,Nike,브랜드,30.0,percent,23,1
2026-05-13,s0238,fashion,패션,Nike,브랜드,30.0,percent,19,1
2026-04-28,s0239,stay,스테이,Agoda,브랜드,40.0,percent,38,1
2026-04-29,s0239,stay,스테이,Agoda,브랜드,40.0,percent,68,3
2026-04-30,s0239,stay,스테이,Agoda,브랜드,40.0,percent,34,2
2026-05-01,s0239,stay,스테이,Agoda,브랜드,40.0,percent,31,1
2026-05-02,s0239,stay,스테이,Agoda,브랜드,40.0,percent,74,3
2026-05-03,s0239,stay,스테이,Agoda,브랜드,40.0,percent,26,1
2026-05-04,s0239,stay,스테이,Agoda,브랜드,40.0,percent,30,1
2026-05-05,s0239,stay,스테이,Agoda,브랜드,40.0,percent,12,1
2026-05-06,s0239,stay,스테이,Agoda,브랜드,40.0,percent,44,2
2026-05-07,s0239,stay,스테이,Agoda,브랜드,40.0,percent,43,2
2026-05-08,s0239,stay,스테이,Agoda,브랜드,40.0,percent,20,1
2026-05-09,s0239,stay,스테이,Agoda,브랜드,40.0,percent,32,2
2026-05-10,s0239,stay,스테이,Agoda,브랜드,40.0,percent,22,1
2026-05-11,s0239,stay,스테이,Agoda,브랜드,40.0,percent,15,0
2026-05-12,s0239,stay,스테이,Agoda,브랜드,40.0,percent,17,0
2026-05-13,s0239,stay,스테이,Agoda,브랜드,40.0,percent,26,1
2026-05-14,s0239,stay,스테이,Agoda,브랜드,40.0,percent,27,1
2026-05-15,s0239,stay,스테이,Agoda,브랜드,40.0,percent,31,1
2026-05-16,s0239,stay,스테이,Agoda,브랜드,40.0,percent,29,1
2026-05-17,s0239,stay,스테이,Agoda,브랜드,40.0,percent,36,1
2026-05-18,s0239,stay,스테이,Agoda,브랜드,40.0,percent,14,0
2026-05-19,s0239,stay,스테이,Agoda,브랜드,40.0,percent,21,1
2026-05-20,s0239,stay,스테이,Agoda,브랜드,40.0,percent,20,1
2026-05-21,s0239,stay,스테이,Agoda,브랜드,40.0,percent,20,1
2026-05-22,s0239,stay,스테이,Agoda,브랜드,40.0,percent,28,1
2026-05-23,s0239,stay,스테이,Agoda,브랜드,40.0,percent,16,1
2026-05-24,s0239,stay,스테이,Agoda,브랜드,40.0,percent,20,1
2026-05-25,s0239,stay,스테이,Agoda,브랜드,40.0,percent,24,1
2026-05-26,s0239,stay,스테이,Agoda,브랜드,40.0,percent,19,1
2026-05-27,s0239,stay,스테이,Agoda,브랜드,40.0,percent,12,0
2026-05-28,s0239,stay,스테이,Agoda,브랜드,40.0,percent,21,1
2026-04-29,s0240,tech,테크,Bose,브랜드,45.0,percent,51,2
2026-04-30,s0240,tech,테크,Bose,브랜드,45.0,percent,81,4
2026-05-01,s0240,tech,테크,Bose,브랜드,45.0,percent,40,1
2026-05-02,s0240,tech,테크,Bose,브랜드,45.0,percent,42,2
2026-05-03,s0240,tech,테크,Bose,브랜드,45.0,percent,58,3
2026-05-04,s0240,tech,테크,Bose,브랜드,45.0,percent,32,2
2026-05-05,s0240,tech,테크,Bose,브랜드,45.0,percent,27,1
2026-05-06,s0240,tech,테크,Bose,브랜드,45.0,percent,63,4
2026-05-07,s0240,tech,테크,Bose,브랜드,45.0,percent,36,2
2026-05-08,s0240,tech,테크,Bose,브랜드,45.0,percent,30,2
2026-05-09,s0240,tech,테크,Bose,브랜드,45.0,percent,23,1
2026-05-10,s0240,tech,테크,Bose,브랜드,45.0,percent,30,2
2026-05-11,s0240,tech,테크,Bose,브랜드,45.0,percent,16,1
2026-05-12,s0240,tech,테크,Bose,브랜드,45.0,percent,17,1
2026-05-13,s0240,tech,테크,Bose,브랜드,45.0,percent,18,1
2026-04-30,s0241,beauty,뷰티,클리오,브랜드,55.0,percent,142,7
2026-05-01,s0241,beauty,뷰티,클리오,브랜드,55.0,percent,65,4
2026-05-02,s0241,beauty,뷰티,클리오,브랜드,55.0,percent,146,10
2026-05-03,s0241,beauty,뷰티,클리오,브랜드,55.0,percent,102,6
2026-05-04,s0241,beauty,뷰티,클리오,브랜드,55.0,percent,66,5
2026-05-05,s0241,beauty,뷰티,클리오,브랜드,55.0,percent,36,2
2026-05-06,s0241,beauty,뷰티,클리오,브랜드,55.0,percent,63,5
2026-05-07,s0241,beauty,뷰티,클리오,브랜드,55.0,percent,19,2
2026-05-08,s0241,beauty,뷰티,클리오,브랜드,55.0,percent,39,3
2026-05-09,s0241,beauty,뷰티,클리오,브랜드,55.0,percent,102,5
2026-05-10,s0241,beauty,뷰티,클리오,브랜드,55.0,percent,80,6
2026-05-11,s0241,beauty,뷰티,클리오,브랜드,55.0,percent,69,4
2026-05-12,s0241,beauty,뷰티,클리오,브랜드,55.0,percent,36,2
2026-05-13,s0241,beauty,뷰티,클리오,브랜드,55.0,percent,35,3
2026-05-14,s0241,beauty,뷰티,클리오,브랜드,55.0,percent,34,2
2026-05-15,s0241,beauty,뷰티,클리오,브랜드,55.0,percent,99,6
2026-05-16,s0241,beauty,뷰티,클리오,브랜드,55.0,percent,67,6
2026-05-01,e070,living,리빙,코웨이,브랜드,30.0,percent,48,2
2026-05-02,e070,living,리빙,코웨이,브랜드,30.0,percent,114,5
2026-05-03,e070,living,리빙,코웨이,브랜드,30.0,percent,55,2
2026-05-04,e070,living,리빙,코웨이,브랜드,30.0,percent,16,1
2026-05-05,e070,living,리빙,코웨이,브랜드,30.0,percent,25,1
2026-05-06,e070,living,리빙,코웨이,브랜드,30.0,percent,44,2
2026-05-07,e070,living,리빙,코웨이,브랜드,30.0,percent,35,2
2026-05-08,e070,living,리빙,코웨이,브랜드,30.0,percent,43,2
2026-05-09,e070,living,리빙,코웨이,브랜드,30.0,percent,60,3
2026-05-10,e070,living,리빙,코웨이,브랜드,30.0,percent,19,1
2026-05-11,e070,living,리빙,코웨이,브랜드,30.0,percent,18,1
2026-05-12,e070,living,리빙,코웨이,브랜드,30.0,percent,22,1
2026-05-13,e070,living,리빙,코웨이,브랜드,30.0,percent,33,2
2026-05-14,e070,living,리빙,코웨이,브랜드,30.0,percent,16,1
2026-05-15,e070,living,리빙,코웨이,브랜드,30.0,percent,25,1
2026-05-16,e070,living,리빙,코웨이,브랜드,30.0,percent,32,2
2026-05-01,e069,living,리빙,Casper,브랜드,40.0,percent,61,3
2026-05-02,e069,living,리빙,Casper,브랜드,40.0,percent,79,4
2026-05-03,e069,living,리빙,Casper,브랜드,40.0,percent,61,2
2026-05-04,e069,living,리빙,Casper,브랜드,40.0,percent,34,1
2026-05-05,e069,living,리빙,Casper,브랜드,40.0,percent,46,2
2026-05-06,e069,living,리빙,Casper,브랜드,40.0,percent,41,2
2026-05-07,e069,living,리빙,Casper,브랜드,40.0,percent,44,3
2026-05-08,e069,living,리빙,Casper,브랜드,40.0,percent,52,2
2026-05-09,e069,living,리빙,Casper,브랜드,40.0,percent,73,4
2026-05-10,e069,living,리빙,Casper,브랜드,40.0,percent,23,1
2026-05-11,e069,living,리빙,Casper,브랜드,40.0,percent,16,1
2026-05-01,e026,food,푸드,A Twosome Place,브랜드,20.0,percent,124,7
2026-05-02,e026,food,푸드,A Twosome Place,브랜드,20.0,percent,85,8
2026-05-03,e026,food,푸드,A Twosome Place,브랜드,20.0,percent,66,5
2026-05-04,e026,food,푸드,A Twosome Place,브랜드,20.0,percent,40,3
2026-05-05,e026,food,푸드,A Twosome Place,브랜드,20.0,percent,59,4
2026-05-06,e026,food,푸드,A Twosome Place,브랜드,20.0,percent,88,5
2026-05-07,e026,food,푸드,A Twosome Place,브랜드,20.0,percent,57,3
2026-05-08,e026,food,푸드,A Twosome Place,브랜드,20.0,percent,40,3
2026-05-09,e026,food,푸드,A Twosome Place,브랜드,20.0,percent,69,4
2026-05-10,e026,food,푸드,A Twosome Place,브랜드,20.0,percent,29,2
2026-05-11,e026,food,푸드,A Twosome Place,브랜드,20.0,percent,14,1
2026-05-12,e026,food,푸드,A Twosome Place,브랜드,20.0,percent,28,2
2026-05-13,e026,food,푸드,A Twosome Place,브랜드,20.0,percent,17,1
2026-05-14,e026,food,푸드,A Twosome Place,브랜드,20.0,percent,28,2
2026-05-15,e026,food,푸드,A Twosome Place,브랜드,20.0,percent,41,4
2026-05-16,e026,food,푸드,A Twosome Place,브랜드,20.0,percent,100,6
2026-05-02,e059,stay,스테이,Expedia,브랜드,45.0,percent,128,5
2026-05-03,e059,stay,스테이,Expedia,브랜드,45.0,percent,38,1
2026-05-04,e059,stay,스테이,Expedia,브랜드,45.0,percent,25,1
2026-05-05,e059,stay,스테이,Expedia,브랜드,45.0,percent,28,1
2026-05-06,e059,stay,스테이,Expedia,브랜드,45.0,percent,64,3
2026-05-07,e059,stay,스테이,Expedia,브랜드,45.0,percent,19,1
2026-05-08,e059,stay,스테이,Expedia,브랜드,45.0,percent,29,1
2026-05-09,e059,stay,스테이,Expedia,브랜드,45.0,percent,32,1
2026-05-10,e059,stay,스테이,Expedia,브랜드,45.0,percent,41,2
2026-05-11,e059,stay,스테이,Expedia,브랜드,45.0,percent,33,1
2026-05-12,e059,stay,스테이,Expedia,브랜드,45.0,percent,28,1
2026-05-02,e050,delivery,딜리버리,굽네치킨,브랜드,35.0,percent,113,7
2026-05-03,e050,delivery,딜리버리,굽네치킨,브랜드,35.0,percent,51,2
2026-05-04,e050,delivery,딜리버리,굽네치킨,브랜드,35.0,percent,54,2
2026-05-05,e050,delivery,딜리버리,굽네치킨,브랜드,35.0,percent,69,4
2026-05-06,e050,delivery,딜리버리,굽네치킨,브랜드,35.0,percent,75,3
2026-05-07,e050,delivery,딜리버리,굽네치킨,브랜드,35.0,percent,46,3
2026-05-08,e050,delivery,딜리버리,굽네치킨,브랜드,35.0,percent,26,1
2026-05-09,e050,delivery,딜리버리,굽네치킨,브랜드,35.0,percent,57,3
2026-05-10,e050,delivery,딜리버리,굽네치킨,브랜드,35.0,percent,41,2
2026-05-11,e050,delivery,딜리버리,굽네치킨,브랜드,35.0,percent,18,1
2026-05-12,e050,delivery,딜리버리,굽네치킨,브랜드,35.0,percent,19,1
2026-05-13,e050,delivery,딜리버리,굽네치킨,브랜드,35.0,percent,21,1
2026-05-14,e050,delivery,딜리버리,굽네치킨,브랜드,35.0,percent,37,2
2026-05-15,e050,delivery,딜리버리,굽네치킨,브랜드,35.0,percent,62,3
2026-05-16,e050,delivery,딜리버리,굽네치킨,브랜드,35.0,percent,48,3
2026-05-17,e050,delivery,딜리버리,굽네치킨,브랜드,35.0,percent,47,2
2026-05-03,e040,tech,테크,Anker,브랜드,40.0,percent,78,4
2026-05-04,e040,tech,테크,Anker,브랜드,40.0,percent,41,2
2026-05-05,e040,tech,테크,Anker,브랜드,40.0,percent,50,2
2026-05-06,e040,tech,테크,Anker,브랜드,40.0,percent,42,2
2026-05-07,e040,tech,테크,Anker,브랜드,40.0,percent,28,1
2026-05-08,e040,tech,테크,Anker,브랜드,40.0,percent,44,2
2026-05-09,e040,tech,테크,Anker,브랜드,40.0,percent,44,2
2026-05-10,e040,tech,테크,Anker,브랜드,40.0,percent,34,1
2026-05-11,e040,tech,테크,Anker,브랜드,40.0,percent,21,1
2026-05-12,e040,tech,테크,Anker,브랜드,40.0,percent,27,1
2026-05-13,e040,tech,테크,Anker,브랜드,40.0,percent,20,1
2026-05-14,e040,tech,테크,Anker,브랜드,40.0,percent,52,2
2026-05-15,e040,tech,테크,Anker,브랜드,40.0,percent,35,2
2026-05-16,e040,tech,테크,Anker,브랜드,40.0,percent,39,2
2026-05-17,e040,tech,테크,Anker,브랜드,40.0,percent,29,1
2026-05-18,e040,tech,테크,Anker,브랜드,40.0,percent,19,1
2026-05-03,e039,tech,테크,Logitech,브랜드,50.0,percent,46,2
2026-05-04,e039,tech,테크,Logitech,브랜드,50.0,percent,42,2
2026-05-05,e039,tech,테크,Logitech,브랜드,50.0,percent,25,1
2026-05-06,e039,tech,테크,Logitech,브랜드,50.0,percent,24,1
2026-05-07,e039,tech,테크,Logitech,브랜드,50.0,percent,27,1
2026-05-08,e039,tech,테크,Logitech,브랜드,50.0,percent,68,3
2026-05-09,e039,tech,테크,Logitech,브랜드,50.0,percent,73,3
2026-05-10,e039,tech,테크,Logitech,브랜드,50.0,percent,33,2
2026-05-11,e039,tech,테크,Logitech,브랜드,50.0,percent,17,1
2026-05-12,e039,tech,테크,Logitech,브랜드,50.0,percent,22,1
2026-05-13,e039,tech,테크,Logitech,브랜드,50.0,percent,34,1
2026-05-03,e028,food,푸드,Mega Coffee,브랜드,60.0,percent,216,14
2026-05-04,e028,food,푸드,Mega Coffee,브랜드,60.0,percent,102,9
2026-05-05,e028,food,푸드,Mega Coffee,브랜드,60.0,percent,89,8
2026-05-06,e028,food,푸드,Mega Coffee,브랜드,60.0,percent,81,5
2026-05-07,e028,food,푸드,Mega Coffee,브랜드,60.0,percent,41,4
2026-05-08,e028,food,푸드,Mega Coffee,브랜드,60.0,percent,49,5
2026-05-09,e028,food,푸드,Mega Coffee,브랜드,60.0,percent,154,14
2026-05-10,e028,food,푸드,Mega Coffee,브랜드,60.0,percent,79,7
2026-05-11,e028,food,푸드,Mega Coffee,브랜드,60.0,percent,25,1
2026-05-12,e028,food,푸드,Mega Coffee,브랜드,60.0,percent,53,5
2026-05-13,e028,food,푸드,Mega Coffee,브랜드,60.0,percent,34,3
2026-05-14,e028,food,푸드,Mega Coffee,브랜드,60.0,percent,70,4
2026-05-15,e028,food,푸드,Mega Coffee,브랜드,60.0,percent,79,6
2026-05-16,e028,food,푸드,Mega Coffee,브랜드,60.0,percent,81,6
2026-05-17,e028,food,푸드,Mega Coffee,브랜드,60.0,percent,64,5
2026-05-18,e028,food,푸드,Mega Coffee,브랜드,60.0,percent,68,6
2026-05-19,e028,food,푸드,Mega Coffee,브랜드,60.0,percent,66,6
2026-05-20,e028,food,푸드,Mega Coffee,브랜드,60.0,percent,31,2
2026-05-21,e028,food,푸드,Mega Coffee,브랜드,60.0,percent,54,5
2026-05-22,e028,food,푸드,Mega Coffee,브랜드,60.0,percent,43,4
2026-05-23,e028,food,푸드,Mega Coffee,브랜드,60.0,percent,43,4
2026-05-24,e028,food,푸드,Mega Coffee,브랜드,60.0,percent,95,8
2026-05-25,e028,food,푸드,Mega Coffee,브랜드,60.0,percent,54,4
2026-05-26,e028,food,푸드,Mega Coffee,브랜드,60.0,percent,43,4
2026-05-27,e028,food,푸드,Mega Coffee,브랜드,60.0,percent,31,2
2026-05-28,e028,food,푸드,Mega Coffee,브랜드,60.0,percent,73,5
2026-05-04,e010,fashion,패션,Levi's,브랜드,45.0,percent,201,14
2026-05-05,e010,fashion,패션,Levi's,브랜드,45.0,percent,49,3
2026-05-06,e010,fashion,패션,Levi's,브랜드,45.0,percent,42,2
2026-05-07,e010,fashion,패션,Levi's,브랜드,45.0,percent,58,2
2026-05-08,e010,fashion,패션,Levi's,브랜드,45.0,percent,81,4
2026-05-09,e010,fashion,패션,Levi's,브랜드,45.0,percent,61,3
2026-05-10,e010,fashion,패션,Levi's,브랜드,45.0,percent,245,13
2026-05-11,e010,fashion,패션,Levi's,브랜드,45.0,percent,42,3
2026-05-12,e010,fashion,패션,Levi's,브랜드,45.0,percent,29,2
2026-05-13,e010,fashion,패션,Levi's,브랜드,45.0,percent,31,1
2026-05-14,e010,fashion,패션,Levi's,브랜드,45.0,percent,70,4
2026-05-15,e010,fashion,패션,Levi's,브랜드,45.0,percent,42,2
2026-05-16,e010,fashion,패션,Levi's,브랜드,45.0,percent,81,5
2026-05-17,e010,fashion,패션,Levi's,브랜드,45.0,percent,25,2
2026-05-18,e010,fashion,패션,Levi's,브랜드,45.0,percent,47,2
2026-05-19,e010,fashion,패션,Levi's,브랜드,45.0,percent,23,2
2026-05-04,e011,beauty,뷰티,MAC,브랜드,35.0,percent,104,5
2026-05-05,e011,beauty,뷰티,MAC,브랜드,35.0,percent,49,3
2026-05-06,e011,beauty,뷰티,MAC,브랜드,35.0,percent,52,4
2026-05-07,e011,beauty,뷰티,MAC,브랜드,35.0,percent,39,2
2026-05-08,e011,beauty,뷰티,MAC,브랜드,35.0,percent,81,4
2026-05-09,e011,beauty,뷰티,MAC,브랜드,35.0,percent,92,4
2026-05-10,e011,beauty,뷰티,MAC,브랜드,35.0,percent,43,3
2026-05-11,e011,beauty,뷰티,MAC,브랜드,35.0,percent,23,2
2026-05-12,e011,beauty,뷰티,MAC,브랜드,35.0,percent,55,4
2026-05-13,e011,beauty,뷰티,MAC,브랜드,35.0,percent,28,1
2026-05-14,e011,beauty,뷰티,MAC,브랜드,35.0,percent,33,2
2026-05-04,e051,stay,스테이,야놀자,소상공인,35.0,percent,32,1
2026-05-05,e051,stay,스테이,야놀자,소상공인,35.0,percent,46,2
2026-05-06,e051,stay,스테이,야놀자,소상공인,35.0,percent,43,2
2026-05-07,e051,stay,스테이,야놀자,소상공인,35.0,percent,53,2
2026-05-08,e051,stay,스테이,야놀자,소상공인,35.0,percent,50,2
2026-05-09,e051,stay,스테이,야놀자,소상공인,35.0,percent,52,2
2026-05-10,e051,stay,스테이,야놀자,소상공인,35.0,percent,30,1
2026-05-11,e051,stay,스테이,야놀자,소상공인,35.0,percent,20,1
2026-05-12,e051,stay,스테이,야놀자,소상공인,35.0,percent,24,1
2026-05-13,e051,stay,스테이,야놀자,소상공인,35.0,percent,18,1
2026-05-14,e051,stay,스테이,야놀자,소상공인,35.0,percent,29,1
2026-05-04,e017,beauty,뷰티,Nature Republic,브랜드,25.0,percent,51,4
2026-05-05,e017,beauty,뷰티,Nature Republic,브랜드,25.0,percent,32,3
2026-05-06,e017,beauty,뷰티,Nature Republic,브랜드,25.0,percent,66,3
2026-05-07,e017,beauty,뷰티,Nature Republic,브랜드,25.0,percent,42,3
2026-05-08,e017,beauty,뷰티,Nature Republic,브랜드,25.0,percent,37,2
2026-05-09,e017,beauty,뷰티,Nature Republic,브랜드,25.0,percent,130,7
2026-05-10,e017,beauty,뷰티,Nature Republic,브랜드,25.0,percent,51,3
2026-05-11,e017,beauty,뷰티,Nature Republic,브랜드,25.0,percent,22,1
2026-05-12,e017,beauty,뷰티,Nature Republic,브랜드,25.0,percent,25,1
2026-05-13,e017,beauty,뷰티,Nature Republic,브랜드,25.0,percent,28,2
2026-05-14,e017,beauty,뷰티,Nature Republic,브랜드,25.0,percent,39,3
2026-05-15,e017,beauty,뷰티,Nature Republic,브랜드,25.0,percent,30,2
2026-05-16,e017,beauty,뷰티,Nature Republic,브랜드,25.0,percent,41,3
2026-05-17,e017,beauty,뷰티,Nature Republic,브랜드,25.0,percent,43,2
2026-05-18,e017,beauty,뷰티,Nature Republic,브랜드,25.0,percent,33,2
2026-05-19,e017,beauty,뷰티,Nature Republic,브랜드,25.0,percent,25,2
2026-05-20,e017,beauty,뷰티,Nature Republic,브랜드,25.0,percent,52,3
2026-05-21,e017,beauty,뷰티,Nature Republic,브랜드,25.0,percent,37,3
2026-05-22,e017,beauty,뷰티,Nature Republic,브랜드,25.0,percent,43,3
2026-05-23,e017,beauty,뷰티,Nature Republic,브랜드,25.0,percent,50,2
2026-05-24,e017,beauty,뷰티,Nature Republic,브랜드,25.0,percent,56,4
2026-05-05,e061,living,리빙,IKEA,브랜드,40.0,percent,62,4
2026-05-06,e061,living,리빙,IKEA,브랜드,40.0,percent,37,2
2026-05-07,e061,living,리빙,IKEA,브랜드,40.0,percent,56,3
2026-05-08,e061,living,리빙,IKEA,브랜드,40.0,percent,63,4
2026-05-09,e061,living,리빙,IKEA,브랜드,40.0,percent,88,3
2026-05-10,e061,living,리빙,IKEA,브랜드,40.0,percent,32,2
2026-05-11,e061,living,리빙,IKEA,브랜드,40.0,percent,23,1
2026-05-12,e061,living,리빙,IKEA,브랜드,40.0,percent,28,1
2026-05-13,e061,living,리빙,IKEA,브랜드,40.0,percent,35,1
2026-05-14,e061,living,리빙,IKEA,브랜드,40.0,percent,18,1
2026-05-15,e061,living,리빙,IKEA,브랜드,40.0,percent,23,1
2026-05-05,e001,fashion,패션,ZARA,브랜드,40.0,percent,102,5
2026-05-06,e001,fashion,패션,ZARA,브랜드,40.0,percent,45,3
2026-05-07,e001,fashion,패션,ZARA,브랜드,40.0,percent,47,2
2026-05-08,e001,fashion,패션,ZARA,브랜드,40.0,percent,95,6
2026-05-09,e001,fashion,패션,ZARA,브랜드,40.0,percent,89,6
2026-05-10,e001,fashion,패션,ZARA,브랜드,40.0,percent,49,2
2026-05-11,e001,fashion,패션,ZARA,브랜드,40.0,percent,48,3
2026-05-12,e001,fashion,패션,ZARA,브랜드,40.0,percent,40,3
2026-05-13,e001,fashion,패션,ZARA,브랜드,40.0,percent,35,2
2026-05-14,e001,fashion,패션,ZARA,브랜드,40.0,percent,32,2
2026-05-15,e001,fashion,패션,ZARA,브랜드,40.0,percent,50,3
2026-05-06,e041,delivery,딜리버리,배달의민족,브랜드,45.0,percent,51,2
2026-05-07,e041,delivery,딜리버리,배달의민족,브랜드,45.0,percent,80,5
2026-05-08,e041,delivery,딜리버리,배달의민족,브랜드,45.0,percent,78,4
2026-05-09,e041,delivery,딜리버리,배달의민족,브랜드,45.0,percent,83,3
2026-05-10,e041,delivery,딜리버리,배달의민족,브랜드,45.0,percent,46,3
2026-05-11,e041,delivery,딜리버리,배달의민족,브랜드,45.0,percent,67,3
2026-05-12,e041,delivery,딜리버리,배달의민족,브랜드,45.0,percent,29,1
2026-05-13,e041,delivery,딜리버리,배달의민족,브랜드,45.0,percent,31,2
2026-05-14,e041,delivery,딜리버리,배달의민족,브랜드,45.0,percent,34,2
2026-05-15,e041,delivery,딜리버리,배달의민족,브랜드,45.0,percent,52,3
2026-05-16,e041,delivery,딜리버리,배달의민족,브랜드,45.0,percent,52,3
2026-05-06,e009,fashion,패션,New Balance,소상공인,70.0,percent,51,3
2026-05-07,e009,fashion,패션,New Balance,소상공인,70.0,percent,78,4
2026-05-08,e009,fashion,패션,New Balance,소상공인,70.0,percent,85,5
2026-05-09,e009,fashion,패션,New Balance,소상공인,70.0,percent,140,7
2026-05-10,e009,fashion,패션,New Balance,소상공인,70.0,percent,65,3
2026-05-11,e009,fashion,패션,New Balance,소상공인,70.0,percent,57,3
2026-05-12,e009,fashion,패션,New Balance,소상공인,70.0,percent,111,7
2026-05-13,e009,fashion,패션,New Balance,소상공인,70.0,percent,62,3
2026-05-14,e009,fashion,패션,New Balance,소상공인,70.0,percent,30,1
2026-05-15,e009,fashion,패션,New Balance,소상공인,70.0,percent,63,4
2026-05-16,e009,fashion,패션,New Balance,소상공인,70.0,percent,64,4
2026-05-06,e060,stay,스테이,Trip.com,브랜드,,bundle,44,2
2026-05-07,e060,stay,스테이,Trip.com,브랜드,,bundle,59,3
2026-05-08,e060,stay,스테이,Trip.com,브랜드,,bundle,34,1
2026-05-09,e060,stay,스테이,Trip.com,브랜드,,bundle,40,2
2026-05-10,e060,stay,스테이,Trip.com,브랜드,,bundle,39,2
2026-05-11,e060,stay,스테이,Trip.com,브랜드,,bundle,24,1
2026-05-12,e060,stay,스테이,Trip.com,브랜드,,bundle,30,1
2026-05-13,e060,stay,스테이,Trip.com,브랜드,,bundle,23,1
2026-05-14,e060,stay,스테이,Trip.com,브랜드,,bundle,20,1
2026-05-15,e060,stay,스테이,Trip.com,브랜드,,bundle,41,2
2026-05-16,e060,stay,스테이,Trip.com,브랜드,,bundle,39,2
2026-05-17,e060,stay,스테이,Trip.com,브랜드,,bundle,18,1
2026-05-18,e060,stay,스테이,Trip.com,브랜드,,bundle,12,0
2026-05-19,e060,stay,스테이,Trip.com,브랜드,,bundle,16,1
2026-05-20,e060,stay,스테이,Trip.com,브랜드,,bundle,12,0
2026-05-21,e060,stay,스테이,Trip.com,브랜드,,bundle,28,1
2026-05-06,e020,beauty,뷰티,Tonymoly,브랜드,,bundle,62,4
2026-05-07,e020,beauty,뷰티,Tonymoly,브랜드,,bundle,83,6
2026-05-08,e020,beauty,뷰티,Tonymoly,브랜드,,bundle,150,12
2026-05-09,e020,beauty,뷰티,Tonymoly,브랜드,,bundle,98,5
2026-05-10,e020,beauty,뷰티,Tonymoly,브랜드,,bundle,34,3
2026-05-11,e020,beauty,뷰티,Tonymoly,브랜드,,bundle,35,3
2026-05-12,e020,beauty,뷰티,Tonymoly,브랜드,,bundle,34,2
2026-05-13,e020,beauty,뷰티,Tonymoly,브랜드,,bundle,40,2
2026-05-14,e020,beauty,뷰티,Tonymoly,브랜드,,bundle,50,4
2026-05-15,e020,beauty,뷰티,Tonymoly,브랜드,,bundle,94,5
2026-05-16,e020,beauty,뷰티,Tonymoly,브랜드,,bundle,86,4
2026-05-17,e020,beauty,뷰티,Tonymoly,브랜드,,bundle,43,2
2026-05-18,e020,beauty,뷰티,Tonymoly,브랜드,,bundle,30,2
2026-05-19,e020,beauty,뷰티,Tonymoly,브랜드,,bundle,48,3
2026-05-20,e020,beauty,뷰티,Tonymoly,브랜드,,bundle,30,2
2026-05-21,e020,beauty,뷰티,Tonymoly,브랜드,,bundle,25,2
2026-05-07,e042,delivery,딜리버리,요기요,브랜드,40.0,percent,108,6
2026-05-08,e042,delivery,딜리버리,요기요,브랜드,40.0,percent,89,5
2026-05-09,e042,delivery,딜리버리,요기요,브랜드,40.0,percent,50,3
2026-05-10,e042,delivery,딜리버리,요기요,브랜드,40.0,percent,61,3
2026-05-11,e042,delivery,딜리버리,요기요,브랜드,40.0,percent,28,1
2026-05-12,e042,delivery,딜리버리,요기요,브랜드,40.0,percent,17,1
2026-05-13,e042,delivery,딜리버리,요기요,브랜드,40.0,percent,70,3
2026-05-14,e042,delivery,딜리버리,요기요,브랜드,40.0,percent,38,2
2026-05-15,e042,delivery,딜리버리,요기요,브랜드,40.0,percent,39,2
2026-05-16,e042,delivery,딜리버리,요기요,브랜드,40.0,percent,40,2
2026-05-17,e042,delivery,딜리버리,요기요,브랜드,40.0,percent,43,3
2026-05-18,e042,delivery,딜리버리,요기요,브랜드,40.0,percent,25,1
2026-05-19,e042,delivery,딜리버리,요기요,브랜드,40.0,percent,20,1
2026-05-20,e042,delivery,딜리버리,요기요,브랜드,40.0,percent,25,1
2026-05-21,e042,delivery,딜리버리,요기요,브랜드,40.0,percent,49,2
2026-05-22,e042,delivery,딜리버리,요기요,브랜드,40.0,percent,50,2
2026-05-08,e031,tech,테크,Samsung,브랜드,,bundle,58,2
2026-05-09,e031,tech,테크,Samsung,브랜드,,bundle,135,6
2026-05-10,e031,tech,테크,Samsung,브랜드,,bundle,54,2
2026-05-11,e031,tech,테크,Samsung,브랜드,,bundle,27,1
2026-05-12,e031,tech,테크,Samsung,브랜드,,bundle,34,1
2026-05-13,e031,tech,테크,Samsung,브랜드,,bundle,51,2
2026-05-14,e031,tech,테크,Samsung,브랜드,,bundle,46,2
2026-05-15,e031,tech,테크,Samsung,브랜드,,bundle,25,1
2026-05-16,e031,tech,테크,Samsung,브랜드,,bundle,24,1
2026-05-17,e031,tech,테크,Samsung,브랜드,,bundle,28,1
2026-05-18,e031,tech,테크,Samsung,브랜드,,bundle,27,2
2026-05-08,e062,living,리빙,무인양품,브랜드,45.0,percent,109,5
2026-05-09,e062,living,리빙,무인양품,브랜드,45.0,percent,127,7
2026-05-10,e062,living,리빙,무인양품,브랜드,45.0,percent,72,3
2026-05-11,e062,living,리빙,무인양품,브랜드,45.0,percent,46,2
2026-05-12,e062,living,리빙,무인양품,브랜드,45.0,percent,39,1
2026-05-13,e062,living,리빙,무인양품,브랜드,45.0,percent,51,2
2026-05-14,e062,living,리빙,무인양품,브랜드,45.0,percent,46,2
2026-05-15,e062,living,리빙,무인양품,브랜드,45.0,percent,31,2
2026-05-16,e062,living,리빙,무인양품,브랜드,45.0,percent,56,3
2026-05-17,e062,living,리빙,무인양품,브랜드,45.0,percent,55,3
2026-05-18,e062,living,리빙,무인양품,브랜드,45.0,percent,39,1
2026-05-19,e062,living,리빙,무인양품,브랜드,45.0,percent,28,2
2026-05-20,e062,living,리빙,무인양품,브랜드,45.0,percent,28,2
2026-05-21,e062,living,리빙,무인양품,브랜드,45.0,percent,27,1
2026-05-22,e062,living,리빙,무인양품,브랜드,45.0,percent,33,2
2026-05-23,e062,living,리빙,무인양품,브랜드,45.0,percent,69,3
2026-05-08,e002,fashion,패션,Nike,소상공인,45.0,percent,94,5
2026-05-09,e002,fashion,패션,Nike,소상공인,45.0,percent,73,3
2026-05-10,e002,fashion,패션,Nike,소상공인,45.0,percent,84,6
2026-05-11,e002,fashion,패션,Nike,소상공인,45.0,percent,62,3
2026-05-12,e002,fashion,패션,Nike,소상공인,45.0,percent,58,3
2026-05-13,e002,fashion,패션,Nike,소상공인,45.0,percent,28,1
2026-05-14,e002,fashion,패션,Nike,소상공인,45.0,percent,65,4
2026-05-15,e002,fashion,패션,Nike,소상공인,45.0,percent,56,4
2026-05-16,e002,fashion,패션,Nike,소상공인,45.0,percent,80,3
2026-05-17,e002,fashion,패션,Nike,소상공인,45.0,percent,27,1
2026-05-18,e002,fashion,패션,Nike,소상공인,45.0,percent,44,2
2026-05-19,e002,fashion,패션,Nike,소상공인,45.0,percent,19,1
2026-05-20,e002,fashion,패션,Nike,소상공인,45.0,percent,26,1
2026-05-21,e002,fashion,패션,Nike,소상공인,45.0,percent,39,3
2026-05-22,e002,fashion,패션,Nike,소상공인,45.0,percent,24,1
2026-05-23,e002,fashion,패션,Nike,소상공인,45.0,percent,34,2
2026-05-09,e029,food,푸드,Compose Coffee,브랜드,30.0,percent,81,7
2026-05-10,e029,food,푸드,Compose Coffee,브랜드,30.0,percent,133,9
2026-05-11,e029,food,푸드,Compose Coffee,브랜드,30.0,percent,50,3
2026-05-12,e029,food,푸드,Compose Coffee,브랜드,30.0,percent,55,5
2026-05-13,e029,food,푸드,Compose Coffee,브랜드,30.0,percent,60,5
2026-05-14,e029,food,푸드,Compose Coffee,브랜드,30.0,percent,56,5
2026-05-15,e029,food,푸드,Compose Coffee,브랜드,30.0,percent,61,5
2026-05-16,e029,food,푸드,Compose Coffee,브랜드,30.0,percent,67,6
2026-05-17,e029,food,푸드,Compose Coffee,브랜드,30.0,percent,35,2
2026-05-18,e029,food,푸드,Compose Coffee,브랜드,30.0,percent,35,2
2026-05-19,e029,food,푸드,Compose Coffee,브랜드,30.0,percent,37,3
2026-05-09,e032,tech,테크,Apple,브랜드,50.0,percent,99,4
2026-05-10,e032,tech,테크,Apple,브랜드,50.0,percent,74,2
2026-05-11,e032,tech,테크,Apple,브랜드,50.0,percent,38,2
2026-05-12,e032,tech,테크,Apple,브랜드,50.0,percent,45,2
2026-05-13,e032,tech,테크,Apple,브랜드,50.0,percent,45,2
2026-05-14,e032,tech,테크,Apple,브랜드,50.0,percent,32,1
2026-05-15,e032,tech,테크,Apple,브랜드,50.0,percent,59,2
2026-05-16,e032,tech,테크,Apple,브랜드,50.0,percent,78,3
2026-05-17,e032,tech,테크,Apple,브랜드,50.0,percent,41,1
2026-05-18,e032,tech,테크,Apple,브랜드,50.0,percent,22,1
2026-05-19,e032,tech,테크,Apple,브랜드,50.0,percent,17,1
2026-05-20,e032,tech,테크,Apple,브랜드,50.0,percent,24,1
2026-05-21,e032,tech,테크,Apple,브랜드,50.0,percent,27,1
2026-05-22,e032,tech,테크,Apple,브랜드,50.0,percent,21,1
2026-05-23,e032,tech,테크,Apple,브랜드,50.0,percent,33,1
2026-05-24,e032,tech,테크,Apple,브랜드,50.0,percent,47,2
2026-05-09,e052,stay,스테이,Agoda,브랜드,50.0,percent,45,2
2026-05-10,e052,stay,스테이,Agoda,브랜드,50.0,percent,74,4
2026-05-11,e052,stay,스테이,Agoda,브랜드,50.0,percent,37,1
2026-05-12,e052,stay,스테이,Agoda,브랜드,50.0,percent,38,1
2026-05-13,e052,stay,스테이,Agoda,브랜드,50.0,percent,62,3
2026-05-14,e052,stay,스테이,Agoda,브랜드,50.0,percent,34,1
2026-05-15,e052,stay,스테이,Agoda,브랜드,50.0,percent,37,1
2026-05-16,e052,stay,스테이,Agoda,브랜드,50.0,percent,54,2
2026-05-17,e052,stay,스테이,Agoda,브랜드,50.0,percent,42,2
2026-05-18,e052,stay,스테이,Agoda,브랜드,50.0,percent,27,1
2026-05-19,e052,stay,스테이,Agoda,브랜드,50.0,percent,27,1
2026-05-20,e052,stay,스테이,Agoda,브랜드,50.0,percent,38,1
2026-05-21,e052,stay,스테이,Agoda,브랜드,50.0,percent,34,2
2026-05-22,e052,stay,스테이,Agoda,브랜드,50.0,percent,28,1
2026-05-23,e052,stay,스테이,Agoda,브랜드,50.0,percent,59,2
2026-05-24,e052,stay,스테이,Agoda,브랜드,50.0,percent,27,1
2026-05-10,e021,food,푸드,Starbucks,브랜드,70.0,percent,175,11
2026-05-11,e021,food,푸드,Starbucks,브랜드,70.0,percent,113,7
2026-05-12,e021,food,푸드,Starbucks,브랜드,70.0,percent,78,5
2026-05-13,e021,food,푸드,Starbucks,브랜드,70.0,percent,131,7
2026-05-14,e021,food,푸드,Starbucks,브랜드,70.0,percent,68,6
2026-05-15,e021,food,푸드,Starbucks,브랜드,70.0,percent,82,6
2026-05-16,e021,food,푸드,Starbucks,브랜드,70.0,percent,133,13
2026-05-17,e021,food,푸드,Starbucks,브랜드,70.0,percent,69,4
2026-05-18,e021,food,푸드,Starbucks,브랜드,70.0,percent,36,3
2026-05-19,e021,food,푸드,Starbucks,브랜드,70.0,percent,52,4
2026-05-20,e021,food,푸드,Starbucks,브랜드,70.0,percent,37,2
2026-05-11,e043,delivery,딜리버리,쿠팡이츠,브랜드,50.0,percent,55,3
2026-05-12,e043,delivery,딜리버리,쿠팡이츠,브랜드,50.0,percent,33,1
2026-05-13,e043,delivery,딜리버리,쿠팡이츠,브랜드,50.0,percent,31,1
2026-05-14,e043,delivery,딜리버리,쿠팡이츠,브랜드,50.0,percent,30,1
2026-05-15,e043,delivery,딜리버리,쿠팡이츠,브랜드,50.0,percent,109,5
2026-05-16,e043,delivery,딜리버리,쿠팡이츠,브랜드,50.0,percent,35,2
2026-05-17,e043,delivery,딜리버리,쿠팡이츠,브랜드,50.0,percent,40,2
2026-05-18,e043,delivery,딜리버리,쿠팡이츠,브랜드,50.0,percent,37,2
2026-05-19,e043,delivery,딜리버리,쿠팡이츠,브랜드,50.0,percent,43,2
2026-05-20,e043,delivery,딜리버리,쿠팡이츠,브랜드,50.0,percent,45,2
2026-05-21,e043,delivery,딜리버리,쿠팡이츠,브랜드,50.0,percent,27,1
2026-05-22,e043,delivery,딜리버리,쿠팡이츠,브랜드,50.0,percent,43,2
2026-05-23,e043,delivery,딜리버리,쿠팡이츠,브랜드,50.0,percent,46,2
2026-05-24,e043,delivery,딜리버리,쿠팡이츠,브랜드,50.0,percent,44,2
2026-05-25,e043,delivery,딜리버리,쿠팡이츠,브랜드,50.0,percent,33,2
2026-05-26,e043,delivery,딜리버리,쿠팡이츠,브랜드,50.0,percent,34,2
2026-05-27,e043,delivery,딜리버리,쿠팡이츠,브랜드,50.0,percent,25,2
2026-05-28,e043,delivery,딜리버리,쿠팡이츠,브랜드,50.0,percent,48,3
2026-05-29,e043,delivery,딜리버리,쿠팡이츠,브랜드,50.0,percent,73,5
2026-05-30,e043,delivery,딜리버리,쿠팡이츠,브랜드,50.0,percent,40,2
2026-05-31,e043,delivery,딜리버리,쿠팡이츠,브랜드,50.0,percent,90,5
2026-05-12,e003,fashion,패션,MANGO,브랜드,,bundle,58,4
2026-05-13,e003,fashion,패션,MANGO,브랜드,,bundle,65,3
2026-05-14,e003,fashion,패션,MANGO,브랜드,,bundle,56,4
2026-05-15,e003,fashion,패션,MANGO,브랜드,,bundle,64,4
2026-05-16,e003,fashion,패션,MANGO,브랜드,,bundle,95,7
2026-05-17,e003,fashion,패션,MANGO,브랜드,,bundle,53,4
2026-05-18,e003,fashion,패션,MANGO,브랜드,,bundle,26,1
2026-05-19,e003,fashion,패션,MANGO,브랜드,,bundle,27,2
2026-05-20,e003,fashion,패션,MANGO,브랜드,,bundle,31,1
2026-05-21,e003,fashion,패션,MANGO,브랜드,,bundle,36,2
2026-05-22,e003,fashion,패션,MANGO,브랜드,,bundle,31,2
2026-05-23,e003,fashion,패션,MANGO,브랜드,,bundle,36,2
2026-05-24,e003,fashion,패션,MANGO,브랜드,,bundle,44,3
2026-05-25,e003,fashion,패션,MANGO,브랜드,,bundle,32,2
2026-05-26,e003,fashion,패션,MANGO,브랜드,,bundle,37,2
2026-05-27,e003,fashion,패션,MANGO,브랜드,,bundle,23,2
2026-05-28,e003,fashion,패션,MANGO,브랜드,,bundle,35,2
2026-05-29,e003,fashion,패션,MANGO,브랜드,,bundle,34,2
2026-05-30,e003,fashion,패션,MANGO,브랜드,,bundle,35,2
2026-05-31,e003,fashion,패션,MANGO,브랜드,,bundle,37,3
2026-06-01,e003,fashion,패션,MANGO,브랜드,,bundle,28,1
2026-05-12,e063,living,리빙,현대리바트,브랜드,,bundle,35,1
2026-05-13,e063,living,리빙,현대리바트,브랜드,,bundle,33,2
2026-05-14,e063,living,리빙,현대리바트,브랜드,,bundle,56,2
2026-05-15,e063,living,리빙,현대리바트,브랜드,,bundle,43,2
2026-05-16,e063,living,리빙,현대리바트,브랜드,,bundle,55,3
2026-05-17,e063,living,리빙,현대리바트,브랜드,,bundle,54,3
2026-05-18,e063,living,리빙,현대리바트,브랜드,,bundle,28,1
2026-05-19,e063,living,리빙,현대리바트,브랜드,,bundle,31,1
2026-05-20,e063,living,리빙,현대리바트,브랜드,,bundle,26,1
2026-05-21,e063,living,리빙,현대리바트,브랜드,,bundle,27,1
2026-05-22,e063,living,리빙,현대리바트,브랜드,,bundle,45,2
2026-05-23,e063,living,리빙,현대리바트,브랜드,,bundle,33,1
2026-05-24,e063,living,리빙,현대리바트,브랜드,,bundle,40,1
2026-05-25,e063,living,리빙,현대리바트,브랜드,,bundle,14,1
2026-05-26,e063,living,리빙,현대리바트,브랜드,,bundle,22,1
2026-05-27,e063,living,리빙,현대리바트,브랜드,,bundle,36,2
2026-05-28,e063,living,리빙,현대리바트,브랜드,,bundle,51,2
2026-05-29,e063,living,리빙,현대리바트,브랜드,,bundle,17,1
2026-05-30,e063,living,리빙,현대리바트,브랜드,,bundle,28,1
2026-05-31,e063,living,리빙,현대리바트,브랜드,,bundle,21,1
2026-06-01,e063,living,리빙,현대리바트,브랜드,,bundle,20,1
2026-05-12,e030,food,푸드,Domino's Pizza,소상공인,35.0,percent,97,9
2026-05-13,e030,food,푸드,Domino's Pizza,소상공인,35.0,percent,100,7
2026-05-14,e030,food,푸드,Domino's Pizza,소상공인,35.0,percent,94,7
2026-05-15,e030,food,푸드,Domino's Pizza,소상공인,35.0,percent,41,3
2026-05-16,e030,food,푸드,Domino's Pizza,소상공인,35.0,percent,70,6
2026-05-17,e030,food,푸드,Domino's Pizza,소상공인,35.0,percent,48,3
2026-05-18,e030,food,푸드,Domino's Pizza,소상공인,35.0,percent,37,3
2026-05-19,e030,food,푸드,Domino's Pizza,소상공인,35.0,percent,30,3
2026-05-20,e030,food,푸드,Domino's Pizza,소상공인,35.0,percent,22,2
2026-05-21,e030,food,푸드,Domino's Pizza,소상공인,35.0,percent,54,3
2026-05-22,e030,food,푸드,Domino's Pizza,소상공인,35.0,percent,32,2
2026-05-23,e030,food,푸드,Domino's Pizza,소상공인,35.0,percent,39,3
2026-05-24,e030,food,푸드,Domino's Pizza,소상공인,35.0,percent,71,5
2026-05-25,e030,food,푸드,Domino's Pizza,소상공인,35.0,percent,18,1
2026-05-26,e030,food,푸드,Domino's Pizza,소상공인,35.0,percent,33,2
2026-05-27,e030,food,푸드,Domino's Pizza,소상공인,35.0,percent,42,4
2026-05-13,e012,beauty,뷰티,Innisfree,브랜드,20.0,percent,109,6
2026-05-14,e012,beauty,뷰티,Innisfree,브랜드,20.0,percent,70,4
2026-05-15,e012,beauty,뷰티,Innisfree,브랜드,20.0,percent,84,4
2026-05-16,e012,beauty,뷰티,Innisfree,브랜드,20.0,percent,97,5
2026-05-17,e012,beauty,뷰티,Innisfree,브랜드,20.0,percent,55,4
2026-05-18,e012,beauty,뷰티,Innisfree,브랜드,20.0,percent,28,1
2026-05-19,e012,beauty,뷰티,Innisfree,브랜드,20.0,percent,56,4
2026-05-20,e012,beauty,뷰티,Innisfree,브랜드,20.0,percent,40,2
2026-05-21,e012,beauty,뷰티,Innisfree,브랜드,20.0,percent,33,2
2026-05-22,e012,beauty,뷰티,Innisfree,브랜드,20.0,percent,24,2
2026-05-23,e012,beauty,뷰티,Innisfree,브랜드,20.0,percent,21,2
2026-05-24,e012,beauty,뷰티,Innisfree,브랜드,20.0,percent,45,2
2026-05-25,e012,beauty,뷰티,Innisfree,브랜드,20.0,percent,13,1
2026-05-26,e012,beauty,뷰티,Innisfree,브랜드,20.0,percent,26,2
2026-05-27,e012,beauty,뷰티,Innisfree,브랜드,20.0,percent,21,1
2026-05-28,e012,beauty,뷰티,Innisfree,브랜드,20.0,percent,24,2
2026-05-13,e004,fashion,패션,H&M,브랜드,50.0,percent,135,9
2026-05-14,e004,fashion,패션,H&M,브랜드,50.0,percent,63,4
2026-05-15,e004,fashion,패션,H&M,브랜드,50.0,percent,86,6
2026-05-16,e004,fashion,패션,H&M,브랜드,50.0,percent,70,3
2026-05-17,e004,fashion,패션,H&M,브랜드,50.0,percent,81,3
2026-05-18,e004,fashion,패션,H&M,브랜드,50.0,percent,51,3
2026-05-19,e004,fashion,패션,H&M,브랜드,50.0,percent,43,2
2026-05-20,e004,fashion,패션,H&M,브랜드,50.0,percent,59,4
2026-05-21,e004,fashion,패션,H&M,브랜드,50.0,percent,25,1
2026-05-22,e004,fashion,패션,H&M,브랜드,50.0,percent,27,1
2026-05-23,e004,fashion,패션,H&M,브랜드,50.0,percent,37,1
2026-05-24,e004,fashion,패션,H&M,브랜드,50.0,percent,53,4
2026-05-25,e004,fashion,패션,H&M,브랜드,50.0,percent,41,2
2026-05-26,e004,fashion,패션,H&M,브랜드,50.0,percent,13,1
2026-05-27,e004,fashion,패션,H&M,브랜드,50.0,percent,40,3
2026-05-28,e004,fashion,패션,H&M,브랜드,50.0,percent,65,5
2026-05-29,e004,fashion,패션,H&M,브랜드,50.0,percent,38,3
2026-05-30,e004,fashion,패션,H&M,브랜드,50.0,percent,85,5
2026-05-31,e004,fashion,패션,H&M,브랜드,50.0,percent,52,2
2026-06-01,e004,fashion,패션,H&M,브랜드,50.0,percent,54,2
2026-06-02,e004,fashion,패션,H&M,브랜드,50.0,percent,47,3
2026-06-03,e004,fashion,패션,H&M,브랜드,50.0,percent,29,2
2026-06-04,e004,fashion,패션,H&M,브랜드,50.0,percent,46,3
2026-06-05,e004,fashion,패션,H&M,브랜드,50.0,percent,37,3
2026-06-06,e004,fashion,패션,H&M,브랜드,50.0,percent,88,5
2026-06-07,e004,fashion,패션,H&M,브랜드,50.0,percent,42,3
2026-05-15,e064,living,리빙,에이스침대,브랜드,60.0,percent,112,4
2026-05-16,e064,living,리빙,에이스침대,브랜드,60.0,percent,184,10
2026-05-17,e064,living,리빙,에이스침대,브랜드,60.0,percent,93,5
2026-05-18,e064,living,리빙,에이스침대,브랜드,60.0,percent,42,2
2026-05-19,e064,living,리빙,에이스침대,브랜드,60.0,percent,27,1
2026-05-20,e064,living,리빙,에이스침대,브랜드,60.0,percent,24,1
2026-05-21,e064,living,리빙,에이스침대,브랜드,60.0,percent,46,2
2026-05-22,e064,living,리빙,에이스침대,브랜드,60.0,percent,44,2
2026-05-23,e064,living,리빙,에이스침대,브랜드,60.0,percent,34,2
2026-05-24,e064,living,리빙,에이스침대,브랜드,60.0,percent,57,2
2026-05-25,e064,living,리빙,에이스침대,브랜드,60.0,percent,40,1
2026-05-26,e064,living,리빙,에이스침대,브랜드,60.0,percent,27,1
2026-05-27,e064,living,리빙,에이스침대,브랜드,60.0,percent,49,2
2026-05-28,e064,living,리빙,에이스침대,브랜드,60.0,percent,17,1
2026-05-29,e064,living,리빙,에이스침대,브랜드,60.0,percent,32,2
2026-05-30,e064,living,리빙,에이스침대,브랜드,60.0,percent,51,2
2026-05-31,e064,living,리빙,에이스침대,브랜드,60.0,percent,27,2
2026-06-01,e064,living,리빙,에이스침대,브랜드,60.0,percent,37,2
2026-06-02,e064,living,리빙,에이스침대,브랜드,60.0,percent,39,2
2026-06-03,e064,living,리빙,에이스침대,브랜드,60.0,percent,12,0
2026-06-04,e064,living,리빙,에이스침대,브랜드,60.0,percent,49,3
2026-06-05,e064,living,리빙,에이스침대,브랜드,60.0,percent,41,2
2026-06-06,e064,living,리빙,에이스침대,브랜드,60.0,percent,34,1
2026-06-07,e064,living,리빙,에이스침대,브랜드,60.0,percent,23,1
2026-06-08,e064,living,리빙,에이스침대,브랜드,60.0,percent,38,2
2026-06-09,e064,living,리빙,에이스침대,브랜드,60.0,percent,17,1
2026-05-15,e014,beauty,뷰티,Etude,브랜드,60.0,percent,150,11
2026-05-16,e014,beauty,뷰티,Etude,브랜드,60.0,percent,86,6
2026-05-17,e014,beauty,뷰티,Etude,브랜드,60.0,percent,103,8
2026-05-18,e014,beauty,뷰티,Etude,브랜드,60.0,percent,91,4
2026-05-19,e014,beauty,뷰티,Etude,브랜드,60.0,percent,47,3
2026-05-20,e014,beauty,뷰티,Etude,브랜드,60.0,percent,92,5
2026-05-21,e014,beauty,뷰티,Etude,브랜드,60.0,percent,65,3
2026-05-22,e014,beauty,뷰티,Etude,브랜드,60.0,percent,43,2
2026-05-23,e014,beauty,뷰티,Etude,브랜드,60.0,percent,43,3
2026-05-24,e014,beauty,뷰티,Etude,브랜드,60.0,percent,46,3
2026-05-25,e014,beauty,뷰티,Etude,브랜드,60.0,percent,41,2
2026-05-26,e014,beauty,뷰티,Etude,브랜드,60.0,percent,67,5
2026-05-27,e014,beauty,뷰티,Etude,브랜드,60.0,percent,75,5
2026-05-28,e014,beauty,뷰티,Etude,브랜드,60.0,percent,34,3
2026-05-29,e014,beauty,뷰티,Etude,브랜드,60.0,percent,41,3
2026-05-30,e014,beauty,뷰티,Etude,브랜드,60.0,percent,74,5
2026-05-31,e014,beauty,뷰티,Etude,브랜드,60.0,percent,68,5
2026-06-01,e014,beauty,뷰티,Etude,브랜드,60.0,percent,59,4
2026-06-02,e014,beauty,뷰티,Etude,브랜드,60.0,percent,56,3
2026-06-03,e014,beauty,뷰티,Etude,브랜드,60.0,percent,28,2
2026-06-04,e014,beauty,뷰티,Etude,브랜드,60.0,percent,23,1
2026-06-05,e014,beauty,뷰티,Etude,브랜드,60.0,percent,58,5
2026-06-06,e014,beauty,뷰티,Etude,브랜드,60.0,percent,60,4
2026-06-07,e014,beauty,뷰티,Etude,브랜드,60.0,percent,26,2
2026-06-08,e014,beauty,뷰티,Etude,브랜드,60.0,percent,19,2
2026-06-09,e014,beauty,뷰티,Etude,브랜드,60.0,percent,20,1
2026-05-16,e013,beauty,뷰티,Sulwhasoo,브랜드,25.0,percent,131,11
2026-05-17,e013,beauty,뷰티,Sulwhasoo,브랜드,25.0,percent,83,6
2026-05-18,e013,beauty,뷰티,Sulwhasoo,브랜드,25.0,percent,66,5
2026-05-19,e013,beauty,뷰티,Sulwhasoo,브랜드,25.0,percent,31,2
2026-05-20,e013,beauty,뷰티,Sulwhasoo,브랜드,25.0,percent,54,4
2026-05-21,e013,beauty,뷰티,Sulwhasoo,브랜드,25.0,percent,47,3
2026-05-22,e013,beauty,뷰티,Sulwhasoo,브랜드,25.0,percent,61,4
2026-05-23,e013,beauty,뷰티,Sulwhasoo,브랜드,25.0,percent,44,2
2026-05-24,e013,beauty,뷰티,Sulwhasoo,브랜드,25.0,percent,36,3
2026-05-25,e013,beauty,뷰티,Sulwhasoo,브랜드,25.0,percent,19,1
2026-05-26,e013,beauty,뷰티,Sulwhasoo,브랜드,25.0,percent,26,2
2026-05-27,e013,beauty,뷰티,Sulwhasoo,브랜드,25.0,percent,43,3
2026-05-28,e013,beauty,뷰티,Sulwhasoo,브랜드,25.0,percent,50,2
2026-05-29,e013,beauty,뷰티,Sulwhasoo,브랜드,25.0,percent,24,1
2026-05-30,e013,beauty,뷰티,Sulwhasoo,브랜드,25.0,percent,42,4
2026-05-31,e013,beauty,뷰티,Sulwhasoo,브랜드,25.0,percent,68,6
2026-06-01,e013,beauty,뷰티,Sulwhasoo,브랜드,25.0,percent,51,3
2026-06-02,e013,beauty,뷰티,Sulwhasoo,브랜드,25.0,percent,23,1
2026-06-03,e013,beauty,뷰티,Sulwhasoo,브랜드,25.0,percent,41,3
2026-06-04,e013,beauty,뷰티,Sulwhasoo,브랜드,25.0,percent,40,3
2026-06-05,e013,beauty,뷰티,Sulwhasoo,브랜드,25.0,percent,47,3
2026-05-16,e034,tech,테크,Xiaomi,브랜드,70.0,percent,63,2
2026-05-17,e034,tech,테크,Xiaomi,브랜드,70.0,percent,72,3
2026-05-18,e034,tech,테크,Xiaomi,브랜드,70.0,percent,53,3
2026-05-19,e034,tech,테크,Xiaomi,브랜드,70.0,percent,44,2
2026-05-20,e034,tech,테크,Xiaomi,브랜드,70.0,percent,44,3
2026-05-21,e034,tech,테크,Xiaomi,브랜드,70.0,percent,84,4
2026-05-22,e034,tech,테크,Xiaomi,브랜드,70.0,percent,43,1
2026-05-23,e034,tech,테크,Xiaomi,브랜드,70.0,percent,61,2
2026-05-24,e034,tech,테크,Xiaomi,브랜드,70.0,percent,53,3
2026-05-25,e034,tech,테크,Xiaomi,브랜드,70.0,percent,32,2
2026-05-26,e034,tech,테크,Xiaomi,브랜드,70.0,percent,20,1
2026-05-27,e034,tech,테크,Xiaomi,브랜드,70.0,percent,31,2
2026-05-28,e034,tech,테크,Xiaomi,브랜드,70.0,percent,16,1
2026-05-29,e034,tech,테크,Xiaomi,브랜드,70.0,percent,44,2
2026-05-30,e034,tech,테크,Xiaomi,브랜드,70.0,percent,21,1
2026-05-31,e034,tech,테크,Xiaomi,브랜드,70.0,percent,46,2
2026-06-01,e034,tech,테크,Xiaomi,브랜드,70.0,percent,23,1
2026-06-02,e034,tech,테크,Xiaomi,브랜드,70.0,percent,19,1
2026-06-03,e034,tech,테크,Xiaomi,브랜드,70.0,percent,37,2
2026-06-04,e034,tech,테크,Xiaomi,브랜드,70.0,percent,25,1
2026-06-05,e034,tech,테크,Xiaomi,브랜드,70.0,percent,36,2
2026-06-06,e034,tech,테크,Xiaomi,브랜드,70.0,percent,24,1
2026-06-07,e034,tech,테크,Xiaomi,브랜드,70.0,percent,64,3
2026-06-08,e034,tech,테크,Xiaomi,브랜드,70.0,percent,29,1
2026-06-09,e034,tech,테크,Xiaomi,브랜드,70.0,percent,27,1
2026-06-10,e034,tech,테크,Xiaomi,브랜드,70.0,percent,42,2
2026-05-17,e035,tech,테크,Sony,브랜드,60.0,percent,114,4
2026-05-18,e035,tech,테크,Sony,브랜드,60.0,percent,25,1
2026-05-19,e035,tech,테크,Sony,브랜드,60.0,percent,85,4
2026-05-20,e035,tech,테크,Sony,브랜드,60.0,percent,41,2
2026-05-21,e035,tech,테크,Sony,브랜드,60.0,percent,74,4
2026-05-22,e035,tech,테크,Sony,브랜드,60.0,percent,42,2
2026-05-23,e035,tech,테크,Sony,브랜드,60.0,percent,43,2
2026-05-24,e035,tech,테크,Sony,브랜드,60.0,percent,53,3
2026-05-25,e035,tech,테크,Sony,브랜드,60.0,percent,67,3
2026-05-26,e035,tech,테크,Sony,브랜드,60.0,percent,43,2
2026-05-27,e035,tech,테크,Sony,브랜드,60.0,percent,35,2
2026-05-18,e053,stay,스테이,Booking.com,브랜드,35.0,percent,60,2
2026-05-19,e053,stay,스테이,Booking.com,브랜드,35.0,percent,44,2
2026-05-20,e053,stay,스테이,Booking.com,브랜드,35.0,percent,65,3
2026-05-21,e053,stay,스테이,Booking.com,브랜드,35.0,percent,48,2
2026-05-22,e053,stay,스테이,Booking.com,브랜드,35.0,percent,24,1
2026-05-23,e053,stay,스테이,Booking.com,브랜드,35.0,percent,31,1
2026-05-24,e053,stay,스테이,Booking.com,브랜드,35.0,percent,45,2
2026-05-25,e053,stay,스테이,Booking.com,브랜드,35.0,percent,17,1
2026-05-26,e053,stay,스테이,Booking.com,브랜드,35.0,percent,23,1
2026-05-27,e053,stay,스테이,Booking.com,브랜드,35.0,percent,31,2
2026-05-28,e053,stay,스테이,Booking.com,브랜드,35.0,percent,27,1
2026-05-29,e053,stay,스테이,Booking.com,브랜드,35.0,percent,18,1
2026-05-30,e053,stay,스테이,Booking.com,브랜드,35.0,percent,23,1
2026-05-31,e053,stay,스테이,Booking.com,브랜드,35.0,percent,34,2
2026-06-01,e053,stay,스테이,Booking.com,브랜드,35.0,percent,41,1
2026-06-02,e053,stay,스테이,Booking.com,브랜드,35.0,percent,18,1
2026-06-03,e053,stay,스테이,Booking.com,브랜드,35.0,percent,27,1
2026-06-04,e053,stay,스테이,Booking.com,브랜드,35.0,percent,24,1
2026-06-05,e053,stay,스테이,Booking.com,브랜드,35.0,percent,20,1
2026-06-06,e053,stay,스테이,Booking.com,브랜드,35.0,percent,41,2
2026-06-07,e053,stay,스테이,Booking.com,브랜드,35.0,percent,15,1
2026-05-18,e022,food,푸드,Baskin Robbins,브랜드,45.0,percent,133,10
2026-05-19,e022,food,푸드,Baskin Robbins,브랜드,45.0,percent,96,9
2026-05-20,e022,food,푸드,Baskin Robbins,브랜드,45.0,percent,61,4
2026-05-21,e022,food,푸드,Baskin Robbins,브랜드,45.0,percent,48,3
2026-05-22,e022,food,푸드,Baskin Robbins,브랜드,45.0,percent,65,5
2026-05-23,e022,food,푸드,Baskin Robbins,브랜드,45.0,percent,64,4
2026-05-24,e022,food,푸드,Baskin Robbins,브랜드,45.0,percent,64,4
2026-05-25,e022,food,푸드,Baskin Robbins,브랜드,45.0,percent,42,3
2026-05-26,e022,food,푸드,Baskin Robbins,브랜드,45.0,percent,35,3
2026-05-27,e022,food,푸드,Baskin Robbins,브랜드,45.0,percent,24,2
2026-05-28,e022,food,푸드,Baskin Robbins,브랜드,45.0,percent,29,2
2026-05-29,e022,food,푸드,Baskin Robbins,브랜드,45.0,percent,76,7
2026-05-30,e022,food,푸드,Baskin Robbins,브랜드,45.0,percent,50,3
2026-05-31,e022,food,푸드,Baskin Robbins,브랜드,45.0,percent,50,3
2026-06-01,e022,food,푸드,Baskin Robbins,브랜드,45.0,percent,33,2
2026-06-02,e022,food,푸드,Baskin Robbins,브랜드,45.0,percent,60,4
2026-05-19,e055,stay,스테이,Airbnb,브랜드,20.0,percent,33,2
2026-05-20,e055,stay,스테이,Airbnb,브랜드,20.0,percent,29,1
2026-05-21,e055,stay,스테이,Airbnb,브랜드,20.0,percent,43,2
2026-05-22,e055,stay,스테이,Airbnb,브랜드,20.0,percent,41,1
2026-05-23,e055,stay,스테이,Airbnb,브랜드,20.0,percent,49,2
2026-05-24,e055,stay,스테이,Airbnb,브랜드,20.0,percent,41,2
2026-05-25,e055,stay,스테이,Airbnb,브랜드,20.0,percent,32,1
2026-05-26,e055,stay,스테이,Airbnb,브랜드,20.0,percent,13,1
2026-05-27,e055,stay,스테이,Airbnb,브랜드,20.0,percent,24,1
2026-05-28,e055,stay,스테이,Airbnb,브랜드,20.0,percent,16,1
2026-05-29,e055,stay,스테이,Airbnb,브랜드,20.0,percent,12,0
2026-05-19,e005,fashion,패션,adidas,브랜드,20.0,percent,74,4
2026-05-20,e005,fashion,패션,adidas,브랜드,20.0,percent,66,3
2026-05-21,e005,fashion,패션,adidas,브랜드,20.0,percent,52,3
2026-05-22,e005,fashion,패션,adidas,브랜드,20.0,percent,79,5
2026-05-23,e005,fashion,패션,adidas,브랜드,20.0,percent,45,2
2026-05-24,e005,fashion,패션,adidas,브랜드,20.0,percent,63,4
2026-05-25,e005,fashion,패션,adidas,브랜드,20.0,percent,32,2
2026-05-26,e005,fashion,패션,adidas,브랜드,20.0,percent,29,1
2026-05-27,e005,fashion,패션,adidas,브랜드,20.0,percent,16,1
2026-05-28,e005,fashion,패션,adidas,브랜드,20.0,percent,43,3
2026-05-29,e005,fashion,패션,adidas,브랜드,20.0,percent,41,2
2026-05-20,e056,stay,스테이,여기어때,브랜드,70.0,percent,86,3
2026-05-21,e056,stay,스테이,여기어때,브랜드,70.0,percent,46,2
2026-05-22,e056,stay,스테이,여기어때,브랜드,70.0,percent,74,3
2026-05-23,e056,stay,스테이,여기어때,브랜드,70.0,percent,66,3
2026-05-24,e056,stay,스테이,여기어때,브랜드,70.0,percent,68,3
2026-05-25,e056,stay,스테이,여기어때,브랜드,70.0,percent,41,2
2026-05-26,e056,stay,스테이,여기어때,브랜드,70.0,percent,61,3
2026-05-27,e056,stay,스테이,여기어때,브랜드,70.0,percent,53,2
2026-05-28,e056,stay,스테이,여기어때,브랜드,70.0,percent,50,3
2026-05-29,e056,stay,스테이,여기어때,브랜드,70.0,percent,35,1
2026-05-30,e056,stay,스테이,여기어때,브랜드,70.0,percent,52,2
2026-05-31,e056,stay,스테이,여기어때,브랜드,70.0,percent,35,1
2026-06-01,e056,stay,스테이,여기어때,브랜드,70.0,percent,39,2
2026-06-02,e056,stay,스테이,여기어때,브랜드,70.0,percent,25,1
2026-06-03,e056,stay,스테이,여기어때,브랜드,70.0,percent,23,1
2026-06-04,e056,stay,스테이,여기어때,브랜드,70.0,percent,31,1
2026-05-20,e054,stay,스테이,Hotels.com,브랜드,35.0,percent,80,3
2026-05-21,e054,stay,스테이,Hotels.com,브랜드,35.0,percent,68,3
2026-05-22,e054,stay,스테이,Hotels.com,브랜드,35.0,percent,43,2
2026-05-23,e054,stay,스테이,Hotels.com,브랜드,35.0,percent,91,4
2026-05-24,e054,stay,스테이,Hotels.com,브랜드,35.0,percent,32,1
2026-05-25,e054,stay,스테이,Hotels.com,브랜드,35.0,percent,23,1
2026-05-26,e054,stay,스테이,Hotels.com,브랜드,35.0,percent,35,2
2026-05-27,e054,stay,스테이,Hotels.com,브랜드,35.0,percent,13,1
2026-05-28,e054,stay,스테이,Hotels.com,브랜드,35.0,percent,25,1
2026-05-29,e054,stay,스테이,Hotels.com,브랜드,35.0,percent,26,1
2026-05-30,e054,stay,스테이,Hotels.com,브랜드,35.0,percent,59,2
2026-05-31,e054,stay,스테이,Hotels.com,브랜드,35.0,percent,21,1
2026-06-01,e054,stay,스테이,Hotels.com,브랜드,35.0,percent,15,1
2026-06-02,e054,stay,스테이,Hotels.com,브랜드,35.0,percent,37,1
2026-06-03,e054,stay,스테이,Hotels.com,브랜드,35.0,percent,19,1
2026-06-04,e054,stay,스테이,Hotels.com,브랜드,35.0,percent,32,1
2026-06-05,e054,stay,스테이,Hotels.com,브랜드,35.0,percent,22,1
2026-06-06,e054,stay,스테이,Hotels.com,브랜드,35.0,percent,24,1
2026-06-07,e054,stay,스테이,Hotels.com,브랜드,35.0,percent,42,2
2026-06-08,e054,stay,스테이,Hotels.com,브랜드,35.0,percent,41,2
2026-06-09,e054,stay,스테이,Hotels.com,브랜드,35.0,percent,29,1
2026-06-10,e054,stay,스테이,Hotels.com,브랜드,35.0,percent,16,1
2026-06-11,e054,stay,스테이,Hotels.com,브랜드,35.0,percent,20,1
2026-06-12,e054,stay,스테이,Hotels.com,브랜드,35.0,percent,18,1
2026-06-13,e054,stay,스테이,Hotels.com,브랜드,35.0,percent,22,1
2026-06-14,e054,stay,스테이,Hotels.com,브랜드,35.0,percent,20,1
2026-05-21,e036,tech,테크,Dyson,브랜드,20.0,percent,44,2
2026-05-22,e036,tech,테크,Dyson,브랜드,20.0,percent,55,2
2026-05-23,e036,tech,테크,Dyson,브랜드,20.0,percent,25,1
2026-05-24,e036,tech,테크,Dyson,브랜드,20.0,percent,45,2
2026-05-25,e036,tech,테크,Dyson,브랜드,20.0,percent,37,2
2026-05-26,e036,tech,테크,Dyson,브랜드,20.0,percent,27,1
2026-05-27,e036,tech,테크,Dyson,브랜드,20.0,percent,30,1
2026-05-28,e036,tech,테크,Dyson,브랜드,20.0,percent,32,2
2026-05-29,e036,tech,테크,Dyson,브랜드,20.0,percent,24,1
2026-05-30,e036,tech,테크,Dyson,브랜드,20.0,percent,30,2
2026-05-31,e036,tech,테크,Dyson,브랜드,20.0,percent,87,3
2026-06-01,e036,tech,테크,Dyson,브랜드,20.0,percent,16,1
2026-06-02,e036,tech,테크,Dyson,브랜드,20.0,percent,23,1
2026-06-03,e036,tech,테크,Dyson,브랜드,20.0,percent,12,0
2026-06-04,e036,tech,테크,Dyson,브랜드,20.0,percent,26,1
2026-06-05,e036,tech,테크,Dyson,브랜드,20.0,percent,18,1
2026-05-21,e006,fashion,패션,GUESS,브랜드,20.0,percent,71,3
2026-05-22,e006,fashion,패션,GUESS,브랜드,20.0,percent,44,3
2026-05-23,e006,fashion,패션,GUESS,브랜드,20.0,percent,44,3
2026-05-24,e006,fashion,패션,GUESS,브랜드,20.0,percent,60,4
2026-05-25,e006,fashion,패션,GUESS,브랜드,20.0,percent,39,2
2026-05-26,e006,fashion,패션,GUESS,브랜드,20.0,percent,32,2
2026-05-27,e006,fashion,패션,GUESS,브랜드,20.0,percent,39,2
2026-05-28,e006,fashion,패션,GUESS,브랜드,20.0,percent,49,3
2026-05-29,e006,fashion,패션,GUESS,브랜드,20.0,percent,27,1
2026-05-30,e006,fashion,패션,GUESS,브랜드,20.0,percent,41,2
2026-05-31,e006,fashion,패션,GUESS,브랜드,20.0,percent,24,2
2026-06-01,e006,fashion,패션,GUESS,브랜드,20.0,percent,15,1
2026-06-02,e006,fashion,패션,GUESS,브랜드,20.0,percent,27,2
2026-06-03,e006,fashion,패션,GUESS,브랜드,20.0,percent,18,1
2026-06-04,e006,fashion,패션,GUESS,브랜드,20.0,percent,27,2
2026-06-05,e006,fashion,패션,GUESS,브랜드,20.0,percent,35,2
2026-05-21,e023,food,푸드,Paris Baguette,소상공인,50.0,percent,53,4
2026-05-22,e023,food,푸드,Paris Baguette,소상공인,50.0,percent,110,7
2026-05-23,e023,food,푸드,Paris Baguette,소상공인,50.0,percent,144,9
2026-05-24,e023,food,푸드,Paris Baguette,소상공인,50.0,percent,100,9
2026-05-25,e023,food,푸드,Paris Baguette,소상공인,50.0,percent,38,3
2026-05-26,e023,food,푸드,Paris Baguette,소상공인,50.0,percent,45,4
2026-05-27,e023,food,푸드,Paris Baguette,소상공인,50.0,percent,46,2
2026-05-28,e023,food,푸드,Paris Baguette,소상공인,50.0,percent,43,2
2026-05-29,e023,food,푸드,Paris Baguette,소상공인,50.0,percent,33,2
2026-05-30,e023,food,푸드,Paris Baguette,소상공인,50.0,percent,44,4
2026-05-31,e023,food,푸드,Paris Baguette,소상공인,50.0,percent,48,4
2026-06-01,e023,food,푸드,Paris Baguette,소상공인,50.0,percent,39,4
2026-06-02,e023,food,푸드,Paris Baguette,소상공인,50.0,percent,28,3
2026-06-03,e023,food,푸드,Paris Baguette,소상공인,50.0,percent,15,1
2026-06-04,e023,food,푸드,Paris Baguette,소상공인,50.0,percent,19,2
2026-06-05,e023,food,푸드,Paris Baguette,소상공인,50.0,percent,36,3
2026-06-06,e023,food,푸드,Paris Baguette,소상공인,50.0,percent,91,7
2026-06-07,e023,food,푸드,Paris Baguette,소상공인,50.0,percent,53,4
2026-06-08,e023,food,푸드,Paris Baguette,소상공인,50.0,percent,35,3
2026-06-09,e023,food,푸드,Paris Baguette,소상공인,50.0,percent,24,2
2026-06-10,e023,food,푸드,Paris Baguette,소상공인,50.0,percent,28,3
2026-05-21,e067,living,리빙,한샘,브랜드,60.0,percent,40,2
2026-05-22,e067,living,리빙,한샘,브랜드,60.0,percent,60,2
2026-05-23,e067,living,리빙,한샘,브랜드,60.0,percent,93,4
2026-05-24,e067,living,리빙,한샘,브랜드,60.0,percent,73,3
2026-05-25,e067,living,리빙,한샘,브랜드,60.0,percent,35,2
2026-05-26,e067,living,리빙,한샘,브랜드,60.0,percent,36,1
2026-05-27,e067,living,리빙,한샘,브랜드,60.0,percent,38,2
2026-05-28,e067,living,리빙,한샘,브랜드,60.0,percent,30,1
2026-05-29,e067,living,리빙,한샘,브랜드,60.0,percent,50,2
2026-05-30,e067,living,리빙,한샘,브랜드,60.0,percent,51,2
2026-05-31,e067,living,리빙,한샘,브랜드,60.0,percent,37,2
2026-06-01,e067,living,리빙,한샘,브랜드,60.0,percent,20,1
2026-06-02,e067,living,리빙,한샘,브랜드,60.0,percent,23,1
2026-06-03,e067,living,리빙,한샘,브랜드,60.0,percent,24,1
2026-06-04,e067,living,리빙,한샘,브랜드,60.0,percent,24,1
2026-06-05,e067,living,리빙,한샘,브랜드,60.0,percent,21,1
2026-06-06,e067,living,리빙,한샘,브랜드,60.0,percent,68,4
2026-06-07,e067,living,리빙,한샘,브랜드,60.0,percent,61,2
2026-06-08,e067,living,리빙,한샘,브랜드,60.0,percent,26,1
2026-06-09,e067,living,리빙,한샘,브랜드,60.0,percent,28,1
2026-06-10,e067,living,리빙,한샘,브랜드,60.0,percent,32,2
2026-05-21,e033,tech,테크,LG Electronics,브랜드,50.0,percent,64,3
2026-05-22,e033,tech,테크,LG Electronics,브랜드,50.0,percent,77,3
2026-05-23,e033,tech,테크,LG Electronics,브랜드,50.0,percent,87,4
2026-05-24,e033,tech,테크,LG Electronics,브랜드,50.0,percent,62,2
2026-05-25,e033,tech,테크,LG Electronics,브랜드,50.0,percent,50,2
2026-05-26,e033,tech,테크,LG Electronics,브랜드,50.0,percent,26,1
2026-05-27,e033,tech,테크,LG Electronics,브랜드,50.0,percent,32,1
2026-05-28,e033,tech,테크,LG Electronics,브랜드,50.0,percent,83,3
2026-05-29,e033,tech,테크,LG Electronics,브랜드,50.0,percent,52,3
2026-05-30,e033,tech,테크,LG Electronics,브랜드,50.0,percent,44,2
2026-05-31,e033,tech,테크,LG Electronics,브랜드,50.0,percent,27,1
2026-06-01,e033,tech,테크,LG Electronics,브랜드,50.0,percent,26,1
2026-06-02,e033,tech,테크,LG Electronics,브랜드,50.0,percent,33,1
2026-06-03,e033,tech,테크,LG Electronics,브랜드,50.0,percent,32,2
2026-06-04,e033,tech,테크,LG Electronics,브랜드,50.0,percent,14,1
2026-06-05,e033,tech,테크,LG Electronics,브랜드,50.0,percent,18,1
2026-06-06,e033,tech,테크,LG Electronics,브랜드,50.0,percent,22,1
2026-06-07,e033,tech,테크,LG Electronics,브랜드,50.0,percent,39,2
2026-06-08,e033,tech,테크,LG Electronics,브랜드,50.0,percent,14,1
2026-06-09,e033,tech,테크,LG Electronics,브랜드,50.0,percent,16,1
2026-06-10,e033,tech,테크,LG Electronics,브랜드,50.0,percent,22,1
2026-05-22,e065,living,리빙,Zara Home,소상공인,35.0,percent,94,5
2026-05-23,e065,living,리빙,Zara Home,소상공인,35.0,percent,77,4
2026-05-24,e065,living,리빙,Zara Home,소상공인,35.0,percent,47,3
2026-05-25,e065,living,리빙,Zara Home,소상공인,35.0,percent,44,2
2026-05-26,e065,living,리빙,Zara Home,소상공인,35.0,percent,58,2
2026-05-27,e065,living,리빙,Zara Home,소상공인,35.0,percent,28,1
2026-05-28,e065,living,리빙,Zara Home,소상공인,35.0,percent,17,1
2026-05-29,e065,living,리빙,Zara Home,소상공인,35.0,percent,22,1
2026-05-30,e065,living,리빙,Zara Home,소상공인,35.0,percent,25,1
2026-05-31,e065,living,리빙,Zara Home,소상공인,35.0,percent,23,1
2026-06-01,e065,living,리빙,Zara Home,소상공인,35.0,percent,19,1
2026-05-22,e066,living,리빙,Nitori,브랜드,25.0,percent,74,3
2026-05-23,e066,living,리빙,Nitori,브랜드,25.0,percent,42,1
2026-05-24,e066,living,리빙,Nitori,브랜드,25.0,percent,36,2
2026-05-25,e066,living,리빙,Nitori,브랜드,25.0,percent,43,2
2026-05-26,e066,living,리빙,Nitori,브랜드,25.0,percent,25,1
2026-05-27,e066,living,리빙,Nitori,브랜드,25.0,percent,22,1
2026-05-28,e066,living,리빙,Nitori,브랜드,25.0,percent,26,1
2026-05-29,e066,living,리빙,Nitori,브랜드,25.0,percent,51,3
2026-05-30,e066,living,리빙,Nitori,브랜드,25.0,percent,47,2
2026-05-31,e066,living,리빙,Nitori,브랜드,25.0,percent,40,1
2026-06-01,e066,living,리빙,Nitori,브랜드,25.0,percent,40,2
2026-06-02,e066,living,리빙,Nitori,브랜드,25.0,percent,23,1
2026-06-03,e066,living,리빙,Nitori,브랜드,25.0,percent,40,2
2026-06-04,e066,living,리빙,Nitori,브랜드,25.0,percent,43,2
2026-06-05,e066,living,리빙,Nitori,브랜드,25.0,percent,16,1
2026-06-06,e066,living,리빙,Nitori,브랜드,25.0,percent,17,1
2026-05-22,e045,delivery,딜리버리,Pizza Hut,브랜드,35.0,percent,62,3
2026-05-23,e045,delivery,딜리버리,Pizza Hut,브랜드,35.0,percent,135,6
2026-05-24,e045,delivery,딜리버리,Pizza Hut,브랜드,35.0,percent,67,3
2026-05-25,e045,delivery,딜리버리,Pizza Hut,브랜드,35.0,percent,41,2
2026-05-26,e045,delivery,딜리버리,Pizza Hut,브랜드,35.0,percent,52,2
2026-05-27,e045,delivery,딜리버리,Pizza Hut,브랜드,35.0,percent,31,1
2026-05-28,e045,delivery,딜리버리,Pizza Hut,브랜드,35.0,percent,40,3
2026-05-29,e045,delivery,딜리버리,Pizza Hut,브랜드,35.0,percent,52,3
2026-05-30,e045,delivery,딜리버리,Pizza Hut,브랜드,35.0,percent,34,2
2026-05-31,e045,delivery,딜리버리,Pizza Hut,브랜드,35.0,percent,28,2
2026-06-01,e045,delivery,딜리버리,Pizza Hut,브랜드,35.0,percent,29,1
2026-05-23,e016,beauty,뷰티,Laneige,소상공인,30.0,percent,102,5
2026-05-24,e016,beauty,뷰티,Laneige,소상공인,30.0,percent,100,5
2026-05-25,e016,beauty,뷰티,Laneige,소상공인,30.0,percent,94,8
2026-05-26,e016,beauty,뷰티,Laneige,소상공인,30.0,percent,28,2
2026-05-27,e016,beauty,뷰티,Laneige,소상공인,30.0,percent,30,2
2026-05-28,e016,beauty,뷰티,Laneige,소상공인,30.0,percent,72,4
2026-05-29,e016,beauty,뷰티,Laneige,소상공인,30.0,percent,59,5
2026-05-30,e016,beauty,뷰티,Laneige,소상공인,30.0,percent,44,3
2026-05-31,e016,beauty,뷰티,Laneige,소상공인,30.0,percent,61,3
2026-06-01,e016,beauty,뷰티,Laneige,소상공인,30.0,percent,20,1
2026-06-02,e016,beauty,뷰티,Laneige,소상공인,30.0,percent,24,1
2026-06-03,e016,beauty,뷰티,Laneige,소상공인,30.0,percent,10,1
2026-06-04,e016,beauty,뷰티,Laneige,소상공인,30.0,percent,29,2
2026-06-05,e016,beauty,뷰티,Laneige,소상공인,30.0,percent,29,2
2026-06-06,e016,beauty,뷰티,Laneige,소상공인,30.0,percent,34,3
2026-06-07,e016,beauty,뷰티,Laneige,소상공인,30.0,percent,44,4
2026-05-23,e037,tech,테크,Bose,소상공인,20.0,percent,86,3
2026-05-24,e037,tech,테크,Bose,소상공인,20.0,percent,41,2
2026-05-25,e037,tech,테크,Bose,소상공인,20.0,percent,19,1
2026-05-26,e037,tech,테크,Bose,소상공인,20.0,percent,15,1
2026-05-27,e037,tech,테크,Bose,소상공인,20.0,percent,12,0
2026-05-28,e037,tech,테크,Bose,소상공인,20.0,percent,42,2
2026-05-29,e037,tech,테크,Bose,소상공인,20.0,percent,33,2
2026-05-30,e037,tech,테크,Bose,소상공인,20.0,percent,34,1
2026-05-31,e037,tech,테크,Bose,소상공인,20.0,percent,21,1
2026-06-01,e037,tech,테크,Bose,소상공인,20.0,percent,14,1
2026-06-02,e037,tech,테크,Bose,소상공인,20.0,percent,23,1
2026-06-03,e037,tech,테크,Bose,소상공인,20.0,percent,9,0
2026-06-04,e037,tech,테크,Bose,소상공인,20.0,percent,15,1
2026-06-05,e037,tech,테크,Bose,소상공인,20.0,percent,31,1
2026-06-06,e037,tech,테크,Bose,소상공인,20.0,percent,20,1
2026-06-07,e037,tech,테크,Bose,소상공인,20.0,percent,27,1
2026-06-08,e037,tech,테크,Bose,소상공인,20.0,percent,15,1
2026-06-09,e037,tech,테크,Bose,소상공인,20.0,percent,6,0
2026-06-10,e037,tech,테크,Bose,소상공인,20.0,percent,14,1
2026-06-11,e037,tech,테크,Bose,소상공인,20.0,percent,16,1
2026-06-12,e037,tech,테크,Bose,소상공인,20.0,percent,18,1
2026-05-24,e044,delivery,딜리버리,Domino's Pizza,소상공인,,bundle,52,2
2026-05-25,e044,delivery,딜리버리,Domino's Pizza,소상공인,,bundle,45,2
2026-05-26,e044,delivery,딜리버리,Domino's Pizza,소상공인,,bundle,20,1
2026-05-27,e044,delivery,딜리버리,Domino's Pizza,소상공인,,bundle,32,1
2026-05-28,e044,delivery,딜리버리,Domino's Pizza,소상공인,,bundle,46,2
2026-05-29,e044,delivery,딜리버리,Domino's Pizza,소상공인,,bundle,69,4
2026-05-30,e044,delivery,딜리버리,Domino's Pizza,소상공인,,bundle,69,3
2026-05-31,e044,delivery,딜리버리,Domino's Pizza,소상공인,,bundle,26,1
2026-06-01,e044,delivery,딜리버리,Domino's Pizza,소상공인,,bundle,15,1
2026-06-02,e044,delivery,딜리버리,Domino's Pizza,소상공인,,bundle,24,1
2026-06-03,e044,delivery,딜리버리,Domino's Pizza,소상공인,,bundle,23,1
2026-06-04,e044,delivery,딜리버리,Domino's Pizza,소상공인,,bundle,29,2
2026-06-05,e044,delivery,딜리버리,Domino's Pizza,소상공인,,bundle,23,1
2026-06-06,e044,delivery,딜리버리,Domino's Pizza,소상공인,,bundle,33,2
2026-06-07,e044,delivery,딜리버리,Domino's Pizza,소상공인,,bundle,30,2
2026-06-08,e044,delivery,딜리버리,Domino's Pizza,소상공인,,bundle,19,1
2026-06-09,e044,delivery,딜리버리,Domino's Pizza,소상공인,,bundle,11,1
2026-06-10,e044,delivery,딜리버리,Domino's Pizza,소상공인,,bundle,27,2
2026-06-11,e044,delivery,딜리버리,Domino's Pizza,소상공인,,bundle,23,1
2026-06-12,e044,delivery,딜리버리,Domino's Pizza,소상공인,,bundle,35,2
2026-06-13,e044,delivery,딜리버리,Domino's Pizza,소상공인,,bundle,45,3
2026-06-14,e044,delivery,딜리버리,Domino's Pizza,소상공인,,bundle,28,1
2026-06-15,e044,delivery,딜리버리,Domino's Pizza,소상공인,,bundle,27,2
2026-06-16,e044,delivery,딜리버리,Domino's Pizza,소상공인,,bundle,35,2
2026-06-17,e044,delivery,딜리버리,Domino's Pizza,소상공인,,bundle,42,2
2026-06-18,e044,delivery,딜리버리,Domino's Pizza,소상공인,,bundle,24,1
2026-05-24,e047,delivery,딜리버리,bhc치킨,브랜드,25.0,percent,98,6
2026-05-25,e047,delivery,딜리버리,bhc치킨,브랜드,25.0,percent,59,3
2026-05-26,e047,delivery,딜리버리,bhc치킨,브랜드,25.0,percent,53,2
2026-05-27,e047,delivery,딜리버리,bhc치킨,브랜드,25.0,percent,59,3
2026-05-28,e047,delivery,딜리버리,bhc치킨,브랜드,25.0,percent,43,2
2026-05-29,e047,delivery,딜리버리,bhc치킨,브랜드,25.0,percent,86,5
2026-05-30,e047,delivery,딜리버리,bhc치킨,브랜드,25.0,percent,88,4
2026-05-31,e047,delivery,딜리버리,bhc치킨,브랜드,25.0,percent,42,2
2026-06-01,e047,delivery,딜리버리,bhc치킨,브랜드,25.0,percent,29,1
2026-06-02,e047,delivery,딜리버리,bhc치킨,브랜드,25.0,percent,22,1
2026-06-03,e047,delivery,딜리버리,bhc치킨,브랜드,25.0,percent,32,1
2026-06-04,e047,delivery,딜리버리,bhc치킨,브랜드,25.0,percent,24,1
2026-06-05,e047,delivery,딜리버리,bhc치킨,브랜드,25.0,percent,27,1
2026-06-06,e047,delivery,딜리버리,bhc치킨,브랜드,25.0,percent,45,2
2026-06-07,e047,delivery,딜리버리,bhc치킨,브랜드,25.0,percent,23,1
2026-06-08,e047,delivery,딜리버리,bhc치킨,브랜드,25.0,percent,34,2
2026-06-09,e047,delivery,딜리버리,bhc치킨,브랜드,25.0,percent,28,1
2026-06-10,e047,delivery,딜리버리,bhc치킨,브랜드,25.0,percent,42,2
2026-06-11,e047,delivery,딜리버리,bhc치킨,브랜드,25.0,percent,28,1
2026-06-12,e047,delivery,딜리버리,bhc치킨,브랜드,25.0,percent,39,2
2026-06-13,e047,delivery,딜리버리,bhc치킨,브랜드,25.0,percent,16,1
2026-05-24,e024,food,푸드,Tous les Jours,브랜드,,bundle,162,15
2026-05-25,e024,food,푸드,Tous les Jours,브랜드,,bundle,115,9
2026-05-26,e024,food,푸드,Tous les Jours,브랜드,,bundle,65,6
2026-05-27,e024,food,푸드,Tous les Jours,브랜드,,bundle,48,4
2026-05-28,e024,food,푸드,Tous les Jours,브랜드,,bundle,61,5
2026-05-29,e024,food,푸드,Tous les Jours,브랜드,,bundle,85,8
2026-05-30,e024,food,푸드,Tous les Jours,브랜드,,bundle,98,6
2026-05-31,e024,food,푸드,Tous les Jours,브랜드,,bundle,32,2
2026-06-01,e024,food,푸드,Tous les Jours,브랜드,,bundle,109,9
2026-06-02,e024,food,푸드,Tous les Jours,브랜드,,bundle,30,3
2026-06-03,e024,food,푸드,Tous les Jours,브랜드,,bundle,47,4
2026-06-04,e024,food,푸드,Tous les Jours,브랜드,,bundle,61,5
2026-06-05,e024,food,푸드,Tous les Jours,브랜드,,bundle,43,3
2026-06-06,e024,food,푸드,Tous les Jours,브랜드,,bundle,77,5
2026-06-07,e024,food,푸드,Tous les Jours,브랜드,,bundle,26,2
2026-06-08,e024,food,푸드,Tous les Jours,브랜드,,bundle,16,1
2026-06-09,e024,food,푸드,Tous les Jours,브랜드,,bundle,47,4
2026-06-10,e024,food,푸드,Tous les Jours,브랜드,,bundle,47,3
2026-06-11,e024,food,푸드,Tous les Jours,브랜드,,bundle,80,8
2026-06-12,e024,food,푸드,Tous les Jours,브랜드,,bundle,48,3
2026-06-13,e024,food,푸드,Tous les Jours,브랜드,,bundle,68,5
2026-06-14,e024,food,푸드,Tous les Jours,브랜드,,bundle,82,7
2026-06-15,e024,food,푸드,Tous les Jours,브랜드,,bundle,53,3
2026-06-16,e024,food,푸드,Tous les Jours,브랜드,,bundle,30,2
2026-06-17,e024,food,푸드,Tous les Jours,브랜드,,bundle,35,2
2026-06-18,e024,food,푸드,Tous les Jours,브랜드,,bundle,32,3
2026-05-25,e025,food,푸드,Ediya Coffee,브랜드,50.0,percent,93,6
2026-05-26,e025,food,푸드,Ediya Coffee,브랜드,50.0,percent,114,9
2026-05-27,e025,food,푸드,Ediya Coffee,브랜드,50.0,percent,73,4
2026-05-28,e025,food,푸드,Ediya Coffee,브랜드,50.0,percent,99,6
2026-05-29,e025,food,푸드,Ediya Coffee,브랜드,50.0,percent,78,6
2026-05-30,e025,food,푸드,Ediya Coffee,브랜드,50.0,percent,88,9
2026-05-31,e025,food,푸드,Ediya Coffee,브랜드,50.0,percent,55,4
2026-06-01,e025,food,푸드,Ediya Coffee,브랜드,50.0,percent,66,5
2026-06-02,e025,food,푸드,Ediya Coffee,브랜드,50.0,percent,24,1
2026-06-03,e025,food,푸드,Ediya Coffee,브랜드,50.0,percent,70,5
2026-06-04,e025,food,푸드,Ediya Coffee,브랜드,50.0,percent,105,8
2026-05-25,e038,tech,테크,JBL,브랜드,20.0,percent,50,3
2026-05-26,e038,tech,테크,JBL,브랜드,20.0,percent,40,1
2026-05-27,e038,tech,테크,JBL,브랜드,20.0,percent,21,1
2026-05-28,e038,tech,테크,JBL,브랜드,20.0,percent,29,1
2026-05-29,e038,tech,테크,JBL,브랜드,20.0,percent,52,2
2026-05-30,e038,tech,테크,JBL,브랜드,20.0,percent,59,2
2026-05-31,e038,tech,테크,JBL,브랜드,20.0,percent,37,1
2026-06-01,e038,tech,테크,JBL,브랜드,20.0,percent,32,2
2026-06-02,e038,tech,테크,JBL,브랜드,20.0,percent,16,1
2026-06-03,e038,tech,테크,JBL,브랜드,20.0,percent,25,1
2026-06-04,e038,tech,테크,JBL,브랜드,20.0,percent,36,2
2026-06-05,e038,tech,테크,JBL,브랜드,20.0,percent,32,2
2026-06-06,e038,tech,테크,JBL,브랜드,20.0,percent,53,3
2026-06-07,e038,tech,테크,JBL,브랜드,20.0,percent,48,2
2026-06-08,e038,tech,테크,JBL,브랜드,20.0,percent,22,1
2026-06-09,e038,tech,테크,JBL,브랜드,20.0,percent,6,0
2026-06-10,e038,tech,테크,JBL,브랜드,20.0,percent,27,1
2026-06-11,e038,tech,테크,JBL,브랜드,20.0,percent,13,0
2026-06-12,e038,tech,테크,JBL,브랜드,20.0,percent,10,0
2026-06-13,e038,tech,테크,JBL,브랜드,20.0,percent,14,1
2026-06-14,e038,tech,테크,JBL,브랜드,20.0,percent,38,1
2026-06-15,e038,tech,테크,JBL,브랜드,20.0,percent,22,1
2026-06-16,e038,tech,테크,JBL,브랜드,20.0,percent,18,1
2026-06-17,e038,tech,테크,JBL,브랜드,20.0,percent,22,1
2026-06-18,e038,tech,테크,JBL,브랜드,20.0,percent,10,0
2026-06-19,e038,tech,테크,JBL,브랜드,20.0,percent,21,1
2026-05-25,e007,fashion,패션,Uniqlo,브랜드,30.0,percent,59,2
2026-05-26,e007,fashion,패션,Uniqlo,브랜드,30.0,percent,63,4
2026-05-27,e007,fashion,패션,Uniqlo,브랜드,30.0,percent,59,4
2026-05-28,e007,fashion,패션,Uniqlo,브랜드,30.0,percent,63,3
2026-05-29,e007,fashion,패션,Uniqlo,브랜드,30.0,percent,73,5
2026-05-30,e007,fashion,패션,Uniqlo,브랜드,30.0,percent,32,1
2026-05-31,e007,fashion,패션,Uniqlo,브랜드,30.0,percent,49,2
2026-06-01,e007,fashion,패션,Uniqlo,브랜드,30.0,percent,36,2
2026-06-02,e007,fashion,패션,Uniqlo,브랜드,30.0,percent,20,1
2026-06-03,e007,fashion,패션,Uniqlo,브랜드,30.0,percent,20,1
2026-06-04,e007,fashion,패션,Uniqlo,브랜드,30.0,percent,17,1
2026-06-05,e007,fashion,패션,Uniqlo,브랜드,30.0,percent,23,1
2026-06-06,e007,fashion,패션,Uniqlo,브랜드,30.0,percent,61,2
2026-06-07,e007,fashion,패션,Uniqlo,브랜드,30.0,percent,23,1
2026-06-08,e007,fashion,패션,Uniqlo,브랜드,30.0,percent,17,1
2026-06-09,e007,fashion,패션,Uniqlo,브랜드,30.0,percent,28,1
2026-06-10,e007,fashion,패션,Uniqlo,브랜드,30.0,percent,33,2
2026-06-11,e007,fashion,패션,Uniqlo,브랜드,30.0,percent,29,1
2026-06-12,e007,fashion,패션,Uniqlo,브랜드,30.0,percent,24,1
2026-06-13,e007,fashion,패션,Uniqlo,브랜드,30.0,percent,26,1
2026-06-14,e007,fashion,패션,Uniqlo,브랜드,30.0,percent,39,2
2026-05-26,e015,beauty,뷰티,The Face Shop,브랜드,,bundle,212,18
2026-05-27,e015,beauty,뷰티,The Face Shop,브랜드,,bundle,63,4
2026-05-28,e015,beauty,뷰티,The Face Shop,브랜드,,bundle,53,3
2026-05-29,e015,beauty,뷰티,The Face Shop,브랜드,,bundle,88,7
2026-05-30,e015,beauty,뷰티,The Face Shop,브랜드,,bundle,65,5
2026-05-31,e015,beauty,뷰티,The Face Shop,브랜드,,bundle,36,2
2026-06-01,e015,beauty,뷰티,The Face Shop,브랜드,,bundle,34,3
2026-06-02,e015,beauty,뷰티,The Face Shop,브랜드,,bundle,42,3
2026-06-03,e015,beauty,뷰티,The Face Shop,브랜드,,bundle,32,2
2026-06-04,e015,beauty,뷰티,The Face Shop,브랜드,,bundle,43,2
2026-06-05,e015,beauty,뷰티,The Face Shop,브랜드,,bundle,54,4
2026-05-26,e048,delivery,딜리버리,교촌치킨,브랜드,25.0,percent,56,2
2026-05-27,e048,delivery,딜리버리,교촌치킨,브랜드,25.0,percent,54,3
2026-05-28,e048,delivery,딜리버리,교촌치킨,브랜드,25.0,percent,45,3
2026-05-29,e048,delivery,딜리버리,교촌치킨,브랜드,25.0,percent,66,4
2026-05-30,e048,delivery,딜리버리,교촌치킨,브랜드,25.0,percent,51,3
2026-05-31,e048,delivery,딜리버리,교촌치킨,브랜드,25.0,percent,57,2
2026-06-01,e048,delivery,딜리버리,교촌치킨,브랜드,25.0,percent,35,2
2026-06-02,e048,delivery,딜리버리,교촌치킨,브랜드,25.0,percent,15,1
2026-06-03,e048,delivery,딜리버리,교촌치킨,브랜드,25.0,percent,35,2
2026-06-04,e048,delivery,딜리버리,교촌치킨,브랜드,25.0,percent,30,1
2026-06-05,e048,delivery,딜리버리,교촌치킨,브랜드,25.0,percent,54,3
2026-06-06,e048,delivery,딜리버리,교촌치킨,브랜드,25.0,percent,26,2
2026-06-07,e048,delivery,딜리버리,교촌치킨,브랜드,25.0,percent,38,2
2026-06-08,e048,delivery,딜리버리,교촌치킨,브랜드,25.0,percent,21,1
2026-06-09,e048,delivery,딜리버리,교촌치킨,브랜드,25.0,percent,12,1
2026-06-10,e048,delivery,딜리버리,교촌치킨,브랜드,25.0,percent,12,1
2026-06-11,e048,delivery,딜리버리,교촌치킨,브랜드,25.0,percent,43,3
2026-06-12,e048,delivery,딜리버리,교촌치킨,브랜드,25.0,percent,33,2
2026-06-13,e048,delivery,딜리버리,교촌치킨,브랜드,25.0,percent,33,2
2026-06-14,e048,delivery,딜리버리,교촌치킨,브랜드,25.0,percent,19,1
2026-06-15,e048,delivery,딜리버리,교촌치킨,브랜드,25.0,percent,39,2
2026-06-16,e048,delivery,딜리버리,교촌치킨,브랜드,25.0,percent,17,1
2026-06-17,e048,delivery,딜리버리,교촌치킨,브랜드,25.0,percent,26,1
2026-06-18,e048,delivery,딜리버리,교촌치킨,브랜드,25.0,percent,26,2
2026-06-19,e048,delivery,딜리버리,교촌치킨,브랜드,25.0,percent,60,3
2026-06-20,e048,delivery,딜리버리,교촌치킨,브랜드,25.0,percent,35,1
2026-05-27,e057,stay,스테이,Marriott,브랜드,40.0,percent,45,2
2026-05-28,e057,stay,스테이,Marriott,브랜드,40.0,percent,55,2
2026-05-29,e057,stay,스테이,Marriott,브랜드,40.0,percent,60,3
2026-05-30,e057,stay,스테이,Marriott,브랜드,40.0,percent,145,4
2026-05-31,e057,stay,스테이,Marriott,브랜드,40.0,percent,45,2
2026-06-01,e057,stay,스테이,Marriott,브랜드,40.0,percent,20,1
2026-06-02,e057,stay,스테이,Marriott,브랜드,40.0,percent,23,1
2026-06-03,e057,stay,스테이,Marriott,브랜드,40.0,percent,29,1
2026-06-04,e057,stay,스테이,Marriott,브랜드,40.0,percent,31,1
2026-06-05,e057,stay,스테이,Marriott,브랜드,40.0,percent,17,1
2026-06-06,e057,stay,스테이,Marriott,브랜드,40.0,percent,29,1
2026-06-07,e057,stay,스테이,Marriott,브랜드,40.0,percent,61,2
2026-06-08,e057,stay,스테이,Marriott,브랜드,40.0,percent,16,1
2026-06-09,e057,stay,스테이,Marriott,브랜드,40.0,percent,28,1
2026-06-10,e057,stay,스테이,Marriott,브랜드,40.0,percent,19,1
2026-06-11,e057,stay,스테이,Marriott,브랜드,40.0,percent,22,1
2026-06-12,e057,stay,스테이,Marriott,브랜드,40.0,percent,16,1
2026-06-13,e057,stay,스테이,Marriott,브랜드,40.0,percent,29,1
2026-06-14,e057,stay,스테이,Marriott,브랜드,40.0,percent,31,1
2026-06-15,e057,stay,스테이,Marriott,브랜드,40.0,percent,20,1
2026-06-16,e057,stay,스테이,Marriott,브랜드,40.0,percent,18,1
2026-05-28,e046,delivery,딜리버리,Mister Pizza,브랜드,,bundle,86,5
2026-05-29,e046,delivery,딜리버리,Mister Pizza,브랜드,,bundle,46,3
2026-05-30,e046,delivery,딜리버리,Mister Pizza,브랜드,,bundle,83,5
2026-05-31,e046,delivery,딜리버리,Mister Pizza,브랜드,,bundle,29,2
2026-06-01,e046,delivery,딜리버리,Mister Pizza,브랜드,,bundle,61,2
2026-06-02,e046,delivery,딜리버리,Mister Pizza,브랜드,,bundle,33,1
2026-06-03,e046,delivery,딜리버리,Mister Pizza,브랜드,,bundle,45,2
2026-06-04,e046,delivery,딜리버리,Mister Pizza,브랜드,,bundle,13,1
2026-06-05,e046,delivery,딜리버리,Mister Pizza,브랜드,,bundle,49,2
2026-06-06,e046,delivery,딜리버리,Mister Pizza,브랜드,,bundle,33,2
2026-06-07,e046,delivery,딜리버리,Mister Pizza,브랜드,,bundle,39,2
2026-06-08,e046,delivery,딜리버리,Mister Pizza,브랜드,,bundle,34,2
2026-06-09,e046,delivery,딜리버리,Mister Pizza,브랜드,,bundle,25,1
2026-06-10,e046,delivery,딜리버리,Mister Pizza,브랜드,,bundle,32,2
2026-06-11,e046,delivery,딜리버리,Mister Pizza,브랜드,,bundle,24,1
2026-06-12,e046,delivery,딜리버리,Mister Pizza,브랜드,,bundle,51,3
2026-05-28,e058,stay,스테이,Hilton,소상공인,35.0,percent,45,1
2026-05-29,e058,stay,스테이,Hilton,소상공인,35.0,percent,47,2
2026-05-30,e058,stay,스테이,Hilton,소상공인,35.0,percent,48,2
2026-05-31,e058,stay,스테이,Hilton,소상공인,35.0,percent,41,2
2026-06-01,e058,stay,스테이,Hilton,소상공인,35.0,percent,17,1
2026-06-02,e058,stay,스테이,Hilton,소상공인,35.0,percent,17,0
2026-06-03,e058,stay,스테이,Hilton,소상공인,35.0,percent,32,1
2026-06-04,e058,stay,스테이,Hilton,소상공인,35.0,percent,30,1
2026-06-05,e058,stay,스테이,Hilton,소상공인,35.0,percent,34,2
2026-06-06,e058,stay,스테이,Hilton,소상공인,35.0,percent,34,2
2026-06-07,e058,stay,스테이,Hilton,소상공인,35.0,percent,22,1
2026-06-08,e058,stay,스테이,Hilton,소상공인,35.0,percent,15,1
2026-06-09,e058,stay,스테이,Hilton,소상공인,35.0,percent,17,1
2026-06-10,e058,stay,스테이,Hilton,소상공인,35.0,percent,26,1
2026-06-11,e058,stay,스테이,Hilton,소상공인,35.0,percent,20,1
2026-06-12,e058,stay,스테이,Hilton,소상공인,35.0,percent,15,0
2026-06-13,e058,stay,스테이,Hilton,소상공인,35.0,percent,15,1
2026-06-14,e058,stay,스테이,Hilton,소상공인,35.0,percent,32,1
2026-06-15,e058,stay,스테이,Hilton,소상공인,35.0,percent,28,1
2026-06-16,e058,stay,스테이,Hilton,소상공인,35.0,percent,9,0
2026-06-17,e058,stay,스테이,Hilton,소상공인,35.0,percent,23,1
2026-06-18,e058,stay,스테이,Hilton,소상공인,35.0,percent,20,1
2026-06-19,e058,stay,스테이,Hilton,소상공인,35.0,percent,16,1
2026-06-20,e058,stay,스테이,Hilton,소상공인,35.0,percent,27,1
2026-06-21,e058,stay,스테이,Hilton,소상공인,35.0,percent,15,1
2026-06-22,e058,stay,스테이,Hilton,소상공인,35.0,percent,15,1
2026-05-28,e068,living,리빙,Tempur,브랜드,35.0,percent,63,4
2026-05-29,e068,living,리빙,Tempur,브랜드,35.0,percent,102,6
2026-05-30,e068,living,리빙,Tempur,브랜드,35.0,percent,61,2
2026-05-31,e068,living,리빙,Tempur,브랜드,35.0,percent,43,2
2026-06-01,e068,living,리빙,Tempur,브랜드,35.0,percent,40,2
2026-06-02,e068,living,리빙,Tempur,브랜드,35.0,percent,38,1
2026-06-03,e068,living,리빙,Tempur,브랜드,35.0,percent,23,1
2026-06-04,e068,living,리빙,Tempur,브랜드,35.0,percent,21,1
2026-06-05,e068,living,리빙,Tempur,브랜드,35.0,percent,25,1
2026-06-06,e068,living,리빙,Tempur,브랜드,35.0,percent,61,3
2026-06-07,e068,living,리빙,Tempur,브랜드,35.0,percent,42,2
2026-06-08,e068,living,리빙,Tempur,브랜드,35.0,percent,22,1
2026-06-09,e068,living,리빙,Tempur,브랜드,35.0,percent,33,2
2026-06-10,e068,living,리빙,Tempur,브랜드,35.0,percent,18,1
2026-06-11,e068,living,리빙,Tempur,브랜드,35.0,percent,24,1
2026-06-12,e068,living,리빙,Tempur,브랜드,35.0,percent,19,1
2026-06-13,e068,living,리빙,Tempur,브랜드,35.0,percent,49,3
2026-06-14,e068,living,리빙,Tempur,브랜드,35.0,percent,23,1
2026-06-15,e068,living,리빙,Tempur,브랜드,35.0,percent,17,1
2026-06-16,e068,living,리빙,Tempur,브랜드,35.0,percent,24,1
2026-06-17,e068,living,리빙,Tempur,브랜드,35.0,percent,10,0
2026-06-18,e068,living,리빙,Tempur,브랜드,35.0,percent,15,1
2026-06-19,e068,living,리빙,Tempur,브랜드,35.0,percent,36,2
2026-06-20,e068,living,리빙,Tempur,브랜드,35.0,percent,24,1
2026-06-21,e068,living,리빙,Tempur,브랜드,35.0,percent,70,4
2026-06-22,e068,living,리빙,Tempur,브랜드,35.0,percent,23,1
2026-05-28,e018,beauty,뷰티,Missha,브랜드,35.0,percent,46,3
2026-05-29,e018,beauty,뷰티,Missha,브랜드,35.0,percent,37,3
2026-05-30,e018,beauty,뷰티,Missha,브랜드,35.0,percent,155,9
2026-05-31,e018,beauty,뷰티,Missha,브랜드,35.0,percent,78,7
2026-06-01,e018,beauty,뷰티,Missha,브랜드,35.0,percent,45,3
2026-06-02,e018,beauty,뷰티,Missha,브랜드,35.0,percent,44,2
2026-06-03,e018,beauty,뷰티,Missha,브랜드,35.0,percent,22,1
2026-06-04,e018,beauty,뷰티,Missha,브랜드,35.0,percent,40,2
2026-06-05,e018,beauty,뷰티,Missha,브랜드,35.0,percent,34,2
2026-06-06,e018,beauty,뷰티,Missha,브랜드,35.0,percent,50,3
2026-06-07,e018,beauty,뷰티,Missha,브랜드,35.0,percent,40,3
2026-06-08,e018,beauty,뷰티,Missha,브랜드,35.0,percent,34,2
2026-06-09,e018,beauty,뷰티,Missha,브랜드,35.0,percent,27,2
2026-06-10,e018,beauty,뷰티,Missha,브랜드,35.0,percent,26,1
2026-06-11,e018,beauty,뷰티,Missha,브랜드,35.0,percent,23,2
2026-06-12,e018,beauty,뷰티,Missha,브랜드,35.0,percent,22,1
2026-06-13,e018,beauty,뷰티,Missha,브랜드,35.0,percent,24,1
2026-06-14,e018,beauty,뷰티,Missha,브랜드,35.0,percent,26,2
2026-06-15,e018,beauty,뷰티,Missha,브랜드,35.0,percent,38,2
2026-06-16,e018,beauty,뷰티,Missha,브랜드,35.0,percent,20,1
2026-06-17,e018,beauty,뷰티,Missha,브랜드,35.0,percent,23,2
2026-06-18,e018,beauty,뷰티,Missha,브랜드,35.0,percent,25,2
2026-06-19,e018,beauty,뷰티,Missha,브랜드,35.0,percent,32,2
2026-06-20,e018,beauty,뷰티,Missha,브랜드,35.0,percent,52,4
2026-06-21,e018,beauty,뷰티,Missha,브랜드,35.0,percent,37,2
2026-06-22,e018,beauty,뷰티,Missha,브랜드,35.0,percent,40,2
2026-05-29,e049,delivery,딜리버리,네네치킨,브랜드,30.0,percent,53,3
2026-05-30,e049,delivery,딜리버리,네네치킨,브랜드,30.0,percent,110,5
2026-05-31,e049,delivery,딜리버리,네네치킨,브랜드,30.0,percent,113,5
2026-06-01,e049,delivery,딜리버리,네네치킨,브랜드,30.0,percent,43,2
2026-06-02,e049,delivery,딜리버리,네네치킨,브랜드,30.0,percent,25,1
2026-06-03,e049,delivery,딜리버리,네네치킨,브랜드,30.0,percent,43,2
2026-06-04,e049,delivery,딜리버리,네네치킨,브랜드,30.0,percent,35,2
2026-06-05,e049,delivery,딜리버리,네네치킨,브랜드,30.0,percent,45,2
2026-06-06,e049,delivery,딜리버리,네네치킨,브랜드,30.0,percent,61,2
2026-06-07,e049,delivery,딜리버리,네네치킨,브랜드,30.0,percent,35,2
2026-06-08,e049,delivery,딜리버리,네네치킨,브랜드,30.0,percent,23,1
2026-05-29,e019,beauty,뷰티,Clio,브랜드,30.0,percent,246,13
2026-05-30,e019,beauty,뷰티,Clio,브랜드,30.0,percent,116,8
2026-05-31,e019,beauty,뷰티,Clio,브랜드,30.0,percent,115,8
2026-06-01,e019,beauty,뷰티,Clio,브랜드,30.0,percent,67,5
2026-06-02,e019,beauty,뷰티,Clio,브랜드,30.0,percent,63,3
2026-06-03,e019,beauty,뷰티,Clio,브랜드,30.0,percent,47,4
2026-06-04,e019,beauty,뷰티,Clio,브랜드,30.0,percent,57,5
2026-06-05,e019,beauty,뷰티,Clio,브랜드,30.0,percent,37,2
2026-06-06,e019,beauty,뷰티,Clio,브랜드,30.0,percent,29,2
2026-06-07,e019,beauty,뷰티,Clio,브랜드,30.0,percent,33,2
2026-06-08,e019,beauty,뷰티,Clio,브랜드,30.0,percent,30,2
2026-05-30,e008,fashion,패션,8seconds,브랜드,45.0,percent,112,5
2026-05-31,e008,fashion,패션,8seconds,브랜드,45.0,percent,99,5
2026-06-01,e008,fashion,패션,8seconds,브랜드,45.0,percent,49,3
2026-06-02,e008,fashion,패션,8seconds,브랜드,45.0,percent,26,1
2026-06-03,e008,fashion,패션,8seconds,브랜드,45.0,percent,43,2
2026-06-04,e008,fashion,패션,8seconds,브랜드,45.0,percent,30,2
2026-06-05,e008,fashion,패션,8seconds,브랜드,45.0,percent,53,3
2026-06-06,e008,fashion,패션,8seconds,브랜드,45.0,percent,68,3
2026-06-07,e008,fashion,패션,8seconds,브랜드,45.0,percent,45,2
2026-06-08,e008,fashion,패션,8seconds,브랜드,45.0,percent,24,1
2026-06-09,e008,fashion,패션,8seconds,브랜드,45.0,percent,34,2
2026-06-10,e008,fashion,패션,8seconds,브랜드,45.0,percent,89,4
2026-06-11,e008,fashion,패션,8seconds,브랜드,45.0,percent,42,3
2026-06-12,e008,fashion,패션,8seconds,브랜드,45.0,percent,51,3
2026-06-13,e008,fashion,패션,8seconds,브랜드,45.0,percent,40,2
2026-06-14,e008,fashion,패션,8seconds,브랜드,45.0,percent,33,2
2026-06-15,e008,fashion,패션,8seconds,브랜드,45.0,percent,46,2
2026-06-16,e008,fashion,패션,8seconds,브랜드,45.0,percent,13,1
2026-06-17,e008,fashion,패션,8seconds,브랜드,45.0,percent,24,1
2026-06-18,e008,fashion,패션,8seconds,브랜드,45.0,percent,60,4
2026-06-19,e008,fashion,패션,8seconds,브랜드,45.0,percent,38,2
2026-06-20,e008,fashion,패션,8seconds,브랜드,45.0,percent,27,2
2026-06-21,e008,fashion,패션,8seconds,브랜드,45.0,percent,50,2
2026-06-22,e008,fashion,패션,8seconds,브랜드,45.0,percent,27,2
2026-06-23,e008,fashion,패션,8seconds,브랜드,45.0,percent,16,1
2026-06-24,e008,fashion,패션,8seconds,브랜드,45.0,percent,33,2
2026-05-30,e027,food,푸드,BBQ Chicken,브랜드,,bundle,131,12
2026-05-31,e027,food,푸드,BBQ Chicken,브랜드,,bundle,102,6
2026-06-01,e027,food,푸드,BBQ Chicken,브랜드,,bundle,76,5
2026-06-02,e027,food,푸드,BBQ Chicken,브랜드,,bundle,35,3
2026-06-03,e027,food,푸드,BBQ Chicken,브랜드,,bundle,57,5
2026-06-04,e027,food,푸드,BBQ Chicken,브랜드,,bundle,52,3
2026-06-05,e027,food,푸드,BBQ Chicken,브랜드,,bundle,81,6
2026-06-06,e027,food,푸드,BBQ Chicken,브랜드,,bundle,47,4
2026-06-07,e027,food,푸드,BBQ Chicken,브랜드,,bundle,84,5
2026-06-08,e027,food,푸드,BBQ Chicken,브랜드,,bundle,49,4
2026-06-09,e027,food,푸드,BBQ Chicken,브랜드,,bundle,32,3
2026-06-10,e027,food,푸드,BBQ Chicken,브랜드,,bundle,35,2
2026-06-11,e027,food,푸드,BBQ Chicken,브랜드,,bundle,16,1
2026-06-12,e027,food,푸드,BBQ Chicken,브랜드,,bundle,43,3
2026-06-13,e027,food,푸드,BBQ Chicken,브랜드,,bundle,64,5
2026-06-14,e027,food,푸드,BBQ Chicken,브랜드,,bundle,41,4
2026-06-15,e027,food,푸드,BBQ Chicken,브랜드,,bundle,47,4
2026-06-16,e027,food,푸드,BBQ Chicken,브랜드,,bundle,36,3
2026-06-17,e027,food,푸드,BBQ Chicken,브랜드,,bundle,66,4
2026-06-18,e027,food,푸드,BBQ Chicken,브랜드,,bundle,27,2
2026-06-19,e027,food,푸드,BBQ Chicken,브랜드,,bundle,51,4
2026-07-01,e099,food,푸드,이마트24,브랜드,,other,53,3
2026-07-02,e099,food,푸드,이마트24,브랜드,,other,72,6
2026-07-03,e099,food,푸드,이마트24,브랜드,,other,97,9
2026-07-04,e099,food,푸드,이마트24,브랜드,,other,109,8
2026-07-05,e099,food,푸드,이마트24,브랜드,,other,62,4
2026-07-06,e099,food,푸드,이마트24,브랜드,,other,71,6
2026-07-07,e099,food,푸드,이마트24,브랜드,,other,68,6
2026-07-08,e099,food,푸드,이마트24,브랜드,,other,32,3
2026-07-09,e099,food,푸드,이마트24,브랜드,,other,38,3
2026-07-10,e099,food,푸드,이마트24,브랜드,,other,43,3
2026-07-11,e099,food,푸드,이마트24,브랜드,,other,45,4
2026-07-12,e099,food,푸드,이마트24,브랜드,,other,78,6
2026-07-13,e099,food,푸드,이마트24,브랜드,,other,55,3
2026-07-14,e099,food,푸드,이마트24,브랜드,,other,29,2
2026-07-15,e099,food,푸드,이마트24,브랜드,,other,41,3
2026-07-16,e099,food,푸드,이마트24,브랜드,,other,50,4
2026-07-17,e099,food,푸드,이마트24,브랜드,,other,45,4
2026-07-18,e099,food,푸드,이마트24,브랜드,,other,43,3
2026-07-19,e099,food,푸드,이마트24,브랜드,,other,34,3
2026-07-20,e099,food,푸드,이마트24,브랜드,,other,41,4
2026-07-21,e099,food,푸드,이마트24,브랜드,,other,19,1
2026-07-22,e099,food,푸드,이마트24,브랜드,,other,29,2
2026-07-23,e099,food,푸드,이마트24,브랜드,,other,28,2
2026-07-24,e099,food,푸드,이마트24,브랜드,,other,25,1
2026-07-25,e099,food,푸드,이마트24,브랜드,,other,46,4
2026-07-26,e099,food,푸드,이마트24,브랜드,,other,41,2
2026-07-27,e099,food,푸드,이마트24,브랜드,,other,23,2
2026-07-28,e099,food,푸드,이마트24,브랜드,,other,47,4
2026-07-29,e099,food,푸드,이마트24,브랜드,,other,41,3
2026-07-30,e099,food,푸드,이마트24,브랜드,,other,34,2
2026-07-31,e099,food,푸드,이마트24,브랜드,,other,55,5
2026-07-01,e097,food,푸드,GS25,브랜드,,other,127,12
2026-07-02,e097,food,푸드,GS25,브랜드,,other,125,9
2026-07-03,e097,food,푸드,GS25,브랜드,,other,64,5
2026-07-04,e097,food,푸드,GS25,브랜드,,other,116,10
2026-07-05,e097,food,푸드,GS25,브랜드,,other,66,5
2026-07-06,e097,food,푸드,GS25,브랜드,,other,50,3
2026-07-07,e097,food,푸드,GS25,브랜드,,other,33,2
2026-07-08,e097,food,푸드,GS25,브랜드,,other,40,3
2026-07-09,e097,food,푸드,GS25,브랜드,,other,56,5
2026-07-10,e097,food,푸드,GS25,브랜드,,other,85,8
2026-07-11,e097,food,푸드,GS25,브랜드,,other,52,4
2026-07-12,e097,food,푸드,GS25,브랜드,,other,35,3
2026-07-13,e097,food,푸드,GS25,브랜드,,other,65,5
2026-07-14,e097,food,푸드,GS25,브랜드,,other,25,2
2026-07-15,e097,food,푸드,GS25,브랜드,,other,19,1
2026-07-16,e097,food,푸드,GS25,브랜드,,other,28,3
2026-07-17,e097,food,푸드,GS25,브랜드,,other,19,2
2026-07-18,e097,food,푸드,GS25,브랜드,,other,71,4
2026-07-19,e097,food,푸드,GS25,브랜드,,other,23,2
2026-07-20,e097,food,푸드,GS25,브랜드,,other,24,2
2026-07-21,e097,food,푸드,GS25,브랜드,,other,20,1
2026-07-22,e097,food,푸드,GS25,브랜드,,other,33,2
2026-07-23,e097,food,푸드,GS25,브랜드,,other,60,4
2026-07-24,e097,food,푸드,GS25,브랜드,,other,48,4
2026-07-25,e097,food,푸드,GS25,브랜드,,other,30,3
2026-07-26,e097,food,푸드,GS25,브랜드,,other,96,7
2026-07-27,e097,food,푸드,GS25,브랜드,,other,36,3
2026-07-28,e097,food,푸드,GS25,브랜드,,other,42,3
2026-07-29,e097,food,푸드,GS25,브랜드,,other,19,1
2026-07-30,e097,food,푸드,GS25,브랜드,,other,67,5
2026-07-31,e097,food,푸드,GS25,브랜드,,other,35,2
2026-07-01,e096,food,푸드,CU,브랜드,77.0,percent,72,6
2026-07-02,e096,food,푸드,CU,브랜드,77.0,percent,123,7
2026-07-03,e096,food,푸드,CU,브랜드,77.0,percent,169,16
2026-07-04,e096,food,푸드,CU,브랜드,77.0,percent,155,10
2026-07-05,e096,food,푸드,CU,브랜드,77.0,percent,129,12
2026-07-06,e096,food,푸드,CU,브랜드,77.0,percent,83,8
2026-07-07,e096,food,푸드,CU,브랜드,77.0,percent,63,4
2026-07-08,e096,food,푸드,CU,브랜드,77.0,percent,35,3
2026-07-09,e096,food,푸드,CU,브랜드,77.0,percent,56,4
2026-07-10,e096,food,푸드,CU,브랜드,77.0,percent,62,4
2026-07-11,e096,food,푸드,CU,브랜드,77.0,percent,128,8
2026-07-12,e096,food,푸드,CU,브랜드,77.0,percent,104,7
2026-07-13,e096,food,푸드,CU,브랜드,77.0,percent,43,4
2026-07-14,e096,food,푸드,CU,브랜드,77.0,percent,61,5
2026-07-15,e096,food,푸드,CU,브랜드,77.0,percent,47,4
2026-07-16,e096,food,푸드,CU,브랜드,77.0,percent,28,2
2026-07-17,e096,food,푸드,CU,브랜드,77.0,percent,27,2
2026-07-18,e096,food,푸드,CU,브랜드,77.0,percent,90,5
2026-07-19,e096,food,푸드,CU,브랜드,77.0,percent,45,3
2026-07-20,e096,food,푸드,CU,브랜드,77.0,percent,33,3
2026-07-21,e096,food,푸드,CU,브랜드,77.0,percent,35,3
2026-07-22,e096,food,푸드,CU,브랜드,77.0,percent,59,5
2026-07-23,e096,food,푸드,CU,브랜드,77.0,percent,72,6
2026-07-24,e096,food,푸드,CU,브랜드,77.0,percent,87,6
2026-07-25,e096,food,푸드,CU,브랜드,77.0,percent,38,3
2026-07-26,e096,food,푸드,CU,브랜드,77.0,percent,50,5
2026-07-27,e096,food,푸드,CU,브랜드,77.0,percent,34,3
2026-07-28,e096,food,푸드,CU,브랜드,77.0,percent,56,5
2026-07-29,e096,food,푸드,CU,브랜드,77.0,percent,26,3
2026-07-30,e096,food,푸드,CU,브랜드,77.0,percent,38,2
2026-07-31,e096,food,푸드,CU,브랜드,77.0,percent,56,3
2026-07-01,e100,food,푸드,이마트24,브랜드,,amount,112,9
2026-07-02,e100,food,푸드,이마트24,브랜드,,amount,78,7
2026-07-03,e100,food,푸드,이마트24,브랜드,,amount,92,7
2026-07-04,e100,food,푸드,이마트24,브랜드,,amount,80,7
2026-07-05,e100,food,푸드,이마트24,브랜드,,amount,100,8
2026-07-06,e100,food,푸드,이마트24,브랜드,,amount,69,5
2026-07-07,e100,food,푸드,이마트24,브랜드,,amount,49,4
2026-07-08,e100,food,푸드,이마트24,브랜드,,amount,60,4
2026-07-09,e100,food,푸드,이마트24,브랜드,,amount,104,6
2026-07-10,e100,food,푸드,이마트24,브랜드,,amount,62,4
2026-07-11,e100,food,푸드,이마트24,브랜드,,amount,53,5
2026-07-12,e100,food,푸드,이마트24,브랜드,,amount,55,4
2026-07-13,e100,food,푸드,이마트24,브랜드,,amount,52,3
2026-07-14,e100,food,푸드,이마트24,브랜드,,amount,28,2
2026-07-15,e100,food,푸드,이마트24,브랜드,,amount,21,2
2026-07-16,e100,food,푸드,이마트24,브랜드,,amount,29,2
2026-07-17,e100,food,푸드,이마트24,브랜드,,amount,47,4
2026-07-18,e100,food,푸드,이마트24,브랜드,,amount,47,3
2026-07-19,e100,food,푸드,이마트24,브랜드,,amount,32,3
2026-07-20,e100,food,푸드,이마트24,브랜드,,amount,34,2
2026-07-21,e100,food,푸드,이마트24,브랜드,,amount,50,4
2026-07-22,e100,food,푸드,이마트24,브랜드,,amount,38,3
2026-07-23,e100,food,푸드,이마트24,브랜드,,amount,23,2
2026-07-24,e100,food,푸드,이마트24,브랜드,,amount,51,5
2026-07-25,e100,food,푸드,이마트24,브랜드,,amount,43,3
2026-07-26,e100,food,푸드,이마트24,브랜드,,amount,94,8
2026-07-27,e100,food,푸드,이마트24,브랜드,,amount,38,2
2026-07-28,e100,food,푸드,이마트24,브랜드,,amount,24,2
2026-07-29,e100,food,푸드,이마트24,브랜드,,amount,41,2
2026-07-30,e100,food,푸드,이마트24,브랜드,,amount,36,3
2026-07-31,e100,food,푸드,이마트24,브랜드,,amount,64,5
2026-07-01,e086,beauty,뷰티,올리브영,브랜드,,other,63,5
2026-07-02,e086,beauty,뷰티,올리브영,브랜드,,other,83,6
2026-07-03,e086,beauty,뷰티,올리브영,브랜드,,other,43,3
2026-07-04,e086,beauty,뷰티,올리브영,브랜드,,other,79,5
2026-07-05,e086,beauty,뷰티,올리브영,브랜드,,other,42,3
2026-07-06,e086,beauty,뷰티,올리브영,브랜드,,other,45,3
2026-07-07,e086,beauty,뷰티,올리브영,브랜드,,other,42,2
2026-07-08,e086,beauty,뷰티,올리브영,브랜드,,other,43,3
2026-07-09,e086,beauty,뷰티,올리브영,브랜드,,other,31,2
2026-07-10,e086,beauty,뷰티,올리브영,브랜드,,other,44,3
2026-07-11,e086,beauty,뷰티,올리브영,브랜드,,other,72,5
2026-07-12,e086,beauty,뷰티,올리브영,브랜드,,other,80,6
2026-07-13,e086,beauty,뷰티,올리브영,브랜드,,other,32,2
2026-07-14,e086,beauty,뷰티,올리브영,브랜드,,other,43,3
2026-07-15,e086,beauty,뷰티,올리브영,브랜드,,other,22,1
2026-07-16,e086,beauty,뷰티,올리브영,브랜드,,other,27,1
2026-07-17,e086,beauty,뷰티,올리브영,브랜드,,other,41,3
2026-07-18,e086,beauty,뷰티,올리브영,브랜드,,other,42,3
2026-07-19,e086,beauty,뷰티,올리브영,브랜드,,other,37,2
2026-07-20,e086,beauty,뷰티,올리브영,브랜드,,other,41,2
2026-07-21,e086,beauty,뷰티,올리브영,브랜드,,other,19,2
2026-07-22,e086,beauty,뷰티,올리브영,브랜드,,other,21,1
2026-07-23,e086,beauty,뷰티,올리브영,브랜드,,other,19,1
2026-07-24,e086,beauty,뷰티,올리브영,브랜드,,other,40,3
2026-07-25,e086,beauty,뷰티,올리브영,브랜드,,other,38,2
2026-07-26,e086,beauty,뷰티,올리브영,브랜드,,other,55,5
2026-07-27,e086,beauty,뷰티,올리브영,브랜드,,other,30,2
2026-07-28,e086,beauty,뷰티,올리브영,브랜드,,other,22,2
2026-07-29,e086,beauty,뷰티,올리브영,브랜드,,other,22,1
2026-07-30,e086,beauty,뷰티,올리브영,브랜드,,other,13,1
2026-07-31,e086,beauty,뷰티,올리브영,브랜드,,other,34,2
2026-07-01,e087,beauty,뷰티,올리브영,브랜드,,amount,51,3
2026-07-02,e087,beauty,뷰티,올리브영,브랜드,,amount,101,6
2026-07-03,e087,beauty,뷰티,올리브영,브랜드,,amount,65,5
2026-07-04,e087,beauty,뷰티,올리브영,브랜드,,amount,46,3
2026-07-05,e087,beauty,뷰티,올리브영,브랜드,,amount,100,6
2026-07-06,e087,beauty,뷰티,올리브영,브랜드,,amount,40,2
2026-07-07,e087,beauty,뷰티,올리브영,브랜드,,amount,45,3
2026-07-08,e087,beauty,뷰티,올리브영,브랜드,,amount,30,1
2026-07-09,e087,beauty,뷰티,올리브영,브랜드,,amount,59,4
2026-07-10,e087,beauty,뷰티,올리브영,브랜드,,amount,32,2
2026-07-11,e087,beauty,뷰티,올리브영,브랜드,,amount,43,3
2026-07-12,e087,beauty,뷰티,올리브영,브랜드,,amount,24,2
2026-07-13,e087,beauty,뷰티,올리브영,브랜드,,amount,48,4
2026-07-14,e087,beauty,뷰티,올리브영,브랜드,,amount,23,1
2026-07-15,e087,beauty,뷰티,올리브영,브랜드,,amount,33,2
2026-07-16,e087,beauty,뷰티,올리브영,브랜드,,amount,36,2
2026-07-17,e087,beauty,뷰티,올리브영,브랜드,,amount,55,4
2026-07-18,e087,beauty,뷰티,올리브영,브랜드,,amount,47,3
2026-07-19,e087,beauty,뷰티,올리브영,브랜드,,amount,39,3
2026-07-20,e087,beauty,뷰티,올리브영,브랜드,,amount,41,3
2026-07-21,e087,beauty,뷰티,올리브영,브랜드,,amount,32,2
2026-07-22,e087,beauty,뷰티,올리브영,브랜드,,amount,26,1
2026-07-23,e087,beauty,뷰티,올리브영,브랜드,,amount,48,3
2026-07-24,e087,beauty,뷰티,올리브영,브랜드,,amount,44,2
2026-07-25,e087,beauty,뷰티,올리브영,브랜드,,amount,28,2
2026-07-26,e087,beauty,뷰티,올리브영,브랜드,,amount,68,3
2026-07-27,e087,beauty,뷰티,올리브영,브랜드,,amount,23,1
2026-07-28,e087,beauty,뷰티,올리브영,브랜드,,amount,39,3
2026-07-29,e087,beauty,뷰티,올리브영,브랜드,,amount,17,1
2026-07-30,e087,beauty,뷰티,올리브영,브랜드,,amount,42,3
2026-07-31,e087,beauty,뷰티,올리브영,브랜드,,amount,24,2
2026-07-01,e075,popup,팝업,카페 소슬,소상공인,30.0,percent,76,6
2026-07-02,e075,popup,팝업,카페 소슬,소상공인,30.0,percent,76,4
2026-07-03,e075,popup,팝업,카페 소슬,소상공인,30.0,percent,63,5
2026-07-04,e075,popup,팝업,카페 소슬,소상공인,30.0,percent,72,4
2026-07-05,e075,popup,팝업,카페 소슬,소상공인,30.0,percent,42,2
2026-07-06,e075,popup,팝업,카페 소슬,소상공인,30.0,percent,53,4
2026-07-07,e075,popup,팝업,카페 소슬,소상공인,30.0,percent,37,3
2026-07-08,e075,popup,팝업,카페 소슬,소상공인,30.0,percent,25,2
2026-07-09,e075,popup,팝업,카페 소슬,소상공인,30.0,percent,38,2
2026-07-10,e075,popup,팝업,카페 소슬,소상공인,30.0,percent,44,3
2026-07-11,e075,popup,팝업,카페 소슬,소상공인,30.0,percent,46,3
2026-07-12,e075,popup,팝업,카페 소슬,소상공인,30.0,percent,18,1
2026-07-13,e075,popup,팝업,카페 소슬,소상공인,30.0,percent,25,1
2026-07-14,e075,popup,팝업,카페 소슬,소상공인,30.0,percent,35,3
2026-07-15,e075,popup,팝업,카페 소슬,소상공인,30.0,percent,33,2
2026-07-16,e075,popup,팝업,카페 소슬,소상공인,30.0,percent,34,3
2026-07-17,e075,popup,팝업,카페 소슬,소상공인,30.0,percent,38,3
2026-07-18,e075,popup,팝업,카페 소슬,소상공인,30.0,percent,56,4
2026-07-19,e075,popup,팝업,카페 소슬,소상공인,30.0,percent,30,1
2026-07-20,e075,popup,팝업,카페 소슬,소상공인,30.0,percent,20,2
2026-07-21,e075,popup,팝업,카페 소슬,소상공인,30.0,percent,48,3
2026-07-22,e075,popup,팝업,카페 소슬,소상공인,30.0,percent,21,1
2026-07-23,e075,popup,팝업,카페 소슬,소상공인,30.0,percent,18,2
2026-07-24,e075,popup,팝업,카페 소슬,소상공인,30.0,percent,31,2
2026-07-25,e075,popup,팝업,카페 소슬,소상공인,30.0,percent,41,3
2026-07-26,e075,popup,팝업,카페 소슬,소상공인,30.0,percent,51,4
2026-07-27,e075,popup,팝업,카페 소슬,소상공인,30.0,percent,23,1
2026-07-28,e075,popup,팝업,카페 소슬,소상공인,30.0,percent,22,2
2026-07-29,e075,popup,팝업,카페 소슬,소상공인,30.0,percent,26,2
2026-07-30,e075,popup,팝업,카페 소슬,소상공인,30.0,percent,23,2
2026-07-31,e075,popup,팝업,카페 소슬,소상공인,30.0,percent,20,1
2026-07-02,e101,food,푸드,이마트에브리데이,브랜드,50.0,percent,72,7
2026-07-03,e101,food,푸드,이마트에브리데이,브랜드,50.0,percent,178,16
2026-07-04,e101,food,푸드,이마트에브리데이,브랜드,50.0,percent,151,9
2026-07-05,e101,food,푸드,이마트에브리데이,브랜드,50.0,percent,96,9
2026-07-06,e101,food,푸드,이마트에브리데이,브랜드,50.0,percent,76,7
2026-07-07,e101,food,푸드,이마트에브리데이,브랜드,50.0,percent,71,7
2026-07-08,e101,food,푸드,이마트에브리데이,브랜드,50.0,percent,43,3
2026-07-05,e073,popup,팝업,동네빵집 밀도,소상공인,,bundle,69,6
2026-07-06,e073,popup,팝업,동네빵집 밀도,소상공인,,bundle,91,5
2026-07-07,e073,popup,팝업,동네빵집 밀도,소상공인,,bundle,24,2
2026-07-08,e073,popup,팝업,동네빵집 밀도,소상공인,,bundle,57,3
2026-07-09,e073,popup,팝업,동네빵집 밀도,소상공인,,bundle,48,4
2026-07-10,e073,popup,팝업,동네빵집 밀도,소상공인,,bundle,71,5
2026-07-11,e073,popup,팝업,동네빵집 밀도,소상공인,,bundle,67,6
2026-07-12,e073,popup,팝업,동네빵집 밀도,소상공인,,bundle,57,4
2026-07-13,e073,popup,팝업,동네빵집 밀도,소상공인,,bundle,23,1
2026-07-14,e073,popup,팝업,동네빵집 밀도,소상공인,,bundle,39,2
2026-07-06,e116,delivery,딜리버리,자담치킨,브랜드,,amount,77,4
2026-07-07,e116,delivery,딜리버리,자담치킨,브랜드,,amount,41,2
2026-07-08,e116,delivery,딜리버리,자담치킨,브랜드,,amount,54,2
2026-07-09,e116,delivery,딜리버리,자담치킨,브랜드,,amount,32,1
2026-07-10,e116,delivery,딜리버리,자담치킨,브랜드,,amount,25,2
2026-07-11,e116,delivery,딜리버리,자담치킨,브랜드,,amount,52,3
2026-07-12,e116,delivery,딜리버리,자담치킨,브랜드,,amount,107,6
2026-07-08,e072,popup,팝업,다이슨,브랜드,,other,59,3
2026-07-09,e072,popup,팝업,다이슨,브랜드,,other,45,4
2026-07-10,e072,popup,팝업,다이슨,브랜드,,other,53,4
2026-07-11,e072,popup,팝업,다이슨,브랜드,,other,78,7
2026-07-12,e072,popup,팝업,다이슨,브랜드,,other,88,4
2026-07-13,e072,popup,팝업,다이슨,브랜드,,other,47,4
2026-07-14,e072,popup,팝업,다이슨,브랜드,,other,25,1
2026-07-15,e072,popup,팝업,다이슨,브랜드,,other,50,4
2026-07-16,e072,popup,팝업,다이슨,브랜드,,other,21,2
2026-07-17,e072,popup,팝업,다이슨,브랜드,,other,30,3
2026-07-18,e072,popup,팝업,다이슨,브랜드,,other,43,3
2026-07-19,e072,popup,팝업,다이슨,브랜드,,other,70,5
2026-07-20,e072,popup,팝업,다이슨,브랜드,,other,34,2
2026-07-21,e072,popup,팝업,다이슨,브랜드,,other,32,2
2026-07-22,e072,popup,팝업,다이슨,브랜드,,other,20,2
2026-07-23,e072,popup,팝업,다이슨,브랜드,,other,29,2
2026-07-24,e072,popup,팝업,다이슨,브랜드,,other,56,4
2026-07-25,e072,popup,팝업,다이슨,브랜드,,other,54,5
2026-07-26,e072,popup,팝업,다이슨,브랜드,,other,56,5
2026-07-27,e072,popup,팝업,다이슨,브랜드,,other,31,2
2026-07-28,e072,popup,팝업,다이슨,브랜드,,other,41,3
2026-07-29,e072,popup,팝업,다이슨,브랜드,,other,20,2
2026-07-30,e072,popup,팝업,다이슨,브랜드,,other,31,2
2026-07-31,e072,popup,팝업,다이슨,브랜드,,other,47,4
2026-07-09,e074,popup,팝업,라네즈,브랜드,,other,50,3
2026-07-10,e074,popup,팝업,라네즈,브랜드,,other,38,2
2026-07-11,e074,popup,팝업,라네즈,브랜드,,other,180,15
2026-07-12,e074,popup,팝업,라네즈,브랜드,,other,80,5
2026-07-13,e074,popup,팝업,라네즈,브랜드,,other,28,2
2026-07-14,e074,popup,팝업,라네즈,브랜드,,other,44,3
2026-07-15,e074,popup,팝업,라네즈,브랜드,,other,28,2
2026-07-16,e074,popup,팝업,라네즈,브랜드,,other,31,2
2026-07-17,e074,popup,팝업,라네즈,브랜드,,other,72,4
2026-07-18,e074,popup,팝업,라네즈,브랜드,,other,45,2
2026-07-19,e074,popup,팝업,라네즈,브랜드,,other,40,3
2026-07-20,e074,popup,팝업,라네즈,브랜드,,other,22,1
2026-07-21,e074,popup,팝업,라네즈,브랜드,,other,28,2
2026-07-22,e074,popup,팝업,라네즈,브랜드,,other,35,2
2026-07-23,e074,popup,팝업,라네즈,브랜드,,other,28,2
2026-07-10,e111,tech,테크,소니,브랜드,,other,145,5
2026-07-11,e111,tech,테크,소니,브랜드,,other,48,2
2026-07-12,e111,tech,테크,소니,브랜드,,other,39,2
2026-07-13,e111,tech,테크,소니,브랜드,,other,31,1
2026-07-14,e111,tech,테크,소니,브랜드,,other,61,3
2026-07-15,e111,tech,테크,소니,브랜드,,other,38,2
2026-07-16,e111,tech,테크,소니,브랜드,,other,23,1
2026-07-17,e111,tech,테크,소니,브랜드,,other,24,1
2026-07-18,e111,tech,테크,소니,브랜드,,other,30,1
2026-07-19,e111,tech,테크,소니,브랜드,,other,22,1
2026-07-20,e111,tech,테크,소니,브랜드,,other,19,1
2026-07-10,e102,food,푸드,배스킨라빈스,브랜드,,other,102,7
2026-07-11,e102,food,푸드,배스킨라빈스,브랜드,,other,141,13
2026-07-12,e102,food,푸드,배스킨라빈스,브랜드,,other,105,9
2026-07-13,e102,food,푸드,배스킨라빈스,브랜드,,other,49,4
2026-07-14,e102,food,푸드,배스킨라빈스,브랜드,,other,83,5
2026-07-15,e102,food,푸드,배스킨라빈스,브랜드,,other,37,3
2026-07-16,e102,food,푸드,배스킨라빈스,브랜드,,other,28,2
2026-07-17,e102,food,푸드,배스킨라빈스,브랜드,,other,57,4
2026-07-18,e102,food,푸드,배스킨라빈스,브랜드,,other,85,6
2026-07-19,e102,food,푸드,배스킨라빈스,브랜드,,other,51,4
2026-07-20,e102,food,푸드,배스킨라빈스,브랜드,,other,23,2
2026-07-10,e071,popup,팝업,무신사 스탠다드,브랜드,,other,111,8
2026-07-11,e071,popup,팝업,무신사 스탠다드,브랜드,,other,117,8
2026-07-12,e071,popup,팝업,무신사 스탠다드,브랜드,,other,99,8
2026-07-13,e071,popup,팝업,무신사 스탠다드,브랜드,,other,59,4
2026-07-14,e071,popup,팝업,무신사 스탠다드,브랜드,,other,72,4
2026-07-15,e071,popup,팝업,무신사 스탠다드,브랜드,,other,31,2
2026-07-16,e071,popup,팝업,무신사 스탠다드,브랜드,,other,16,1
2026-07-17,e071,popup,팝업,무신사 스탠다드,브랜드,,other,27,2
2026-07-18,e071,popup,팝업,무신사 스탠다드,브랜드,,other,36,2
2026-07-19,e071,popup,팝업,무신사 스탠다드,브랜드,,other,68,6
2026-07-20,e071,popup,팝업,무신사 스탠다드,브랜드,,other,31,3
2026-07-10,e094,beauty,뷰티,토니모리,브랜드,55.0,percent,213,17
2026-07-11,e094,beauty,뷰티,토니모리,브랜드,55.0,percent,82,4
2026-07-12,e094,beauty,뷰티,토니모리,브랜드,55.0,percent,173,10
2026-07-13,e094,beauty,뷰티,토니모리,브랜드,55.0,percent,47,2
2026-07-14,e094,beauty,뷰티,토니모리,브랜드,55.0,percent,50,4
2026-07-15,e094,beauty,뷰티,토니모리,브랜드,55.0,percent,29,1
2026-07-16,e094,beauty,뷰티,토니모리,브랜드,55.0,percent,84,6
2026-07-17,e094,beauty,뷰티,토니모리,브랜드,55.0,percent,57,3
2026-07-18,e094,beauty,뷰티,토니모리,브랜드,55.0,percent,143,11
2026-07-19,e094,beauty,뷰티,토니모리,브랜드,55.0,percent,85,4
2026-07-20,e094,beauty,뷰티,토니모리,브랜드,55.0,percent,37,3
2026-07-10,e152,popup,팝업,을지로 인쇄골목 팝업,브랜드,10.0,percent,65,4
2026-07-11,e152,popup,팝업,을지로 인쇄골목 팝업,브랜드,10.0,percent,118,9
2026-07-12,e152,popup,팝업,을지로 인쇄골목 팝업,브랜드,10.0,percent,70,6
2026-07-13,e152,popup,팝업,을지로 인쇄골목 팝업,브랜드,10.0,percent,33,2
2026-07-14,e152,popup,팝업,을지로 인쇄골목 팝업,브랜드,10.0,percent,39,3
2026-07-15,e152,popup,팝업,을지로 인쇄골목 팝업,브랜드,10.0,percent,18,1
2026-07-16,e152,popup,팝업,을지로 인쇄골목 팝업,브랜드,10.0,percent,41,3
2026-07-17,e152,popup,팝업,을지로 인쇄골목 팝업,브랜드,10.0,percent,50,4
2026-07-18,e152,popup,팝업,을지로 인쇄골목 팝업,브랜드,10.0,percent,30,2
2026-07-19,e152,popup,팝업,을지로 인쇄골목 팝업,브랜드,10.0,percent,62,5
2026-07-20,e152,popup,팝업,을지로 인쇄골목 팝업,브랜드,10.0,percent,40,3
2026-07-10,e143,living,리빙,이마트리빙,브랜드,,bundle,80,3
2026-07-11,e143,living,리빙,이마트리빙,브랜드,,bundle,52,3
2026-07-12,e143,living,리빙,이마트리빙,브랜드,,bundle,74,3
2026-07-13,e143,living,리빙,이마트리빙,브랜드,,bundle,33,1
2026-07-14,e143,living,리빙,이마트리빙,브랜드,,bundle,34,1
2026-07-15,e143,living,리빙,이마트리빙,브랜드,,bundle,40,2
2026-07-16,e143,living,리빙,이마트리빙,브랜드,,bundle,18,1
2026-07-17,e143,living,리빙,이마트리빙,브랜드,,bundle,19,1
2026-07-18,e143,living,리빙,이마트리빙,브랜드,,bundle,32,1
2026-07-19,e143,living,리빙,이마트리빙,브랜드,,bundle,69,4
2026-07-20,e143,living,리빙,이마트리빙,브랜드,,bundle,53,3
2026-07-10,e107,tech,테크,LG전자,소상공인,35.0,percent,69,2
2026-07-11,e107,tech,테크,LG전자,소상공인,35.0,percent,87,4
2026-07-12,e107,tech,테크,LG전자,소상공인,35.0,percent,49,3
2026-07-13,e107,tech,테크,LG전자,소상공인,35.0,percent,33,2
2026-07-14,e107,tech,테크,LG전자,소상공인,35.0,percent,25,1
2026-07-15,e107,tech,테크,LG전자,소상공인,35.0,percent,39,1
2026-07-16,e107,tech,테크,LG전자,소상공인,35.0,percent,45,2
2026-07-17,e107,tech,테크,LG전자,소상공인,35.0,percent,30,1
2026-07-18,e107,tech,테크,LG전자,소상공인,35.0,percent,33,1
2026-07-19,e107,tech,테크,LG전자,소상공인,35.0,percent,27,1
2026-07-20,e107,tech,테크,LG전자,소상공인,35.0,percent,36,1
2026-07-10,e134,stay,스테이,소노벨,브랜드,25.0,percent,82,3
2026-07-11,e134,stay,스테이,소노벨,브랜드,25.0,percent,43,2
2026-07-12,e134,stay,스테이,소노벨,브랜드,25.0,percent,98,3
2026-07-13,e134,stay,스테이,소노벨,브랜드,25.0,percent,14,0
2026-07-14,e134,stay,스테이,소노벨,브랜드,25.0,percent,46,2
2026-07-15,e134,stay,스테이,소노벨,브랜드,25.0,percent,38,1
2026-07-16,e134,stay,스테이,소노벨,브랜드,25.0,percent,26,1
2026-07-17,e134,stay,스테이,소노벨,브랜드,25.0,percent,29,1
2026-07-18,e134,stay,스테이,소노벨,브랜드,25.0,percent,31,1
2026-07-19,e134,stay,스테이,소노벨,브랜드,25.0,percent,21,1
2026-07-20,e134,stay,스테이,소노벨,브랜드,25.0,percent,38,2
2026-07-10,e076,fashion,패션,폴로 랄프로렌,브랜드,45.0,percent,108,6
2026-07-11,e076,fashion,패션,폴로 랄프로렌,브랜드,45.0,percent,77,5
2026-07-12,e076,fashion,패션,폴로 랄프로렌,브랜드,45.0,percent,164,7
2026-07-13,e076,fashion,패션,폴로 랄프로렌,브랜드,45.0,percent,66,3
2026-07-14,e076,fashion,패션,폴로 랄프로렌,브랜드,45.0,percent,58,3
2026-07-15,e076,fashion,패션,폴로 랄프로렌,브랜드,45.0,percent,95,5
2026-07-16,e076,fashion,패션,폴로 랄프로렌,브랜드,45.0,percent,58,4
2026-07-17,e076,fashion,패션,폴로 랄프로렌,브랜드,45.0,percent,42,2
2026-07-18,e076,fashion,패션,폴로 랄프로렌,브랜드,45.0,percent,73,3
2026-07-19,e076,fashion,패션,폴로 랄프로렌,브랜드,45.0,percent,38,2
2026-07-20,e076,fashion,패션,폴로 랄프로렌,브랜드,45.0,percent,30,1
2026-07-10,e120,delivery,딜리버리,먹깨비,브랜드,15.0,percent,81,4
2026-07-11,e120,delivery,딜리버리,먹깨비,브랜드,15.0,percent,103,4
2026-07-12,e120,delivery,딜리버리,먹깨비,브랜드,15.0,percent,48,2
2026-07-13,e120,delivery,딜리버리,먹깨비,브랜드,15.0,percent,36,1
2026-07-14,e120,delivery,딜리버리,먹깨비,브랜드,15.0,percent,30,1
2026-07-15,e120,delivery,딜리버리,먹깨비,브랜드,15.0,percent,47,2
2026-07-16,e120,delivery,딜리버리,먹깨비,브랜드,15.0,percent,31,1
2026-07-17,e120,delivery,딜리버리,먹깨비,브랜드,15.0,percent,68,3
2026-07-18,e120,delivery,딜리버리,먹깨비,브랜드,15.0,percent,33,2
2026-07-19,e120,delivery,딜리버리,먹깨비,브랜드,15.0,percent,29,1
2026-07-20,e120,delivery,딜리버리,먹깨비,브랜드,15.0,percent,40,2
2026-07-10,e085,fashion,패션,컨버스,브랜드,25.0,percent,109,6
2026-07-11,e085,fashion,패션,컨버스,브랜드,25.0,percent,225,15
2026-07-12,e085,fashion,패션,컨버스,브랜드,25.0,percent,120,8
2026-07-13,e085,fashion,패션,컨버스,브랜드,25.0,percent,30,2
2026-07-14,e085,fashion,패션,컨버스,브랜드,25.0,percent,40,3
2026-07-15,e085,fashion,패션,컨버스,브랜드,25.0,percent,43,3
2026-07-16,e085,fashion,패션,컨버스,브랜드,25.0,percent,41,2
2026-07-17,e085,fashion,패션,컨버스,브랜드,25.0,percent,41,3
2026-07-18,e085,fashion,패션,컨버스,브랜드,25.0,percent,51,2
2026-07-19,e085,fashion,패션,컨버스,브랜드,25.0,percent,47,3
2026-07-20,e085,fashion,패션,컨버스,브랜드,25.0,percent,24,1
2026-07-10,e125,delivery,딜리버리,전주맛배달,브랜드,40.0,percent,139,6
2026-07-11,e125,delivery,딜리버리,전주맛배달,브랜드,40.0,percent,177,6
2026-07-12,e125,delivery,딜리버리,전주맛배달,브랜드,40.0,percent,100,4
2026-07-13,e125,delivery,딜리버리,전주맛배달,브랜드,40.0,percent,57,3
2026-07-14,e125,delivery,딜리버리,전주맛배달,브랜드,40.0,percent,41,2
2026-07-15,e125,delivery,딜리버리,전주맛배달,브랜드,40.0,percent,45,2
2026-07-16,e125,delivery,딜리버리,전주맛배달,브랜드,40.0,percent,46,2
2026-07-17,e125,delivery,딜리버리,전주맛배달,브랜드,40.0,percent,32,2
2026-07-18,e125,delivery,딜리버리,전주맛배달,브랜드,40.0,percent,73,5
2026-07-19,e125,delivery,딜리버리,전주맛배달,브랜드,40.0,percent,39,2
2026-07-20,e125,delivery,딜리버리,전주맛배달,브랜드,40.0,percent,53,2
2026-07-10,e157,popup,팝업,여의도 러닝 팝업,브랜드,,other,36,2
2026-07-11,e157,popup,팝업,여의도 러닝 팝업,브랜드,,other,115,7
2026-07-12,e157,popup,팝업,여의도 러닝 팝업,브랜드,,other,128,7
2026-07-13,e157,popup,팝업,여의도 러닝 팝업,브랜드,,other,72,4
2026-07-14,e157,popup,팝업,여의도 러닝 팝업,브랜드,,other,31,2
2026-07-15,e157,popup,팝업,여의도 러닝 팝업,브랜드,,other,76,4
2026-07-16,e157,popup,팝업,여의도 러닝 팝업,브랜드,,other,35,3
2026-07-17,e157,popup,팝업,여의도 러닝 팝업,브랜드,,other,44,3
2026-07-18,e157,popup,팝업,여의도 러닝 팝업,브랜드,,other,50,3
2026-07-19,e157,popup,팝업,여의도 러닝 팝업,브랜드,,other,29,2
2026-07-20,e157,popup,팝업,여의도 러닝 팝업,브랜드,,other,38,3
2026-07-10,e080,fashion,패션,에잇세컨즈,브랜드,30.0,percent,141,6
2026-07-11,e080,fashion,패션,에잇세컨즈,브랜드,30.0,percent,161,9
2026-07-12,e080,fashion,패션,에잇세컨즈,브랜드,30.0,percent,73,4
2026-07-13,e080,fashion,패션,에잇세컨즈,브랜드,30.0,percent,49,3
2026-07-14,e080,fashion,패션,에잇세컨즈,브랜드,30.0,percent,56,4
2026-07-15,e080,fashion,패션,에잇세컨즈,브랜드,30.0,percent,39,3
2026-07-16,e080,fashion,패션,에잇세컨즈,브랜드,30.0,percent,62,3
2026-07-17,e080,fashion,패션,에잇세컨즈,브랜드,30.0,percent,45,3
2026-07-18,e080,fashion,패션,에잇세컨즈,브랜드,30.0,percent,37,2
2026-07-19,e080,fashion,패션,에잇세컨즈,브랜드,30.0,percent,49,2
2026-07-20,e080,fashion,패션,에잇세컨즈,브랜드,30.0,percent,19,1
2026-07-10,e139,living,리빙,시몬스,브랜드,20.0,percent,71,3
2026-07-11,e139,living,리빙,시몬스,브랜드,20.0,percent,77,4
2026-07-12,e139,living,리빙,시몬스,브랜드,20.0,percent,41,2
2026-07-13,e139,living,리빙,시몬스,브랜드,20.0,percent,39,2
2026-07-14,e139,living,리빙,시몬스,브랜드,20.0,percent,27,1
2026-07-15,e139,living,리빙,시몬스,브랜드,20.0,percent,22,1
2026-07-16,e139,living,리빙,시몬스,브랜드,20.0,percent,16,1
2026-07-17,e139,living,리빙,시몬스,브랜드,20.0,percent,20,1
2026-07-18,e139,living,리빙,시몬스,브랜드,20.0,percent,63,3
2026-07-19,e139,living,리빙,시몬스,브랜드,20.0,percent,28,2
2026-07-20,e139,living,리빙,시몬스,브랜드,20.0,percent,25,1
2026-07-10,e148,popup,팝업,탬버린즈,브랜드,70.0,percent,141,8
2026-07-11,e148,popup,팝업,탬버린즈,브랜드,70.0,percent,273,18
2026-07-12,e148,popup,팝업,탬버린즈,브랜드,70.0,percent,94,6
2026-07-13,e148,popup,팝업,탬버린즈,브랜드,70.0,percent,81,5
2026-07-14,e148,popup,팝업,탬버린즈,브랜드,70.0,percent,57,3
2026-07-15,e148,popup,팝업,탬버린즈,브랜드,70.0,percent,94,7
2026-07-16,e148,popup,팝업,탬버린즈,브랜드,70.0,percent,72,6
2026-07-17,e148,popup,팝업,탬버린즈,브랜드,70.0,percent,73,5
2026-07-18,e148,popup,팝업,탬버린즈,브랜드,70.0,percent,52,5
2026-07-19,e148,popup,팝업,탬버린즈,브랜드,70.0,percent,154,8
2026-07-20,e148,popup,팝업,탬버린즈,브랜드,70.0,percent,47,3
2026-07-11,e098,food,푸드,세븐일레븐,브랜드,,bundle,95,8
2026-07-15,e121,delivery,딜리버리,배달특급,소상공인,60.0,percent,43,2
2026-07-16,e121,delivery,딜리버리,배달특급,소상공인,60.0,percent,42,3
2026-07-17,e121,delivery,딜리버리,배달특급,소상공인,60.0,percent,72,3
2026-07-18,e121,delivery,딜리버리,배달특급,소상공인,60.0,percent,108,7
2026-07-19,e121,delivery,딜리버리,배달특급,소상공인,60.0,percent,69,4
2026-07-20,e121,delivery,딜리버리,배달특급,소상공인,60.0,percent,24,1
2026-07-21,e121,delivery,딜리버리,배달특급,소상공인,60.0,percent,36,2
2026-07-22,e121,delivery,딜리버리,배달특급,소상공인,60.0,percent,58,3
2026-07-23,e121,delivery,딜리버리,배달특급,소상공인,60.0,percent,32,1
2026-07-24,e121,delivery,딜리버리,배달특급,소상공인,60.0,percent,46,2
2026-07-25,e121,delivery,딜리버리,배달특급,소상공인,60.0,percent,42,2
2026-07-26,e121,delivery,딜리버리,배달특급,소상공인,60.0,percent,51,3
2026-07-27,e121,delivery,딜리버리,배달특급,소상공인,60.0,percent,23,1
2026-07-28,e121,delivery,딜리버리,배달특급,소상공인,60.0,percent,10,0
2026-07-29,e121,delivery,딜리버리,배달특급,소상공인,60.0,percent,19,1
2026-07-30,e121,delivery,딜리버리,배달특급,소상공인,60.0,percent,26,2
2026-07-31,e121,delivery,딜리버리,배달특급,소상공인,60.0,percent,35,2
2026-07-15,e144,living,리빙,롯데하이마트,브랜드,60.0,percent,64,3
2026-07-16,e144,living,리빙,롯데하이마트,브랜드,60.0,percent,58,3
2026-07-17,e144,living,리빙,롯데하이마트,브랜드,60.0,percent,104,4
2026-07-18,e144,living,리빙,롯데하이마트,브랜드,60.0,percent,52,3
2026-07-19,e144,living,리빙,롯데하이마트,브랜드,60.0,percent,63,3
2026-07-20,e144,living,리빙,롯데하이마트,브랜드,60.0,percent,25,1
2026-07-21,e144,living,리빙,롯데하이마트,브랜드,60.0,percent,47,2
2026-07-22,e144,living,리빙,롯데하이마트,브랜드,60.0,percent,39,1
2026-07-23,e144,living,리빙,롯데하이마트,브랜드,60.0,percent,76,4
2026-07-24,e144,living,리빙,롯데하이마트,브랜드,60.0,percent,29,1
2026-07-25,e144,living,리빙,롯데하이마트,브랜드,60.0,percent,86,3
2026-07-26,e144,living,리빙,롯데하이마트,브랜드,60.0,percent,30,1
2026-07-27,e144,living,리빙,롯데하이마트,브랜드,60.0,percent,26,1
2026-07-28,e144,living,리빙,롯데하이마트,브랜드,60.0,percent,18,1
2026-07-29,e144,living,리빙,롯데하이마트,브랜드,60.0,percent,61,2
2026-07-30,e144,living,리빙,롯데하이마트,브랜드,60.0,percent,35,1
2026-07-31,e144,living,리빙,롯데하이마트,브랜드,60.0,percent,42,2
2026-07-15,e126,stay,스테이,아고다,브랜드,60.0,percent,49,1
2026-07-16,e126,stay,스테이,아고다,브랜드,60.0,percent,27,1
2026-07-17,e126,stay,스테이,아고다,브랜드,60.0,percent,55,2
2026-07-18,e126,stay,스테이,아고다,브랜드,60.0,percent,54,2
2026-07-19,e126,stay,스테이,아고다,브랜드,60.0,percent,29,1
2026-07-20,e126,stay,스테이,아고다,브랜드,60.0,percent,32,1
2026-07-21,e126,stay,스테이,아고다,브랜드,60.0,percent,32,2
2026-07-22,e126,stay,스테이,아고다,브랜드,60.0,percent,38,1
2026-07-23,e126,stay,스테이,아고다,브랜드,60.0,percent,15,1
2026-07-24,e126,stay,스테이,아고다,브랜드,60.0,percent,24,1
2026-07-25,e126,stay,스테이,아고다,브랜드,60.0,percent,31,2
2026-07-26,e126,stay,스테이,아고다,브랜드,60.0,percent,56,2
2026-07-27,e126,stay,스테이,아고다,브랜드,60.0,percent,39,1
2026-07-28,e126,stay,스테이,아고다,브랜드,60.0,percent,28,1
2026-07-29,e126,stay,스테이,아고다,브랜드,60.0,percent,23,1
2026-07-30,e126,stay,스테이,아고다,브랜드,60.0,percent,41,1
2026-07-31,e126,stay,스테이,아고다,브랜드,60.0,percent,35,2
2026-07-15,e112,tech,테크,보스,브랜드,30.0,percent,80,4
2026-07-16,e112,tech,테크,보스,브랜드,30.0,percent,57,2
2026-07-17,e112,tech,테크,보스,브랜드,30.0,percent,28,1
2026-07-18,e112,tech,테크,보스,브랜드,30.0,percent,24,1
2026-07-19,e112,tech,테크,보스,브랜드,30.0,percent,39,2
2026-07-20,e112,tech,테크,보스,브랜드,30.0,percent,40,2
2026-07-21,e112,tech,테크,보스,브랜드,30.0,percent,21,1
2026-07-22,e112,tech,테크,보스,브랜드,30.0,percent,43,2
2026-07-23,e112,tech,테크,보스,브랜드,30.0,percent,34,2
2026-07-24,e112,tech,테크,보스,브랜드,30.0,percent,48,2
2026-07-25,e112,tech,테크,보스,브랜드,30.0,percent,30,1
2026-07-26,e112,tech,테크,보스,브랜드,30.0,percent,22,1
2026-07-27,e112,tech,테크,보스,브랜드,30.0,percent,15,1
2026-07-28,e112,tech,테크,보스,브랜드,30.0,percent,24,1
2026-07-29,e112,tech,테크,보스,브랜드,30.0,percent,12,1
2026-07-30,e112,tech,테크,보스,브랜드,30.0,percent,13,1
2026-07-31,e112,tech,테크,보스,브랜드,30.0,percent,21,1
2026-07-15,e130,stay,스테이,롯데호텔,브랜드,40.0,percent,60,2
2026-07-16,e130,stay,스테이,롯데호텔,브랜드,40.0,percent,38,1
2026-07-17,e130,stay,스테이,롯데호텔,브랜드,40.0,percent,79,3
2026-07-18,e130,stay,스테이,롯데호텔,브랜드,40.0,percent,89,4
2026-07-19,e130,stay,스테이,롯데호텔,브랜드,40.0,percent,18,1
2026-07-20,e130,stay,스테이,롯데호텔,브랜드,40.0,percent,36,2
2026-07-21,e130,stay,스테이,롯데호텔,브랜드,40.0,percent,22,1
2026-07-22,e130,stay,스테이,롯데호텔,브랜드,40.0,percent,37,2
2026-07-23,e130,stay,스테이,롯데호텔,브랜드,40.0,percent,32,1
2026-07-24,e130,stay,스테이,롯데호텔,브랜드,40.0,percent,33,1
2026-07-25,e130,stay,스테이,롯데호텔,브랜드,40.0,percent,33,2
2026-07-26,e130,stay,스테이,롯데호텔,브랜드,40.0,percent,18,1
2026-07-27,e130,stay,스테이,롯데호텔,브랜드,40.0,percent,51,2
2026-07-28,e130,stay,스테이,롯데호텔,브랜드,40.0,percent,13,0
2026-07-29,e130,stay,스테이,롯데호텔,브랜드,40.0,percent,40,2
2026-07-30,e130,stay,스테이,롯데호텔,브랜드,40.0,percent,29,1
2026-07-31,e130,stay,스테이,롯데호텔,브랜드,40.0,percent,23,1
2026-07-15,e108,tech,테크,브라운,브랜드,60.0,percent,55,3
2026-07-16,e108,tech,테크,브라운,브랜드,60.0,percent,36,2
2026-07-17,e108,tech,테크,브라운,브랜드,60.0,percent,68,3
2026-07-18,e108,tech,테크,브라운,브랜드,60.0,percent,39,1
2026-07-19,e108,tech,테크,브라운,브랜드,60.0,percent,88,4
2026-07-20,e108,tech,테크,브라운,브랜드,60.0,percent,42,1
2026-07-21,e108,tech,테크,브라운,브랜드,60.0,percent,33,1
2026-07-22,e108,tech,테크,브라운,브랜드,60.0,percent,35,1
2026-07-23,e108,tech,테크,브라운,브랜드,60.0,percent,37,2
2026-07-24,e108,tech,테크,브라운,브랜드,60.0,percent,34,1
2026-07-25,e108,tech,테크,브라운,브랜드,60.0,percent,41,2
2026-07-26,e108,tech,테크,브라운,브랜드,60.0,percent,77,4
2026-07-27,e108,tech,테크,브라운,브랜드,60.0,percent,41,2
2026-07-28,e108,tech,테크,브라운,브랜드,60.0,percent,33,2
2026-07-29,e108,tech,테크,브라운,브랜드,60.0,percent,23,1
2026-07-30,e108,tech,테크,브라운,브랜드,60.0,percent,14,1
2026-07-31,e108,tech,테크,브라운,브랜드,60.0,percent,41,2
2026-07-15,e117,delivery,딜리버리,쿠팡이츠,브랜드,10.0,percent,55,2
2026-07-16,e117,delivery,딜리버리,쿠팡이츠,브랜드,10.0,percent,45,2
2026-07-17,e117,delivery,딜리버리,쿠팡이츠,브랜드,10.0,percent,50,3
2026-07-18,e117,delivery,딜리버리,쿠팡이츠,브랜드,10.0,percent,35,2
2026-07-19,e117,delivery,딜리버리,쿠팡이츠,브랜드,10.0,percent,32,2
2026-07-20,e117,delivery,딜리버리,쿠팡이츠,브랜드,10.0,percent,43,2
2026-07-21,e117,delivery,딜리버리,쿠팡이츠,브랜드,10.0,percent,12,1
2026-07-22,e117,delivery,딜리버리,쿠팡이츠,브랜드,10.0,percent,35,2
2026-07-23,e117,delivery,딜리버리,쿠팡이츠,브랜드,10.0,percent,43,2
2026-07-24,e117,delivery,딜리버리,쿠팡이츠,브랜드,10.0,percent,36,2
2026-07-25,e117,delivery,딜리버리,쿠팡이츠,브랜드,10.0,percent,40,2
2026-07-26,e117,delivery,딜리버리,쿠팡이츠,브랜드,10.0,percent,22,1
2026-07-27,e117,delivery,딜리버리,쿠팡이츠,브랜드,10.0,percent,16,1
2026-07-28,e117,delivery,딜리버리,쿠팡이츠,브랜드,10.0,percent,17,1
2026-07-29,e117,delivery,딜리버리,쿠팡이츠,브랜드,10.0,percent,13,1
2026-07-30,e117,delivery,딜리버리,쿠팡이츠,브랜드,10.0,percent,16,1
2026-07-31,e117,delivery,딜리버리,쿠팡이츠,브랜드,10.0,percent,27,2
2026-07-15,e077,fashion,패션,챔피온,브랜드,20.0,percent,56,3
2026-07-16,e077,fashion,패션,챔피온,브랜드,20.0,percent,64,3
2026-07-17,e077,fashion,패션,챔피온,브랜드,20.0,percent,93,5
2026-07-18,e077,fashion,패션,챔피온,브랜드,20.0,percent,70,4
2026-07-19,e077,fashion,패션,챔피온,브랜드,20.0,percent,65,3
2026-07-20,e077,fashion,패션,챔피온,브랜드,20.0,percent,20,1
2026-07-21,e077,fashion,패션,챔피온,브랜드,20.0,percent,46,3
2026-07-22,e077,fashion,패션,챔피온,브랜드,20.0,percent,18,1
2026-07-23,e077,fashion,패션,챔피온,브랜드,20.0,percent,26,2
2026-07-24,e077,fashion,패션,챔피온,브랜드,20.0,percent,25,2
2026-07-25,e077,fashion,패션,챔피온,브랜드,20.0,percent,21,1
2026-07-26,e077,fashion,패션,챔피온,브랜드,20.0,percent,39,2
2026-07-27,e077,fashion,패션,챔피온,브랜드,20.0,percent,32,1
2026-07-28,e077,fashion,패션,챔피온,브랜드,20.0,percent,42,2
2026-07-29,e077,fashion,패션,챔피온,브랜드,20.0,percent,28,1
2026-07-30,e077,fashion,패션,챔피온,브랜드,20.0,percent,20,1
2026-07-31,e077,fashion,패션,챔피온,브랜드,20.0,percent,27,2
2026-07-15,e149,popup,팝업,마뗑킴,소상공인,40.0,percent,41,3
2026-07-16,e149,popup,팝업,마뗑킴,소상공인,40.0,percent,61,4
2026-07-17,e149,popup,팝업,마뗑킴,소상공인,40.0,percent,74,4
2026-07-18,e149,popup,팝업,마뗑킴,소상공인,40.0,percent,93,7
2026-07-19,e149,popup,팝업,마뗑킴,소상공인,40.0,percent,86,6
2026-07-20,e149,popup,팝업,마뗑킴,소상공인,40.0,percent,51,4
2026-07-21,e149,popup,팝업,마뗑킴,소상공인,40.0,percent,27,1
2026-07-22,e149,popup,팝업,마뗑킴,소상공인,40.0,percent,24,2
2026-07-23,e149,popup,팝업,마뗑킴,소상공인,40.0,percent,48,3
2026-07-24,e149,popup,팝업,마뗑킴,소상공인,40.0,percent,22,2
2026-07-25,e149,popup,팝업,마뗑킴,소상공인,40.0,percent,102,5
2026-07-26,e149,popup,팝업,마뗑킴,소상공인,40.0,percent,34,3
2026-07-27,e149,popup,팝업,마뗑킴,소상공인,40.0,percent,48,2
2026-07-28,e149,popup,팝업,마뗑킴,소상공인,40.0,percent,23,2
2026-07-29,e149,popup,팝업,마뗑킴,소상공인,40.0,percent,37,3
2026-07-30,e149,popup,팝업,마뗑킴,소상공인,40.0,percent,21,2
2026-07-31,e149,popup,팝업,마뗑킴,소상공인,40.0,percent,38,3
2026-07-15,e158,popup,팝업,잠실 스포츠 체험존,브랜드,50.0,percent,54,5
2026-07-16,e158,popup,팝업,잠실 스포츠 체험존,브랜드,50.0,percent,102,9
2026-07-17,e158,popup,팝업,잠실 스포츠 체험존,브랜드,50.0,percent,62,4
2026-07-18,e158,popup,팝업,잠실 스포츠 체험존,브랜드,50.0,percent,68,5
2026-07-19,e158,popup,팝업,잠실 스포츠 체험존,브랜드,50.0,percent,71,6
2026-07-20,e158,popup,팝업,잠실 스포츠 체험존,브랜드,50.0,percent,50,3
2026-07-21,e158,popup,팝업,잠실 스포츠 체험존,브랜드,50.0,percent,58,4
2026-07-22,e158,popup,팝업,잠실 스포츠 체험존,브랜드,50.0,percent,55,3
2026-07-23,e158,popup,팝업,잠실 스포츠 체험존,브랜드,50.0,percent,50,4
2026-07-24,e158,popup,팝업,잠실 스포츠 체험존,브랜드,50.0,percent,77,6
2026-07-25,e158,popup,팝업,잠실 스포츠 체험존,브랜드,50.0,percent,72,6
2026-07-26,e158,popup,팝업,잠실 스포츠 체험존,브랜드,50.0,percent,67,6
2026-07-27,e158,popup,팝업,잠실 스포츠 체험존,브랜드,50.0,percent,27,2
2026-07-28,e158,popup,팝업,잠실 스포츠 체험존,브랜드,50.0,percent,53,4
2026-07-29,e158,popup,팝업,잠실 스포츠 체험존,브랜드,50.0,percent,53,3
2026-07-30,e158,popup,팝업,잠실 스포츠 체험존,브랜드,50.0,percent,43,4
2026-07-31,e158,popup,팝업,잠실 스포츠 체험존,브랜드,50.0,percent,65,5
2026-07-15,e103,food,푸드,공차,브랜드,60.0,percent,110,6
2026-07-16,e103,food,푸드,공차,브랜드,60.0,percent,179,12
2026-07-17,e103,food,푸드,공차,브랜드,60.0,percent,111,8
2026-07-18,e103,food,푸드,공차,브랜드,60.0,percent,109,7
2026-07-19,e103,food,푸드,공차,브랜드,60.0,percent,108,6
2026-07-20,e103,food,푸드,공차,브랜드,60.0,percent,119,8
2026-07-21,e103,food,푸드,공차,브랜드,60.0,percent,44,2
2026-07-22,e103,food,푸드,공차,브랜드,60.0,percent,60,5
2026-07-23,e103,food,푸드,공차,브랜드,60.0,percent,45,4
2026-07-24,e103,food,푸드,공차,브랜드,60.0,percent,61,5
2026-07-25,e103,food,푸드,공차,브랜드,60.0,percent,52,5
2026-07-26,e103,food,푸드,공차,브랜드,60.0,percent,75,6
2026-07-27,e103,food,푸드,공차,브랜드,60.0,percent,45,4
2026-07-28,e103,food,푸드,공차,브랜드,60.0,percent,56,5
2026-07-29,e103,food,푸드,공차,브랜드,60.0,percent,64,5
2026-07-30,e103,food,푸드,공차,브랜드,60.0,percent,71,4
2026-07-31,e103,food,푸드,공차,브랜드,60.0,percent,46,4
2026-07-15,e095,beauty,뷰티,네이처리퍼블릭,브랜드,,other,88,6
2026-07-16,e095,beauty,뷰티,네이처리퍼블릭,브랜드,,other,111,8
2026-07-17,e095,beauty,뷰티,네이처리퍼블릭,브랜드,,other,54,4
2026-07-18,e095,beauty,뷰티,네이처리퍼블릭,브랜드,,other,80,4
2026-07-19,e095,beauty,뷰티,네이처리퍼블릭,브랜드,,other,48,4
2026-07-20,e095,beauty,뷰티,네이처리퍼블릭,브랜드,,other,80,7
2026-07-21,e095,beauty,뷰티,네이처리퍼블릭,브랜드,,other,59,4
2026-07-22,e095,beauty,뷰티,네이처리퍼블릭,브랜드,,other,45,3
2026-07-23,e095,beauty,뷰티,네이처리퍼블릭,브랜드,,other,45,2
2026-07-24,e095,beauty,뷰티,네이처리퍼블릭,브랜드,,other,33,3
2026-07-25,e095,beauty,뷰티,네이처리퍼블릭,브랜드,,other,81,6
2026-07-26,e095,beauty,뷰티,네이처리퍼블릭,브랜드,,other,39,3
2026-07-27,e095,beauty,뷰티,네이처리퍼블릭,브랜드,,other,25,2
2026-07-28,e095,beauty,뷰티,네이처리퍼블릭,브랜드,,other,43,2
2026-07-29,e095,beauty,뷰티,네이처리퍼블릭,브랜드,,other,26,1
2026-07-30,e095,beauty,뷰티,네이처리퍼블릭,브랜드,,other,25,2
2026-07-31,e095,beauty,뷰티,네이처리퍼블릭,브랜드,,other,51,3
2026-07-15,e153,popup,팝업,연남동 독립서점,브랜드,20.0,percent,50,4
2026-07-16,e153,popup,팝업,연남동 독립서점,브랜드,20.0,percent,83,6
2026-07-17,e153,popup,팝업,연남동 독립서점,브랜드,20.0,percent,75,7
2026-07-18,e153,popup,팝업,연남동 독립서점,브랜드,20.0,percent,98,7
2026-07-19,e153,popup,팝업,연남동 독립서점,브랜드,20.0,percent,74,5
2026-07-20,e153,popup,팝업,연남동 독립서점,브랜드,20.0,percent,101,8
2026-07-21,e153,popup,팝업,연남동 독립서점,브랜드,20.0,percent,39,2
2026-07-22,e153,popup,팝업,연남동 독립서점,브랜드,20.0,percent,31,2
2026-07-23,e153,popup,팝업,연남동 독립서점,브랜드,20.0,percent,36,2
2026-07-24,e153,popup,팝업,연남동 독립서점,브랜드,20.0,percent,49,3
2026-07-25,e153,popup,팝업,연남동 독립서점,브랜드,20.0,percent,88,5
2026-07-26,e153,popup,팝업,연남동 독립서점,브랜드,20.0,percent,54,4
2026-07-27,e153,popup,팝업,연남동 독립서점,브랜드,20.0,percent,23,2
2026-07-28,e153,popup,팝업,연남동 독립서점,브랜드,20.0,percent,120,8
2026-07-29,e153,popup,팝업,연남동 독립서점,브랜드,20.0,percent,42,3
2026-07-30,e153,popup,팝업,연남동 독립서점,브랜드,20.0,percent,23,1
2026-07-31,e153,popup,팝업,연남동 독립서점,브랜드,20.0,percent,25,1
2026-07-15,e090,beauty,뷰티,롬앤,브랜드,25.0,percent,47,3
2026-07-16,e090,beauty,뷰티,롬앤,브랜드,25.0,percent,65,4
2026-07-17,e090,beauty,뷰티,롬앤,브랜드,25.0,percent,70,5
2026-07-18,e090,beauty,뷰티,롬앤,브랜드,25.0,percent,58,3
2026-07-19,e090,beauty,뷰티,롬앤,브랜드,25.0,percent,37,3
2026-07-20,e090,beauty,뷰티,롬앤,브랜드,25.0,percent,28,2
2026-07-21,e090,beauty,뷰티,롬앤,브랜드,25.0,percent,44,3
2026-07-22,e090,beauty,뷰티,롬앤,브랜드,25.0,percent,32,3
2026-07-23,e090,beauty,뷰티,롬앤,브랜드,25.0,percent,25,2
2026-07-24,e090,beauty,뷰티,롬앤,브랜드,25.0,percent,42,3
2026-07-25,e090,beauty,뷰티,롬앤,브랜드,25.0,percent,51,4
2026-07-26,e090,beauty,뷰티,롬앤,브랜드,25.0,percent,48,2
2026-07-27,e090,beauty,뷰티,롬앤,브랜드,25.0,percent,30,2
2026-07-28,e090,beauty,뷰티,롬앤,브랜드,25.0,percent,26,2
2026-07-29,e090,beauty,뷰티,롬앤,브랜드,25.0,percent,44,3
2026-07-30,e090,beauty,뷰티,롬앤,브랜드,25.0,percent,21,1
2026-07-31,e090,beauty,뷰티,롬앤,브랜드,25.0,percent,33,2
2026-07-15,e081,fashion,패션,커버낫,브랜드,,other,38,2
2026-07-16,e081,fashion,패션,커버낫,브랜드,,other,59,3
2026-07-17,e081,fashion,패션,커버낫,브랜드,,other,75,5
2026-07-18,e081,fashion,패션,커버낫,브랜드,,other,99,5
2026-07-19,e081,fashion,패션,커버낫,브랜드,,other,32,2
2026-07-20,e081,fashion,패션,커버낫,브랜드,,other,43,3
2026-07-21,e081,fashion,패션,커버낫,브랜드,,other,70,4
2026-07-22,e081,fashion,패션,커버낫,브랜드,,other,13,1
2026-07-23,e081,fashion,패션,커버낫,브랜드,,other,42,3
2026-07-24,e081,fashion,패션,커버낫,브랜드,,other,27,1
2026-07-25,e081,fashion,패션,커버낫,브랜드,,other,41,3
2026-07-26,e081,fashion,패션,커버낫,브랜드,,other,50,3
2026-07-27,e081,fashion,패션,커버낫,브랜드,,other,24,1
2026-07-28,e081,fashion,패션,커버낫,브랜드,,other,30,2
2026-07-29,e081,fashion,패션,커버낫,브랜드,,other,31,2
2026-07-30,e081,fashion,패션,커버낫,브랜드,,other,29,2
2026-07-31,e081,fashion,패션,커버낫,브랜드,,other,23,1
2026-07-15,e135,stay,스테이,대명리조트,소상공인,55.0,percent,41,2
2026-07-16,e135,stay,스테이,대명리조트,소상공인,55.0,percent,100,3
2026-07-17,e135,stay,스테이,대명리조트,소상공인,55.0,percent,44,2
2026-07-18,e135,stay,스테이,대명리조트,소상공인,55.0,percent,48,2
2026-07-19,e135,stay,스테이,대명리조트,소상공인,55.0,percent,40,2
2026-07-20,e135,stay,스테이,대명리조트,소상공인,55.0,percent,39,2
2026-07-21,e135,stay,스테이,대명리조트,소상공인,55.0,percent,42,2
2026-07-22,e135,stay,스테이,대명리조트,소상공인,55.0,percent,23,1
2026-07-23,e135,stay,스테이,대명리조트,소상공인,55.0,percent,25,1
2026-07-24,e135,stay,스테이,대명리조트,소상공인,55.0,percent,31,1
2026-07-25,e135,stay,스테이,대명리조트,소상공인,55.0,percent,47,2
2026-07-26,e135,stay,스테이,대명리조트,소상공인,55.0,percent,30,1
2026-07-27,e135,stay,스테이,대명리조트,소상공인,55.0,percent,22,1
2026-07-28,e135,stay,스테이,대명리조트,소상공인,55.0,percent,16,1
2026-07-29,e135,stay,스테이,대명리조트,소상공인,55.0,percent,23,1
2026-07-30,e135,stay,스테이,대명리조트,소상공인,55.0,percent,26,1
2026-07-31,e135,stay,스테이,대명리조트,소상공인,55.0,percent,33,1
2026-07-20,e132,stay,스테이,조선호텔,브랜드,30.0,percent,96,3
2026-07-21,e132,stay,스테이,조선호텔,브랜드,30.0,percent,31,1
2026-07-22,e132,stay,스테이,조선호텔,브랜드,30.0,percent,38,2
2026-07-23,e132,stay,스테이,조선호텔,브랜드,30.0,percent,32,1
2026-07-24,e132,stay,스테이,조선호텔,브랜드,30.0,percent,68,2
2026-07-25,e132,stay,스테이,조선호텔,브랜드,30.0,percent,53,2
2026-07-26,e132,stay,스테이,조선호텔,브랜드,30.0,percent,20,1
2026-07-27,e132,stay,스테이,조선호텔,브랜드,30.0,percent,19,1
2026-07-28,e132,stay,스테이,조선호텔,브랜드,30.0,percent,19,1
2026-07-29,e132,stay,스테이,조선호텔,브랜드,30.0,percent,13,0
2026-07-30,e132,stay,스테이,조선호텔,브랜드,30.0,percent,23,1
2026-07-31,e132,stay,스테이,조선호텔,브랜드,30.0,percent,22,1
2026-08-01,e132,stay,스테이,조선호텔,브랜드,30.0,percent,59,3
2026-08-02,e132,stay,스테이,조선호텔,브랜드,30.0,percent,30,1
2026-08-03,e132,stay,스테이,조선호텔,브랜드,30.0,percent,17,1
2026-08-04,e132,stay,스테이,조선호텔,브랜드,30.0,percent,13,0
2026-08-05,e132,stay,스테이,조선호텔,브랜드,30.0,percent,8,0
2026-07-20,e137,living,리빙,리바트,브랜드,55.0,percent,69,3
2026-07-21,e137,living,리빙,리바트,브랜드,55.0,percent,98,3
2026-07-22,e137,living,리빙,리바트,브랜드,55.0,percent,49,2
2026-07-23,e137,living,리빙,리바트,브랜드,55.0,percent,49,2
2026-07-24,e137,living,리빙,리바트,브랜드,55.0,percent,130,7
2026-07-25,e137,living,리빙,리바트,브랜드,55.0,percent,86,3
2026-07-26,e137,living,리빙,리바트,브랜드,55.0,percent,55,2
2026-07-27,e137,living,리빙,리바트,브랜드,55.0,percent,45,1
2026-07-28,e137,living,리빙,리바트,브랜드,55.0,percent,35,2
2026-07-29,e137,living,리빙,리바트,브랜드,55.0,percent,34,2
2026-07-30,e137,living,리빙,리바트,브랜드,55.0,percent,18,1
2026-07-31,e137,living,리빙,리바트,브랜드,55.0,percent,25,1
2026-08-01,e137,living,리빙,리바트,브랜드,55.0,percent,45,2
2026-08-02,e137,living,리빙,리바트,브랜드,55.0,percent,28,2
2026-08-03,e137,living,리빙,리바트,브랜드,55.0,percent,27,1
2026-08-04,e137,living,리빙,리바트,브랜드,55.0,percent,17,1
2026-08-05,e137,living,리빙,리바트,브랜드,55.0,percent,40,2
2026-07-20,e128,stay,스테이,호텔스컴바인,소상공인,50.0,percent,39,1
2026-07-21,e128,stay,스테이,호텔스컴바인,소상공인,50.0,percent,29,1
2026-07-22,e128,stay,스테이,호텔스컴바인,소상공인,50.0,percent,24,1
2026-07-23,e128,stay,스테이,호텔스컴바인,소상공인,50.0,percent,45,2
2026-07-24,e128,stay,스테이,호텔스컴바인,소상공인,50.0,percent,38,1
2026-07-25,e128,stay,스테이,호텔스컴바인,소상공인,50.0,percent,61,2
2026-07-26,e128,stay,스테이,호텔스컴바인,소상공인,50.0,percent,30,1
2026-07-27,e128,stay,스테이,호텔스컴바인,소상공인,50.0,percent,16,1
2026-07-28,e128,stay,스테이,호텔스컴바인,소상공인,50.0,percent,21,1
2026-07-29,e128,stay,스테이,호텔스컴바인,소상공인,50.0,percent,35,2
2026-07-30,e128,stay,스테이,호텔스컴바인,소상공인,50.0,percent,13,1
2026-07-31,e128,stay,스테이,호텔스컴바인,소상공인,50.0,percent,29,1
2026-08-01,e128,stay,스테이,호텔스컴바인,소상공인,50.0,percent,35,2
2026-08-02,e128,stay,스테이,호텔스컴바인,소상공인,50.0,percent,47,2
2026-08-03,e128,stay,스테이,호텔스컴바인,소상공인,50.0,percent,15,0
2026-08-04,e128,stay,스테이,호텔스컴바인,소상공인,50.0,percent,10,0
2026-08-05,e128,stay,스테이,호텔스컴바인,소상공인,50.0,percent,16,1
2026-07-20,e079,fashion,패션,탑텐,소상공인,45.0,percent,94,7
2026-07-21,e079,fashion,패션,탑텐,소상공인,45.0,percent,58,3
2026-07-22,e079,fashion,패션,탑텐,소상공인,45.0,percent,63,4
2026-07-23,e079,fashion,패션,탑텐,소상공인,45.0,percent,35,2
2026-07-24,e079,fashion,패션,탑텐,소상공인,45.0,percent,50,3
2026-07-25,e079,fashion,패션,탑텐,소상공인,45.0,percent,60,3
2026-07-26,e079,fashion,패션,탑텐,소상공인,45.0,percent,30,2
2026-07-27,e079,fashion,패션,탑텐,소상공인,45.0,percent,35,2
2026-07-28,e079,fashion,패션,탑텐,소상공인,45.0,percent,27,1
2026-07-29,e079,fashion,패션,탑텐,소상공인,45.0,percent,84,4
2026-07-30,e079,fashion,패션,탑텐,소상공인,45.0,percent,31,1
2026-07-31,e079,fashion,패션,탑텐,소상공인,45.0,percent,64,4
2026-08-01,e079,fashion,패션,탑텐,소상공인,45.0,percent,50,3
2026-08-02,e079,fashion,패션,탑텐,소상공인,45.0,percent,37,2
2026-08-03,e079,fashion,패션,탑텐,소상공인,45.0,percent,45,3
2026-08-04,e079,fashion,패션,탑텐,소상공인,45.0,percent,17,1
2026-08-05,e079,fashion,패션,탑텐,소상공인,45.0,percent,23,1
2026-07-20,e083,fashion,패션,내셔널지오그래픽,브랜드,40.0,percent,109,6
2026-07-21,e083,fashion,패션,내셔널지오그래픽,브랜드,40.0,percent,30,1
2026-07-22,e083,fashion,패션,내셔널지오그래픽,브랜드,40.0,percent,59,3
2026-07-23,e083,fashion,패션,내셔널지오그래픽,브랜드,40.0,percent,55,3
2026-07-24,e083,fashion,패션,내셔널지오그래픽,브랜드,40.0,percent,67,3
2026-07-25,e083,fashion,패션,내셔널지오그래픽,브랜드,40.0,percent,60,4
2026-07-26,e083,fashion,패션,내셔널지오그래픽,브랜드,40.0,percent,76,5
2026-07-27,e083,fashion,패션,내셔널지오그래픽,브랜드,40.0,percent,29,2
2026-07-28,e083,fashion,패션,내셔널지오그래픽,브랜드,40.0,percent,48,3
2026-07-29,e083,fashion,패션,내셔널지오그래픽,브랜드,40.0,percent,24,2
2026-07-30,e083,fashion,패션,내셔널지오그래픽,브랜드,40.0,percent,40,2
2026-07-31,e083,fashion,패션,내셔널지오그래픽,브랜드,40.0,percent,65,4
2026-08-01,e083,fashion,패션,내셔널지오그래픽,브랜드,40.0,percent,36,2
2026-08-02,e083,fashion,패션,내셔널지오그래픽,브랜드,40.0,percent,35,2
2026-08-03,e083,fashion,패션,내셔널지오그래픽,브랜드,40.0,percent,44,3
2026-08-04,e083,fashion,패션,내셔널지오그래픽,브랜드,40.0,percent,31,2
2026-08-05,e083,fashion,패션,내셔널지오그래픽,브랜드,40.0,percent,17,1
2026-07-20,e123,delivery,딜리버리,동네줌,브랜드,20.0,percent,64,2
2026-07-21,e123,delivery,딜리버리,동네줌,브랜드,20.0,percent,60,3
2026-07-22,e123,delivery,딜리버리,동네줌,브랜드,20.0,percent,65,3
2026-07-23,e123,delivery,딜리버리,동네줌,브랜드,20.0,percent,46,3
2026-07-24,e123,delivery,딜리버리,동네줌,브랜드,20.0,percent,54,3
2026-07-25,e123,delivery,딜리버리,동네줌,브랜드,20.0,percent,88,3
2026-07-26,e123,delivery,딜리버리,동네줌,브랜드,20.0,percent,58,3
2026-07-27,e123,delivery,딜리버리,동네줌,브랜드,20.0,percent,17,1
2026-07-28,e123,delivery,딜리버리,동네줌,브랜드,20.0,percent,23,1
2026-07-29,e123,delivery,딜리버리,동네줌,브랜드,20.0,percent,25,1
2026-07-30,e123,delivery,딜리버리,동네줌,브랜드,20.0,percent,40,1
2026-07-31,e123,delivery,딜리버리,동네줌,브랜드,20.0,percent,49,3
2026-08-01,e123,delivery,딜리버리,동네줌,브랜드,20.0,percent,39,2
2026-08-02,e123,delivery,딜리버리,동네줌,브랜드,20.0,percent,34,2
2026-08-03,e123,delivery,딜리버리,동네줌,브랜드,20.0,percent,21,1
2026-08-04,e123,delivery,딜리버리,동네줌,브랜드,20.0,percent,32,1
2026-08-05,e123,delivery,딜리버리,동네줌,브랜드,20.0,percent,17,1
2026-07-20,e155,popup,팝업,한남 아트팝업,브랜드,50.0,percent,84,5
2026-07-21,e155,popup,팝업,한남 아트팝업,브랜드,50.0,percent,120,10
2026-07-22,e155,popup,팝업,한남 아트팝업,브랜드,50.0,percent,110,8
2026-07-23,e155,popup,팝업,한남 아트팝업,브랜드,50.0,percent,159,10
2026-07-24,e155,popup,팝업,한남 아트팝업,브랜드,50.0,percent,75,4
2026-07-25,e155,popup,팝업,한남 아트팝업,브랜드,50.0,percent,74,4
2026-07-26,e155,popup,팝업,한남 아트팝업,브랜드,50.0,percent,65,4
2026-07-27,e155,popup,팝업,한남 아트팝업,브랜드,50.0,percent,28,2
2026-07-28,e155,popup,팝업,한남 아트팝업,브랜드,50.0,percent,21,1
2026-07-29,e155,popup,팝업,한남 아트팝업,브랜드,50.0,percent,48,3
2026-07-30,e155,popup,팝업,한남 아트팝업,브랜드,50.0,percent,39,3
2026-07-31,e155,popup,팝업,한남 아트팝업,브랜드,50.0,percent,40,3
2026-08-01,e155,popup,팝업,한남 아트팝업,브랜드,50.0,percent,62,5
2026-08-02,e155,popup,팝업,한남 아트팝업,브랜드,50.0,percent,60,5
2026-08-03,e155,popup,팝업,한남 아트팝업,브랜드,50.0,percent,37,2
2026-08-04,e155,popup,팝업,한남 아트팝업,브랜드,50.0,percent,35,3
2026-08-05,e155,popup,팝업,한남 아트팝업,브랜드,50.0,percent,33,3
2026-07-20,e088,beauty,뷰티,미샤,브랜드,40.0,percent,107,7
2026-07-21,e088,beauty,뷰티,미샤,브랜드,40.0,percent,56,3
2026-07-22,e088,beauty,뷰티,미샤,브랜드,40.0,percent,45,4
2026-07-23,e088,beauty,뷰티,미샤,브랜드,40.0,percent,51,4
2026-07-24,e088,beauty,뷰티,미샤,브랜드,40.0,percent,70,5
2026-07-25,e088,beauty,뷰티,미샤,브랜드,40.0,percent,91,4
2026-07-26,e088,beauty,뷰티,미샤,브랜드,40.0,percent,116,5
2026-07-27,e088,beauty,뷰티,미샤,브랜드,40.0,percent,41,3
2026-07-28,e088,beauty,뷰티,미샤,브랜드,40.0,percent,62,4
2026-07-29,e088,beauty,뷰티,미샤,브랜드,40.0,percent,29,2
2026-07-30,e088,beauty,뷰티,미샤,브랜드,40.0,percent,28,2
2026-07-31,e088,beauty,뷰티,미샤,브랜드,40.0,percent,51,4
2026-08-01,e088,beauty,뷰티,미샤,브랜드,40.0,percent,62,5
2026-08-02,e088,beauty,뷰티,미샤,브랜드,40.0,percent,49,4
2026-08-03,e088,beauty,뷰티,미샤,브랜드,40.0,percent,90,6
2026-08-04,e088,beauty,뷰티,미샤,브랜드,40.0,percent,25,2
2026-08-05,e088,beauty,뷰티,미샤,브랜드,40.0,percent,51,3
2026-07-20,e119,delivery,딜리버리,위메프오,브랜드,70.0,percent,71,4
2026-07-21,e119,delivery,딜리버리,위메프오,브랜드,70.0,percent,95,4
2026-07-22,e119,delivery,딜리버리,위메프오,브랜드,70.0,percent,71,4
2026-07-23,e119,delivery,딜리버리,위메프오,브랜드,70.0,percent,72,3
2026-07-24,e119,delivery,딜리버리,위메프오,브랜드,70.0,percent,84,5
2026-07-25,e119,delivery,딜리버리,위메프오,브랜드,70.0,percent,79,4
2026-07-26,e119,delivery,딜리버리,위메프오,브랜드,70.0,percent,63,3
2026-07-27,e119,delivery,딜리버리,위메프오,브랜드,70.0,percent,24,1
2026-07-28,e119,delivery,딜리버리,위메프오,브랜드,70.0,percent,56,3
2026-07-29,e119,delivery,딜리버리,위메프오,브랜드,70.0,percent,26,1
2026-07-30,e119,delivery,딜리버리,위메프오,브랜드,70.0,percent,36,1
2026-07-31,e119,delivery,딜리버리,위메프오,브랜드,70.0,percent,55,3
2026-08-01,e119,delivery,딜리버리,위메프오,브랜드,70.0,percent,38,2
2026-08-02,e119,delivery,딜리버리,위메프오,브랜드,70.0,percent,49,3
2026-08-03,e119,delivery,딜리버리,위메프오,브랜드,70.0,percent,48,3
2026-08-04,e119,delivery,딜리버리,위메프오,브랜드,70.0,percent,29,1
2026-08-05,e119,delivery,딜리버리,위메프오,브랜드,70.0,percent,34,1
2026-07-20,e092,beauty,뷰티,닥터자르트,브랜드,45.0,percent,64,5
2026-07-21,e092,beauty,뷰티,닥터자르트,브랜드,45.0,percent,64,4
2026-07-22,e092,beauty,뷰티,닥터자르트,브랜드,45.0,percent,43,3
2026-07-23,e092,beauty,뷰티,닥터자르트,브랜드,45.0,percent,66,5
2026-07-24,e092,beauty,뷰티,닥터자르트,브랜드,45.0,percent,41,3
2026-07-25,e092,beauty,뷰티,닥터자르트,브랜드,45.0,percent,59,3
2026-07-26,e092,beauty,뷰티,닥터자르트,브랜드,45.0,percent,63,4
2026-07-27,e092,beauty,뷰티,닥터자르트,브랜드,45.0,percent,39,3
2026-07-28,e092,beauty,뷰티,닥터자르트,브랜드,45.0,percent,43,2
2026-07-29,e092,beauty,뷰티,닥터자르트,브랜드,45.0,percent,37,2
2026-07-30,e092,beauty,뷰티,닥터자르트,브랜드,45.0,percent,21,2
2026-07-31,e092,beauty,뷰티,닥터자르트,브랜드,45.0,percent,31,2
2026-08-01,e092,beauty,뷰티,닥터자르트,브랜드,45.0,percent,53,3
2026-08-02,e092,beauty,뷰티,닥터자르트,브랜드,45.0,percent,70,5
2026-08-03,e092,beauty,뷰티,닥터자르트,브랜드,45.0,percent,47,4
2026-08-04,e092,beauty,뷰티,닥터자르트,브랜드,45.0,percent,86,6
2026-08-05,e092,beauty,뷰티,닥터자르트,브랜드,45.0,percent,28,2
2026-07-20,e114,tech,테크,레이저,소상공인,45.0,percent,68,3
2026-07-21,e114,tech,테크,레이저,소상공인,45.0,percent,54,3
2026-07-22,e114,tech,테크,레이저,소상공인,45.0,percent,69,3
2026-07-23,e114,tech,테크,레이저,소상공인,45.0,percent,57,2
2026-07-24,e114,tech,테크,레이저,소상공인,45.0,percent,44,2
2026-07-25,e114,tech,테크,레이저,소상공인,45.0,percent,53,2
2026-07-26,e114,tech,테크,레이저,소상공인,45.0,percent,42,2
2026-07-27,e114,tech,테크,레이저,소상공인,45.0,percent,25,1
2026-07-28,e114,tech,테크,레이저,소상공인,45.0,percent,27,1
2026-07-29,e114,tech,테크,레이저,소상공인,45.0,percent,24,1
2026-07-30,e114,tech,테크,레이저,소상공인,45.0,percent,24,1
2026-07-31,e114,tech,테크,레이저,소상공인,45.0,percent,49,2
2026-08-01,e114,tech,테크,레이저,소상공인,45.0,percent,35,1
2026-08-02,e114,tech,테크,레이저,소상공인,45.0,percent,29,2
2026-08-03,e114,tech,테크,레이저,소상공인,45.0,percent,19,1
2026-08-04,e114,tech,테크,레이저,소상공인,45.0,percent,17,1
2026-08-05,e114,tech,테크,레이저,소상공인,45.0,percent,13,1
2026-07-20,e150,popup,팝업,앤더슨벨,브랜드,20.0,percent,74,5
2026-07-21,e150,popup,팝업,앤더슨벨,브랜드,20.0,percent,91,5
2026-07-22,e150,popup,팝업,앤더슨벨,브랜드,20.0,percent,47,4
2026-07-23,e150,popup,팝업,앤더슨벨,브랜드,20.0,percent,112,10
2026-07-24,e150,popup,팝업,앤더슨벨,브랜드,20.0,percent,27,1
2026-07-25,e150,popup,팝업,앤더슨벨,브랜드,20.0,percent,73,4
2026-07-26,e150,popup,팝업,앤더슨벨,브랜드,20.0,percent,118,11
2026-07-27,e150,popup,팝업,앤더슨벨,브랜드,20.0,percent,39,3
2026-07-28,e150,popup,팝업,앤더슨벨,브랜드,20.0,percent,57,4
2026-07-29,e150,popup,팝업,앤더슨벨,브랜드,20.0,percent,26,2
2026-07-30,e150,popup,팝업,앤더슨벨,브랜드,20.0,percent,22,1
2026-07-31,e150,popup,팝업,앤더슨벨,브랜드,20.0,percent,36,2
2026-08-01,e150,popup,팝업,앤더슨벨,브랜드,20.0,percent,40,2
2026-08-02,e150,popup,팝업,앤더슨벨,브랜드,20.0,percent,24,2
2026-08-03,e150,popup,팝업,앤더슨벨,브랜드,20.0,percent,30,2
2026-08-04,e150,popup,팝업,앤더슨벨,브랜드,20.0,percent,23,2
2026-08-05,e150,popup,팝업,앤더슨벨,브랜드,20.0,percent,47,3
2026-07-20,e146,popup,팝업,아디다스 오리지널스,브랜드,60.0,percent,112,6
2026-07-21,e146,popup,팝업,아디다스 오리지널스,브랜드,60.0,percent,67,5
2026-07-22,e146,popup,팝업,아디다스 오리지널스,브랜드,60.0,percent,81,5
2026-07-23,e146,popup,팝업,아디다스 오리지널스,브랜드,60.0,percent,81,7
2026-07-24,e146,popup,팝업,아디다스 오리지널스,브랜드,60.0,percent,101,5
2026-07-25,e146,popup,팝업,아디다스 오리지널스,브랜드,60.0,percent,90,5
2026-07-26,e146,popup,팝업,아디다스 오리지널스,브랜드,60.0,percent,159,12
2026-07-27,e146,popup,팝업,아디다스 오리지널스,브랜드,60.0,percent,35,3
2026-07-28,e146,popup,팝업,아디다스 오리지널스,브랜드,60.0,percent,39,3
2026-07-29,e146,popup,팝업,아디다스 오리지널스,브랜드,60.0,percent,36,3
2026-07-30,e146,popup,팝업,아디다스 오리지널스,브랜드,60.0,percent,43,2
2026-07-31,e146,popup,팝업,아디다스 오리지널스,브랜드,60.0,percent,63,5
2026-08-01,e146,popup,팝업,아디다스 오리지널스,브랜드,60.0,percent,71,6
2026-08-02,e146,popup,팝업,아디다스 오리지널스,브랜드,60.0,percent,72,6
2026-08-03,e146,popup,팝업,아디다스 오리지널스,브랜드,60.0,percent,44,4
2026-08-04,e146,popup,팝업,아디다스 오리지널스,브랜드,60.0,percent,42,2
2026-08-05,e146,popup,팝업,아디다스 오리지널스,브랜드,60.0,percent,43,2
2026-07-20,e141,living,리빙,무인양품,브랜드,20.0,percent,44,2
2026-07-21,e141,living,리빙,무인양품,브랜드,20.0,percent,35,1
2026-07-22,e141,living,리빙,무인양품,브랜드,20.0,percent,29,1
2026-07-23,e141,living,리빙,무인양품,브랜드,20.0,percent,44,2
2026-07-24,e141,living,리빙,무인양품,브랜드,20.0,percent,19,1
2026-07-25,e141,living,리빙,무인양품,브랜드,20.0,percent,44,2
2026-07-26,e141,living,리빙,무인양품,브랜드,20.0,percent,48,3
2026-07-27,e141,living,리빙,무인양품,브랜드,20.0,percent,35,2
2026-07-28,e141,living,리빙,무인양품,브랜드,20.0,percent,10,0
2026-07-29,e141,living,리빙,무인양품,브랜드,20.0,percent,19,1
2026-07-30,e141,living,리빙,무인양품,브랜드,20.0,percent,18,1
2026-07-31,e141,living,리빙,무인양품,브랜드,20.0,percent,23,1
2026-08-01,e141,living,리빙,무인양품,브랜드,20.0,percent,48,2
2026-08-02,e141,living,리빙,무인양품,브랜드,20.0,percent,22,1
2026-08-03,e141,living,리빙,무인양품,브랜드,20.0,percent,26,1
2026-08-04,e141,living,리빙,무인양품,브랜드,20.0,percent,19,1
2026-08-05,e141,living,리빙,무인양품,브랜드,20.0,percent,16,1
2026-07-20,e105,food,푸드,이디야커피,브랜드,30.0,percent,70,6
2026-07-21,e105,food,푸드,이디야커피,브랜드,30.0,percent,77,7
2026-07-22,e105,food,푸드,이디야커피,브랜드,30.0,percent,63,6
2026-07-23,e105,food,푸드,이디야커피,브랜드,30.0,percent,34,2
2026-07-24,e105,food,푸드,이디야커피,브랜드,30.0,percent,48,4
2026-07-25,e105,food,푸드,이디야커피,브랜드,30.0,percent,79,5
2026-07-26,e105,food,푸드,이디야커피,브랜드,30.0,percent,40,3
2026-07-27,e105,food,푸드,이디야커피,브랜드,30.0,percent,58,5
2026-07-28,e105,food,푸드,이디야커피,브랜드,30.0,percent,22,1
2026-07-29,e105,food,푸드,이디야커피,브랜드,30.0,percent,34,3
2026-07-30,e105,food,푸드,이디야커피,브랜드,30.0,percent,48,4
2026-07-31,e105,food,푸드,이디야커피,브랜드,30.0,percent,32,3
2026-08-01,e105,food,푸드,이디야커피,브랜드,30.0,percent,33,3
2026-08-02,e105,food,푸드,이디야커피,브랜드,30.0,percent,55,3
2026-08-03,e105,food,푸드,이디야커피,브랜드,30.0,percent,45,4
2026-08-04,e105,food,푸드,이디야커피,브랜드,30.0,percent,29,2
2026-08-05,e105,food,푸드,이디야커피,브랜드,30.0,percent,29,3
2026-08-01,e140,living,리빙,이케아,브랜드,,bundle,50,2
2026-08-02,e140,living,리빙,이케아,브랜드,,bundle,69,3
2026-08-03,e140,living,리빙,이케아,브랜드,,bundle,23,1
2026-08-04,e140,living,리빙,이케아,브랜드,,bundle,56,2
2026-08-05,e140,living,리빙,이케아,브랜드,,bundle,32,1
2026-08-06,e140,living,리빙,이케아,브랜드,,bundle,24,1
2026-08-07,e140,living,리빙,이케아,브랜드,,bundle,30,1
2026-08-08,e140,living,리빙,이케아,브랜드,,bundle,43,2
2026-08-09,e140,living,리빙,이케아,브랜드,,bundle,30,2
2026-08-10,e140,living,리빙,이케아,브랜드,,bundle,24,1
2026-08-11,e140,living,리빙,이케아,브랜드,,bundle,16,1
2026-08-12,e140,living,리빙,이케아,브랜드,,bundle,34,1
2026-08-13,e140,living,리빙,이케아,브랜드,,bundle,19,1
2026-08-14,e140,living,리빙,이케아,브랜드,,bundle,14,1
2026-08-15,e140,living,리빙,이케아,브랜드,,bundle,29,1
2026-08-01,e154,popup,팝업,망원동 수제청 공방,브랜드,,bundle,96,6
2026-08-02,e154,popup,팝업,망원동 수제청 공방,브랜드,,bundle,141,12
2026-08-03,e154,popup,팝업,망원동 수제청 공방,브랜드,,bundle,45,3
2026-08-04,e154,popup,팝업,망원동 수제청 공방,브랜드,,bundle,44,3
2026-08-05,e154,popup,팝업,망원동 수제청 공방,브랜드,,bundle,53,4
2026-08-06,e154,popup,팝업,망원동 수제청 공방,브랜드,,bundle,59,3
2026-08-07,e154,popup,팝업,망원동 수제청 공방,브랜드,,bundle,88,6
2026-08-08,e154,popup,팝업,망원동 수제청 공방,브랜드,,bundle,45,3
2026-08-09,e154,popup,팝업,망원동 수제청 공방,브랜드,,bundle,81,5
2026-08-10,e154,popup,팝업,망원동 수제청 공방,브랜드,,bundle,51,4
2026-08-11,e154,popup,팝업,망원동 수제청 공방,브랜드,,bundle,25,2
2026-08-12,e154,popup,팝업,망원동 수제청 공방,브랜드,,bundle,25,1
2026-08-13,e154,popup,팝업,망원동 수제청 공방,브랜드,,bundle,40,3
2026-08-14,e154,popup,팝업,망원동 수제청 공방,브랜드,,bundle,41,3
2026-08-15,e154,popup,팝업,망원동 수제청 공방,브랜드,,bundle,55,3
2026-08-01,e145,living,리빙,까사미아,브랜드,,bundle,75,3
2026-08-02,e145,living,리빙,까사미아,브랜드,,bundle,68,3
2026-08-03,e145,living,리빙,까사미아,브랜드,,bundle,40,2
2026-08-04,e145,living,리빙,까사미아,브랜드,,bundle,40,1
2026-08-05,e145,living,리빙,까사미아,브랜드,,bundle,25,1
2026-08-06,e145,living,리빙,까사미아,브랜드,,bundle,34,1
2026-08-07,e145,living,리빙,까사미아,브랜드,,bundle,59,3
2026-08-08,e145,living,리빙,까사미아,브랜드,,bundle,64,3
2026-08-09,e145,living,리빙,까사미아,브랜드,,bundle,39,2
2026-08-10,e145,living,리빙,까사미아,브랜드,,bundle,18,1
2026-08-11,e145,living,리빙,까사미아,브랜드,,bundle,43,2
2026-08-12,e145,living,리빙,까사미아,브랜드,,bundle,26,1
2026-08-13,e145,living,리빙,까사미아,브랜드,,bundle,44,2
2026-08-14,e145,living,리빙,까사미아,브랜드,,bundle,33,1
2026-08-15,e145,living,리빙,까사미아,브랜드,,bundle,15,1
2026-08-01,e136,living,리빙,일룸,브랜드,35.0,percent,171,6
2026-08-02,e136,living,리빙,일룸,브랜드,35.0,percent,94,4
2026-08-03,e136,living,리빙,일룸,브랜드,35.0,percent,45,2
2026-08-04,e136,living,리빙,일룸,브랜드,35.0,percent,21,1
2026-08-05,e136,living,리빙,일룸,브랜드,35.0,percent,49,2
2026-08-06,e136,living,리빙,일룸,브랜드,35.0,percent,39,2
2026-08-07,e136,living,리빙,일룸,브랜드,35.0,percent,84,4
2026-08-08,e136,living,리빙,일룸,브랜드,35.0,percent,75,4
2026-08-09,e136,living,리빙,일룸,브랜드,35.0,percent,68,4
2026-08-10,e136,living,리빙,일룸,브랜드,35.0,percent,28,1
2026-08-11,e136,living,리빙,일룸,브랜드,35.0,percent,25,1
2026-08-12,e136,living,리빙,일룸,브랜드,35.0,percent,28,2
2026-08-13,e136,living,리빙,일룸,브랜드,35.0,percent,20,1
2026-08-14,e136,living,리빙,일룸,브랜드,35.0,percent,30,1
2026-08-15,e136,living,리빙,일룸,브랜드,35.0,percent,33,1
2026-08-01,e118,delivery,딜리버리,땡겨요,브랜드,70.0,percent,213,12
2026-08-02,e118,delivery,딜리버리,땡겨요,브랜드,70.0,percent,184,7
2026-08-03,e118,delivery,딜리버리,땡겨요,브랜드,70.0,percent,88,3
2026-08-04,e118,delivery,딜리버리,땡겨요,브랜드,70.0,percent,44,2
2026-08-05,e118,delivery,딜리버리,땡겨요,브랜드,70.0,percent,111,5
2026-08-06,e118,delivery,딜리버리,땡겨요,브랜드,70.0,percent,75,4
2026-08-07,e118,delivery,딜리버리,땡겨요,브랜드,70.0,percent,68,4
2026-08-08,e118,delivery,딜리버리,땡겨요,브랜드,70.0,percent,82,5
2026-08-09,e118,delivery,딜리버리,땡겨요,브랜드,70.0,percent,37,2
2026-08-10,e118,delivery,딜리버리,땡겨요,브랜드,70.0,percent,38,2
2026-08-11,e118,delivery,딜리버리,땡겨요,브랜드,70.0,percent,59,3
2026-08-12,e118,delivery,딜리버리,땡겨요,브랜드,70.0,percent,24,2
2026-08-13,e118,delivery,딜리버리,땡겨요,브랜드,70.0,percent,24,1
2026-08-14,e118,delivery,딜리버리,땡겨요,브랜드,70.0,percent,65,2
2026-08-15,e118,delivery,딜리버리,땡겨요,브랜드,70.0,percent,64,3
2026-08-01,e131,stay,스테이,신라스테이,브랜드,40.0,percent,51,2
2026-08-02,e131,stay,스테이,신라스테이,브랜드,40.0,percent,60,2
2026-08-03,e131,stay,스테이,신라스테이,브랜드,40.0,percent,46,2
2026-08-04,e131,stay,스테이,신라스테이,브랜드,40.0,percent,37,1
2026-08-05,e131,stay,스테이,신라스테이,브랜드,40.0,percent,38,1
2026-08-06,e131,stay,스테이,신라스테이,브랜드,40.0,percent,28,1
2026-08-07,e131,stay,스테이,신라스테이,브랜드,40.0,percent,39,1
2026-08-08,e131,stay,스테이,신라스테이,브랜드,40.0,percent,50,2
2026-08-09,e131,stay,스테이,신라스테이,브랜드,40.0,percent,42,1
2026-08-10,e131,stay,스테이,신라스테이,브랜드,40.0,percent,22,1
2026-08-11,e131,stay,스테이,신라스테이,브랜드,40.0,percent,29,1
2026-08-12,e131,stay,스테이,신라스테이,브랜드,40.0,percent,16,1
2026-08-13,e131,stay,스테이,신라스테이,브랜드,40.0,percent,19,1
2026-08-14,e131,stay,스테이,신라스테이,브랜드,40.0,percent,38,1
2026-08-15,e131,stay,스테이,신라스테이,브랜드,40.0,percent,41,2
2026-08-01,e078,fashion,패션,스파오,브랜드,30.0,percent,102,5
2026-08-02,e078,fashion,패션,스파오,브랜드,30.0,percent,70,3
2026-08-03,e078,fashion,패션,스파오,브랜드,30.0,percent,46,2
2026-08-04,e078,fashion,패션,스파오,브랜드,30.0,percent,57,2
2026-08-05,e078,fashion,패션,스파오,브랜드,30.0,percent,51,2
2026-08-06,e078,fashion,패션,스파오,브랜드,30.0,percent,33,2
2026-08-07,e078,fashion,패션,스파오,브랜드,30.0,percent,62,2
2026-08-08,e078,fashion,패션,스파오,브랜드,30.0,percent,48,2
2026-08-09,e078,fashion,패션,스파오,브랜드,30.0,percent,34,2
2026-08-10,e078,fashion,패션,스파오,브랜드,30.0,percent,28,1
2026-08-11,e078,fashion,패션,스파오,브랜드,30.0,percent,30,1
2026-08-12,e078,fashion,패션,스파오,브랜드,30.0,percent,38,3
2026-08-13,e078,fashion,패션,스파오,브랜드,30.0,percent,39,2
2026-08-14,e078,fashion,패션,스파오,브랜드,30.0,percent,36,2
2026-08-15,e078,fashion,패션,스파오,브랜드,30.0,percent,46,3
2026-08-01,e082,fashion,패션,디스커버리 익스페디션,브랜드,,other,103,6
2026-08-02,e082,fashion,패션,디스커버리 익스페디션,브랜드,,other,69,4
2026-08-03,e082,fashion,패션,디스커버리 익스페디션,브랜드,,other,54,4
2026-08-04,e082,fashion,패션,디스커버리 익스페디션,브랜드,,other,25,1
2026-08-05,e082,fashion,패션,디스커버리 익스페디션,브랜드,,other,73,3
2026-08-06,e082,fashion,패션,디스커버리 익스페디션,브랜드,,other,45,2
2026-08-07,e082,fashion,패션,디스커버리 익스페디션,브랜드,,other,56,3
2026-08-08,e082,fashion,패션,디스커버리 익스페디션,브랜드,,other,42,2
2026-08-09,e082,fashion,패션,디스커버리 익스페디션,브랜드,,other,49,3
2026-08-10,e082,fashion,패션,디스커버리 익스페디션,브랜드,,other,36,2
2026-08-11,e082,fashion,패션,디스커버리 익스페디션,브랜드,,other,27,1
2026-08-12,e082,fashion,패션,디스커버리 익스페디션,브랜드,,other,28,2
2026-08-13,e082,fashion,패션,디스커버리 익스페디션,브랜드,,other,20,1
2026-08-14,e082,fashion,패션,디스커버리 익스페디션,브랜드,,other,70,4
2026-08-15,e082,fashion,패션,디스커버리 익스페디션,브랜드,,other,34,2
2026-08-01,e127,stay,스테이,부킹닷컴,브랜드,70.0,percent,86,3
2026-08-02,e127,stay,스테이,부킹닷컴,브랜드,70.0,percent,143,7
2026-08-03,e127,stay,스테이,부킹닷컴,브랜드,70.0,percent,63,3
2026-08-04,e127,stay,스테이,부킹닷컴,브랜드,70.0,percent,56,3
2026-08-05,e127,stay,스테이,부킹닷컴,브랜드,70.0,percent,27,1
2026-08-06,e127,stay,스테이,부킹닷컴,브랜드,70.0,percent,43,1
2026-08-07,e127,stay,스테이,부킹닷컴,브랜드,70.0,percent,29,1
2026-08-08,e127,stay,스테이,부킹닷컴,브랜드,70.0,percent,38,1
2026-08-09,e127,stay,스테이,부킹닷컴,브랜드,70.0,percent,89,3
2026-08-10,e127,stay,스테이,부킹닷컴,브랜드,70.0,percent,22,1
2026-08-11,e127,stay,스테이,부킹닷컴,브랜드,70.0,percent,35,1
2026-08-12,e127,stay,스테이,부킹닷컴,브랜드,70.0,percent,21,1
2026-08-13,e127,stay,스테이,부킹닷컴,브랜드,70.0,percent,23,1
2026-08-14,e127,stay,스테이,부킹닷컴,브랜드,70.0,percent,91,3
2026-08-15,e127,stay,스테이,부킹닷컴,브랜드,70.0,percent,40,2
2026-08-01,e122,delivery,딜리버리,각지역 소상공인 배달,브랜드,,bundle,63,3
2026-08-02,e122,delivery,딜리버리,각지역 소상공인 배달,브랜드,,bundle,101,6
2026-08-03,e122,delivery,딜리버리,각지역 소상공인 배달,브랜드,,bundle,77,3
2026-08-04,e122,delivery,딜리버리,각지역 소상공인 배달,브랜드,,bundle,55,2
2026-08-05,e122,delivery,딜리버리,각지역 소상공인 배달,브랜드,,bundle,38,2
2026-08-06,e122,delivery,딜리버리,각지역 소상공인 배달,브랜드,,bundle,37,2
2026-08-07,e122,delivery,딜리버리,각지역 소상공인 배달,브랜드,,bundle,37,2
2026-08-08,e122,delivery,딜리버리,각지역 소상공인 배달,브랜드,,bundle,33,1
2026-08-09,e122,delivery,딜리버리,각지역 소상공인 배달,브랜드,,bundle,47,2
2026-08-10,e122,delivery,딜리버리,각지역 소상공인 배달,브랜드,,bundle,27,1
2026-08-11,e122,delivery,딜리버리,각지역 소상공인 배달,브랜드,,bundle,17,1
2026-08-12,e122,delivery,딜리버리,각지역 소상공인 배달,브랜드,,bundle,27,1
2026-08-13,e122,delivery,딜리버리,각지역 소상공인 배달,브랜드,,bundle,22,1
2026-08-14,e122,delivery,딜리버리,각지역 소상공인 배달,브랜드,,bundle,37,2
2026-08-15,e122,delivery,딜리버리,각지역 소상공인 배달,브랜드,,bundle,41,2
2026-08-01,e113,tech,테크,로지텍,브랜드,,other,71,3
2026-08-02,e113,tech,테크,로지텍,브랜드,,other,63,2
2026-08-03,e113,tech,테크,로지텍,브랜드,,other,41,2
2026-08-04,e113,tech,테크,로지텍,브랜드,,other,46,2
2026-08-05,e113,tech,테크,로지텍,브랜드,,other,32,2
2026-08-06,e113,tech,테크,로지텍,브랜드,,other,26,1
2026-08-07,e113,tech,테크,로지텍,브랜드,,other,32,2
2026-08-08,e113,tech,테크,로지텍,브랜드,,other,70,4
2026-08-09,e113,tech,테크,로지텍,브랜드,,other,25,1
2026-08-10,e113,tech,테크,로지텍,브랜드,,other,22,1
2026-08-11,e113,tech,테크,로지텍,브랜드,,other,20,1
2026-08-12,e113,tech,테크,로지텍,브랜드,,other,21,1
2026-08-13,e113,tech,테크,로지텍,브랜드,,other,13,1
2026-08-14,e113,tech,테크,로지텍,브랜드,,other,18,1
2026-08-15,e113,tech,테크,로지텍,브랜드,,other,28,1
2026-08-01,e091,beauty,뷰티,3CE,브랜드,15.0,percent,81,4
2026-08-02,e091,beauty,뷰티,3CE,브랜드,15.0,percent,85,6
2026-08-03,e091,beauty,뷰티,3CE,브랜드,15.0,percent,71,6
2026-08-04,e091,beauty,뷰티,3CE,브랜드,15.0,percent,46,3
2026-08-05,e091,beauty,뷰티,3CE,브랜드,15.0,percent,41,2
2026-08-06,e091,beauty,뷰티,3CE,브랜드,15.0,percent,44,2
2026-08-07,e091,beauty,뷰티,3CE,브랜드,15.0,percent,45,3
2026-08-08,e091,beauty,뷰티,3CE,브랜드,15.0,percent,46,4
2026-08-09,e091,beauty,뷰티,3CE,브랜드,15.0,percent,56,4
2026-08-10,e091,beauty,뷰티,3CE,브랜드,15.0,percent,10,1
2026-08-11,e091,beauty,뷰티,3CE,브랜드,15.0,percent,23,2
2026-08-12,e091,beauty,뷰티,3CE,브랜드,15.0,percent,18,1
2026-08-13,e091,beauty,뷰티,3CE,브랜드,15.0,percent,23,1
2026-08-14,e091,beauty,뷰티,3CE,브랜드,15.0,percent,26,1
2026-08-15,e091,beauty,뷰티,3CE,브랜드,15.0,percent,78,6
2026-08-01,e109,tech,테크,필립스,브랜드,20.0,percent,107,4
2026-08-02,e109,tech,테크,필립스,브랜드,20.0,percent,60,2
2026-08-03,e109,tech,테크,필립스,브랜드,20.0,percent,29,2
2026-08-04,e109,tech,테크,필립스,브랜드,20.0,percent,41,2
2026-08-05,e109,tech,테크,필립스,브랜드,20.0,percent,30,1
2026-08-06,e109,tech,테크,필립스,브랜드,20.0,percent,25,1
2026-08-07,e109,tech,테크,필립스,브랜드,20.0,percent,32,1
2026-08-08,e109,tech,테크,필립스,브랜드,20.0,percent,31,1
2026-08-09,e109,tech,테크,필립스,브랜드,20.0,percent,35,2
2026-08-10,e109,tech,테크,필립스,브랜드,20.0,percent,14,0
2026-08-11,e109,tech,테크,필립스,브랜드,20.0,percent,22,1
2026-08-12,e109,tech,테크,필립스,브랜드,20.0,percent,18,1
2026-08-13,e109,tech,테크,필립스,브랜드,20.0,percent,28,1
2026-08-14,e109,tech,테크,필립스,브랜드,20.0,percent,36,1
2026-08-15,e109,tech,테크,필립스,브랜드,20.0,percent,46,2
2026-08-01,e104,food,푸드,할리스,브랜드,50.0,percent,357,34
2026-08-02,e104,food,푸드,할리스,브랜드,50.0,percent,262,18
2026-08-03,e104,food,푸드,할리스,브랜드,50.0,percent,125,12
2026-08-04,e104,food,푸드,할리스,브랜드,50.0,percent,88,7
2026-08-05,e104,food,푸드,할리스,브랜드,50.0,percent,43,3
2026-08-06,e104,food,푸드,할리스,브랜드,50.0,percent,29,2
2026-08-07,e104,food,푸드,할리스,브랜드,50.0,percent,96,6
2026-08-08,e104,food,푸드,할리스,브랜드,50.0,percent,56,5
2026-08-09,e104,food,푸드,할리스,브랜드,50.0,percent,184,12
2026-08-10,e104,food,푸드,할리스,브랜드,50.0,percent,28,2
2026-08-11,e104,food,푸드,할리스,브랜드,50.0,percent,55,3
2026-08-12,e104,food,푸드,할리스,브랜드,50.0,percent,46,4
2026-08-13,e104,food,푸드,할리스,브랜드,50.0,percent,28,2
2026-08-14,e104,food,푸드,할리스,브랜드,50.0,percent,56,4
2026-08-15,e104,food,푸드,할리스,브랜드,50.0,percent,48,3
2026-08-01,e159,popup,팝업,이태원 글로벌 푸드팝업,브랜드,25.0,percent,115,10
2026-08-02,e159,popup,팝업,이태원 글로벌 푸드팝업,브랜드,25.0,percent,92,8
2026-08-03,e159,popup,팝업,이태원 글로벌 푸드팝업,브랜드,25.0,percent,47,4
2026-08-04,e159,popup,팝업,이태원 글로벌 푸드팝업,브랜드,25.0,percent,44,4
2026-08-05,e159,popup,팝업,이태원 글로벌 푸드팝업,브랜드,25.0,percent,36,2
2026-08-06,e159,popup,팝업,이태원 글로벌 푸드팝업,브랜드,25.0,percent,26,1
2026-08-07,e159,popup,팝업,이태원 글로벌 푸드팝업,브랜드,25.0,percent,53,3
2026-08-08,e159,popup,팝업,이태원 글로벌 푸드팝업,브랜드,25.0,percent,91,7
2026-08-09,e159,popup,팝업,이태원 글로벌 푸드팝업,브랜드,25.0,percent,39,3
2026-08-10,e159,popup,팝업,이태원 글로벌 푸드팝업,브랜드,25.0,percent,67,5
2026-08-11,e159,popup,팝업,이태원 글로벌 푸드팝업,브랜드,25.0,percent,66,4
2026-08-12,e159,popup,팝업,이태원 글로벌 푸드팝업,브랜드,25.0,percent,28,2
2026-08-13,e159,popup,팝업,이태원 글로벌 푸드팝업,브랜드,25.0,percent,31,2
2026-08-14,e159,popup,팝업,이태원 글로벌 푸드팝업,브랜드,25.0,percent,35,2
2026-08-15,e159,popup,팝업,이태원 글로벌 푸드팝업,브랜드,25.0,percent,32,3
2026-08-05,e156,popup,팝업,합정 빈티지숍,소상공인,30.0,percent,66,5
2026-08-06,e156,popup,팝업,합정 빈티지숍,소상공인,30.0,percent,58,4
2026-08-07,e156,popup,팝업,합정 빈티지숍,소상공인,30.0,percent,70,6
2026-08-08,e156,popup,팝업,합정 빈티지숍,소상공인,30.0,percent,74,4
2026-08-09,e156,popup,팝업,합정 빈티지숍,소상공인,30.0,percent,40,3
2026-08-10,e156,popup,팝업,합정 빈티지숍,소상공인,30.0,percent,48,3
2026-08-11,e156,popup,팝업,합정 빈티지숍,소상공인,30.0,percent,32,2
2026-08-12,e156,popup,팝업,합정 빈티지숍,소상공인,30.0,percent,24,2
2026-08-13,e156,popup,팝업,합정 빈티지숍,소상공인,30.0,percent,31,2
2026-08-14,e156,popup,팝업,합정 빈티지숍,소상공인,30.0,percent,42,3
2026-08-15,e156,popup,팝업,합정 빈티지숍,소상공인,30.0,percent,77,6
2026-08-16,e156,popup,팝업,합정 빈티지숍,소상공인,30.0,percent,65,4
2026-08-17,e156,popup,팝업,합정 빈티지숍,소상공인,30.0,percent,24,2
2026-08-18,e156,popup,팝업,합정 빈티지숍,소상공인,30.0,percent,25,2
2026-08-19,e156,popup,팝업,합정 빈티지숍,소상공인,30.0,percent,21,2
2026-08-20,e156,popup,팝업,합정 빈티지숍,소상공인,30.0,percent,32,2
2026-08-05,e084,fashion,패션,반스,브랜드,20.0,percent,56,3
2026-08-06,e084,fashion,패션,반스,브랜드,20.0,percent,56,4
2026-08-07,e084,fashion,패션,반스,브랜드,20.0,percent,91,4
2026-08-08,e084,fashion,패션,반스,브랜드,20.0,percent,44,2
2026-08-09,e084,fashion,패션,반스,브랜드,20.0,percent,89,6
2026-08-10,e084,fashion,패션,반스,브랜드,20.0,percent,42,2
2026-08-11,e084,fashion,패션,반스,브랜드,20.0,percent,50,3
2026-08-12,e084,fashion,패션,반스,브랜드,20.0,percent,41,2
2026-08-13,e084,fashion,패션,반스,브랜드,20.0,percent,44,3
2026-08-14,e084,fashion,패션,반스,브랜드,20.0,percent,37,3
2026-08-15,e084,fashion,패션,반스,브랜드,20.0,percent,29,2
2026-08-16,e084,fashion,패션,반스,브랜드,20.0,percent,31,2
2026-08-17,e084,fashion,패션,반스,브랜드,20.0,percent,20,1
2026-08-18,e084,fashion,패션,반스,브랜드,20.0,percent,13,1
2026-08-19,e084,fashion,패션,반스,브랜드,20.0,percent,37,2
2026-08-20,e084,fashion,패션,반스,브랜드,20.0,percent,26,1
2026-08-05,e089,beauty,뷰티,클리오,브랜드,15.0,percent,49,3
2026-08-06,e089,beauty,뷰티,클리오,브랜드,15.0,percent,122,7
2026-08-07,e089,beauty,뷰티,클리오,브랜드,15.0,percent,155,8
2026-08-08,e089,beauty,뷰티,클리오,브랜드,15.0,percent,42,3
2026-08-09,e089,beauty,뷰티,클리오,브랜드,15.0,percent,51,3
2026-08-10,e089,beauty,뷰티,클리오,브랜드,15.0,percent,33,2
2026-08-11,e089,beauty,뷰티,클리오,브랜드,15.0,percent,23,1
2026-08-12,e089,beauty,뷰티,클리오,브랜드,15.0,percent,44,2
2026-08-13,e089,beauty,뷰티,클리오,브랜드,15.0,percent,16,1
2026-08-14,e089,beauty,뷰티,클리오,브랜드,15.0,percent,67,4
2026-08-15,e089,beauty,뷰티,클리오,브랜드,15.0,percent,42,2
2026-08-16,e089,beauty,뷰티,클리오,브랜드,15.0,percent,74,4
2026-08-17,e089,beauty,뷰티,클리오,브랜드,15.0,percent,26,2
2026-08-18,e089,beauty,뷰티,클리오,브랜드,15.0,percent,22,2
2026-08-19,e089,beauty,뷰티,클리오,브랜드,15.0,percent,15,1
2026-08-20,e089,beauty,뷰티,클리오,브랜드,15.0,percent,39,2
2026-08-05,e093,beauty,뷰티,아누아,소상공인,25.0,percent,123,9
2026-08-06,e093,beauty,뷰티,아누아,소상공인,25.0,percent,104,8
2026-08-07,e093,beauty,뷰티,아누아,소상공인,25.0,percent,34,2
2026-08-08,e093,beauty,뷰티,아누아,소상공인,25.0,percent,102,5
2026-08-09,e093,beauty,뷰티,아누아,소상공인,25.0,percent,46,4
2026-08-10,e093,beauty,뷰티,아누아,소상공인,25.0,percent,33,2
2026-08-11,e093,beauty,뷰티,아누아,소상공인,25.0,percent,26,1
2026-08-12,e093,beauty,뷰티,아누아,소상공인,25.0,percent,24,2
2026-08-13,e093,beauty,뷰티,아누아,소상공인,25.0,percent,28,2
2026-08-14,e093,beauty,뷰티,아누아,소상공인,25.0,percent,25,2
2026-08-15,e093,beauty,뷰티,아누아,소상공인,25.0,percent,64,5
2026-08-16,e093,beauty,뷰티,아누아,소상공인,25.0,percent,46,2
2026-08-17,e093,beauty,뷰티,아누아,소상공인,25.0,percent,27,2
2026-08-18,e093,beauty,뷰티,아누아,소상공인,25.0,percent,20,1
2026-08-19,e093,beauty,뷰티,아누아,소상공인,25.0,percent,20,1
2026-08-20,e093,beauty,뷰티,아누아,소상공인,25.0,percent,30,2
2026-08-05,e151,popup,팝업,성수 로컬 소품샵,브랜드,55.0,percent,115,10
2026-08-06,e151,popup,팝업,성수 로컬 소품샵,브랜드,55.0,percent,143,12
2026-08-07,e151,popup,팝업,성수 로컬 소품샵,브랜드,55.0,percent,203,18
2026-08-08,e151,popup,팝업,성수 로컬 소품샵,브랜드,55.0,percent,88,6
2026-08-09,e151,popup,팝업,성수 로컬 소품샵,브랜드,55.0,percent,71,5
2026-08-10,e151,popup,팝업,성수 로컬 소품샵,브랜드,55.0,percent,73,6
2026-08-11,e151,popup,팝업,성수 로컬 소품샵,브랜드,55.0,percent,69,4
2026-08-12,e151,popup,팝업,성수 로컬 소품샵,브랜드,55.0,percent,119,10
2026-08-13,e151,popup,팝업,성수 로컬 소품샵,브랜드,55.0,percent,29,2
2026-08-14,e151,popup,팝업,성수 로컬 소품샵,브랜드,55.0,percent,98,8
2026-08-15,e151,popup,팝업,성수 로컬 소품샵,브랜드,55.0,percent,70,5
2026-08-16,e151,popup,팝업,성수 로컬 소품샵,브랜드,55.0,percent,51,3
2026-08-17,e151,popup,팝업,성수 로컬 소품샵,브랜드,55.0,percent,49,3
2026-08-18,e151,popup,팝업,성수 로컬 소품샵,브랜드,55.0,percent,45,3
2026-08-19,e151,popup,팝업,성수 로컬 소품샵,브랜드,55.0,percent,35,3
2026-08-20,e151,popup,팝업,성수 로컬 소품샵,브랜드,55.0,percent,25,2
2026-08-05,e106,tech,테크,삼성전자,브랜드,,other,90,4
2026-08-06,e106,tech,테크,삼성전자,브랜드,,other,38,1
2026-08-07,e106,tech,테크,삼성전자,브랜드,,other,39,1
2026-08-08,e106,tech,테크,삼성전자,브랜드,,other,44,1
2026-08-09,e106,tech,테크,삼성전자,브랜드,,other,60,3
2026-08-10,e106,tech,테크,삼성전자,브랜드,,other,26,1
2026-08-11,e106,tech,테크,삼성전자,브랜드,,other,21,1
2026-08-12,e106,tech,테크,삼성전자,브랜드,,other,30,1
2026-08-13,e106,tech,테크,삼성전자,브랜드,,other,28,2
2026-08-14,e106,tech,테크,삼성전자,브랜드,,other,25,1
2026-08-15,e106,tech,테크,삼성전자,브랜드,,other,20,1
2026-08-16,e106,tech,테크,삼성전자,브랜드,,other,41,1
2026-08-17,e106,tech,테크,삼성전자,브랜드,,other,24,1
2026-08-18,e106,tech,테크,삼성전자,브랜드,,other,10,0
2026-08-19,e106,tech,테크,삼성전자,브랜드,,other,37,2
2026-08-20,e106,tech,테크,삼성전자,브랜드,,other,11,0
2026-08-05,e147,popup,팝업,젠틀몬스터,브랜드,,bundle,64,5
2026-08-06,e147,popup,팝업,젠틀몬스터,브랜드,,bundle,60,3
2026-08-07,e147,popup,팝업,젠틀몬스터,브랜드,,bundle,67,5
2026-08-08,e147,popup,팝업,젠틀몬스터,브랜드,,bundle,69,3
2026-08-09,e147,popup,팝업,젠틀몬스터,브랜드,,bundle,46,3
2026-08-10,e147,popup,팝업,젠틀몬스터,브랜드,,bundle,49,3
2026-08-11,e147,popup,팝업,젠틀몬스터,브랜드,,bundle,57,5
2026-08-12,e147,popup,팝업,젠틀몬스터,브랜드,,bundle,42,3
2026-08-13,e147,popup,팝업,젠틀몬스터,브랜드,,bundle,45,4
2026-08-14,e147,popup,팝업,젠틀몬스터,브랜드,,bundle,42,3
2026-08-15,e147,popup,팝업,젠틀몬스터,브랜드,,bundle,55,3
2026-08-16,e147,popup,팝업,젠틀몬스터,브랜드,,bundle,55,3
2026-08-17,e147,popup,팝업,젠틀몬스터,브랜드,,bundle,43,2
2026-08-18,e147,popup,팝업,젠틀몬스터,브랜드,,bundle,25,2
2026-08-19,e147,popup,팝업,젠틀몬스터,브랜드,,bundle,25,2
2026-08-20,e147,popup,팝업,젠틀몬스터,브랜드,,bundle,16,1
2026-08-05,e110,tech,테크,JBL,브랜드,45.0,percent,123,4
2026-08-06,e110,tech,테크,JBL,브랜드,45.0,percent,109,5
2026-08-07,e110,tech,테크,JBL,브랜드,45.0,percent,58,2
2026-08-08,e110,tech,테크,JBL,브랜드,45.0,percent,62,3
2026-08-09,e110,tech,테크,JBL,브랜드,45.0,percent,89,5
2026-08-10,e110,tech,테크,JBL,브랜드,45.0,percent,23,1
2026-08-11,e110,tech,테크,JBL,브랜드,45.0,percent,22,1
2026-08-12,e110,tech,테크,JBL,브랜드,45.0,percent,52,2
2026-08-13,e110,tech,테크,JBL,브랜드,45.0,percent,27,1
2026-08-14,e110,tech,테크,JBL,브랜드,45.0,percent,24,1
2026-08-15,e110,tech,테크,JBL,브랜드,45.0,percent,46,3
2026-08-16,e110,tech,테크,JBL,브랜드,45.0,percent,28,1
2026-08-17,e110,tech,테크,JBL,브랜드,45.0,percent,41,2
2026-08-18,e110,tech,테크,JBL,브랜드,45.0,percent,24,1
2026-08-19,e110,tech,테크,JBL,브랜드,45.0,percent,19,1
2026-08-20,e110,tech,테크,JBL,브랜드,45.0,percent,21,1
2026-08-05,e115,tech,테크,벤큐,브랜드,45.0,percent,71,3
2026-08-06,e115,tech,테크,벤큐,브랜드,45.0,percent,52,3
2026-08-07,e115,tech,테크,벤큐,브랜드,45.0,percent,53,3
2026-08-08,e115,tech,테크,벤큐,브랜드,45.0,percent,80,3
2026-08-09,e115,tech,테크,벤큐,브랜드,45.0,percent,89,4
2026-08-10,e115,tech,테크,벤큐,브랜드,45.0,percent,42,2
2026-08-11,e115,tech,테크,벤큐,브랜드,45.0,percent,23,1
2026-08-12,e115,tech,테크,벤큐,브랜드,45.0,percent,21,1
2026-08-13,e115,tech,테크,벤큐,브랜드,45.0,percent,38,2
2026-08-14,e115,tech,테크,벤큐,브랜드,45.0,percent,42,2
2026-08-15,e115,tech,테크,벤큐,브랜드,45.0,percent,34,1
2026-08-16,e115,tech,테크,벤큐,브랜드,45.0,percent,33,2
2026-08-17,e115,tech,테크,벤큐,브랜드,45.0,percent,20,1
2026-08-18,e115,tech,테크,벤큐,브랜드,45.0,percent,16,1
2026-08-19,e115,tech,테크,벤큐,브랜드,45.0,percent,20,1
2026-08-20,e115,tech,테크,벤큐,브랜드,45.0,percent,11,0
2026-08-05,e142,living,리빙,자주,소상공인,,bundle,73,4
2026-08-06,e142,living,리빙,자주,소상공인,,bundle,28,1
2026-08-07,e142,living,리빙,자주,소상공인,,bundle,46,2
2026-08-08,e142,living,리빙,자주,소상공인,,bundle,24,1
2026-08-09,e142,living,리빙,자주,소상공인,,bundle,49,3
2026-08-10,e142,living,리빙,자주,소상공인,,bundle,36,1
2026-08-11,e142,living,리빙,자주,소상공인,,bundle,24,1
2026-08-12,e142,living,리빙,자주,소상공인,,bundle,22,1
2026-08-13,e142,living,리빙,자주,소상공인,,bundle,18,1
2026-08-14,e142,living,리빙,자주,소상공인,,bundle,40,1
2026-08-15,e142,living,리빙,자주,소상공인,,bundle,18,1
2026-08-16,e142,living,리빙,자주,소상공인,,bundle,24,1
2026-08-17,e142,living,리빙,자주,소상공인,,bundle,15,1
2026-08-18,e142,living,리빙,자주,소상공인,,bundle,14,1
2026-08-19,e142,living,리빙,자주,소상공인,,bundle,28,1
2026-08-20,e142,living,리빙,자주,소상공인,,bundle,19,1
2026-08-05,e124,delivery,딜리버리,경기배달특급,브랜드,40.0,percent,58,3
2026-08-06,e124,delivery,딜리버리,경기배달특급,브랜드,40.0,percent,74,4
2026-08-07,e124,delivery,딜리버리,경기배달특급,브랜드,40.0,percent,76,3
2026-08-08,e124,delivery,딜리버리,경기배달특급,브랜드,40.0,percent,99,6
2026-08-09,e124,delivery,딜리버리,경기배달특급,브랜드,40.0,percent,71,5
2026-08-10,e124,delivery,딜리버리,경기배달특급,브랜드,40.0,percent,39,2
2026-08-11,e124,delivery,딜리버리,경기배달특급,브랜드,40.0,percent,35,2
2026-08-12,e124,delivery,딜리버리,경기배달특급,브랜드,40.0,percent,21,1
2026-08-13,e124,delivery,딜리버리,경기배달특급,브랜드,40.0,percent,40,2
2026-08-14,e124,delivery,딜리버리,경기배달특급,브랜드,40.0,percent,30,2
2026-08-15,e124,delivery,딜리버리,경기배달특급,브랜드,40.0,percent,50,3
2026-08-16,e124,delivery,딜리버리,경기배달특급,브랜드,40.0,percent,72,3
2026-08-17,e124,delivery,딜리버리,경기배달특급,브랜드,40.0,percent,30,1
2026-08-18,e124,delivery,딜리버리,경기배달특급,브랜드,40.0,percent,24,1
2026-08-19,e124,delivery,딜리버리,경기배달특급,브랜드,40.0,percent,25,1
2026-08-20,e124,delivery,딜리버리,경기배달특급,브랜드,40.0,percent,34,2
2026-08-05,e138,living,리빙,에이스침대,브랜드,20.0,percent,54,3
2026-08-06,e138,living,리빙,에이스침대,브랜드,20.0,percent,58,3
2026-08-07,e138,living,리빙,에이스침대,브랜드,20.0,percent,40,1
2026-08-08,e138,living,리빙,에이스침대,브랜드,20.0,percent,48,2
2026-08-09,e138,living,리빙,에이스침대,브랜드,20.0,percent,56,2
2026-08-10,e138,living,리빙,에이스침대,브랜드,20.0,percent,38,1
2026-08-11,e138,living,리빙,에이스침대,브랜드,20.0,percent,34,1
2026-08-12,e138,living,리빙,에이스침대,브랜드,20.0,percent,31,2
2026-08-13,e138,living,리빙,에이스침대,브랜드,20.0,percent,32,1
2026-08-14,e138,living,리빙,에이스침대,브랜드,20.0,percent,31,2
2026-08-15,e138,living,리빙,에이스침대,브랜드,20.0,percent,20,1
2026-08-16,e138,living,리빙,에이스침대,브랜드,20.0,percent,19,1
2026-08-17,e138,living,리빙,에이스침대,브랜드,20.0,percent,21,1
2026-08-18,e138,living,리빙,에이스침대,브랜드,20.0,percent,20,1
2026-08-19,e138,living,리빙,에이스침대,브랜드,20.0,percent,15,1
2026-08-20,e138,living,리빙,에이스침대,브랜드,20.0,percent,16,1
2026-08-05,e129,stay,스테이,메리어트,브랜드,50.0,percent,58,2
2026-08-06,e129,stay,스테이,메리어트,브랜드,50.0,percent,117,5
2026-08-07,e129,stay,스테이,메리어트,브랜드,50.0,percent,41,1
2026-08-08,e129,stay,스테이,메리어트,브랜드,50.0,percent,52,2
2026-08-09,e129,stay,스테이,메리어트,브랜드,50.0,percent,68,2
2026-08-10,e129,stay,스테이,메리어트,브랜드,50.0,percent,42,2
2026-08-11,e129,stay,스테이,메리어트,브랜드,50.0,percent,32,1
2026-08-12,e129,stay,스테이,메리어트,브랜드,50.0,percent,16,1
2026-08-13,e129,stay,스테이,메리어트,브랜드,50.0,percent,26,1
2026-08-14,e129,stay,스테이,메리어트,브랜드,50.0,percent,63,3
2026-08-15,e129,stay,스테이,메리어트,브랜드,50.0,percent,29,1
2026-08-16,e129,stay,스테이,메리어트,브랜드,50.0,percent,26,1
2026-08-17,e129,stay,스테이,메리어트,브랜드,50.0,percent,41,1
2026-08-18,e129,stay,스테이,메리어트,브랜드,50.0,percent,22,1
2026-08-19,e129,stay,스테이,메리어트,브랜드,50.0,percent,13,0
2026-08-20,e129,stay,스테이,메리어트,브랜드,50.0,percent,17,1
2026-08-05,e133,stay,스테이,한화리조트,브랜드,35.0,percent,43,2
2026-08-06,e133,stay,스테이,한화리조트,브랜드,35.0,percent,52,1
2026-08-07,e133,stay,스테이,한화리조트,브랜드,35.0,percent,47,1
2026-08-08,e133,stay,스테이,한화리조트,브랜드,35.0,percent,39,2
2026-08-09,e133,stay,스테이,한화리조트,브랜드,35.0,percent,41,1
2026-08-10,e133,stay,스테이,한화리조트,브랜드,35.0,percent,22,1
2026-08-11,e133,stay,스테이,한화리조트,브랜드,35.0,percent,49,2
2026-08-12,e133,stay,스테이,한화리조트,브랜드,35.0,percent,17,1
2026-08-13,e133,stay,스테이,한화리조트,브랜드,35.0,percent,21,1
2026-08-14,e133,stay,스테이,한화리조트,브랜드,35.0,percent,24,1
2026-08-15,e133,stay,스테이,한화리조트,브랜드,35.0,percent,27,1
2026-08-16,e133,stay,스테이,한화리조트,브랜드,35.0,percent,21,1
2026-08-17,e133,stay,스테이,한화리조트,브랜드,35.0,percent,35,2
2026-08-18,e133,stay,스테이,한화리조트,브랜드,35.0,percent,43,1
2026-08-19,e133,stay,스테이,한화리조트,브랜드,35.0,percent,23,1
2026-08-20,e133,stay,스테이,한화리조트,브랜드,35.0,percent,23,1
2026-08-05,e160,popup,팝업,선릉 오피스 간식팝업,브랜드,35.0,percent,52,3
2026-08-06,e160,popup,팝업,선릉 오피스 간식팝업,브랜드,35.0,percent,129,8
2026-08-07,e160,popup,팝업,선릉 오피스 간식팝업,브랜드,35.0,percent,64,3
2026-08-08,e160,popup,팝업,선릉 오피스 간식팝업,브랜드,35.0,percent,50,3
2026-08-09,e160,popup,팝업,선릉 오피스 간식팝업,브랜드,35.0,percent,88,5
2026-08-10,e160,popup,팝업,선릉 오피스 간식팝업,브랜드,35.0,percent,70,6
2026-08-11,e160,popup,팝업,선릉 오피스 간식팝업,브랜드,35.0,percent,68,5
2026-08-12,e160,popup,팝업,선릉 오피스 간식팝업,브랜드,35.0,percent,36,2
2026-08-13,e160,popup,팝업,선릉 오피스 간식팝업,브랜드,35.0,percent,35,3
2026-08-14,e160,popup,팝업,선릉 오피스 간식팝업,브랜드,35.0,percent,52,3
2026-08-15,e160,popup,팝업,선릉 오피스 간식팝업,브랜드,35.0,percent,51,3
2026-08-16,e160,popup,팝업,선릉 오피스 간식팝업,브랜드,35.0,percent,61,6
2026-08-17,e160,popup,팝업,선릉 오피스 간식팝업,브랜드,35.0,percent,38,3
2026-08-18,e160,popup,팝업,선릉 오피스 간식팝업,브랜드,35.0,percent,17,2
2026-08-19,e160,popup,팝업,선릉 오피스 간식팝업,브랜드,35.0,percent,25,1
2026-08-20,e160,popup,팝업,선릉 오피스 간식팝업,브랜드,35.0,percent,58,5
